Transaction_ID,Customer_ID,Product_Category,Product_Name,City,Quantity,Price,Discount,Payment_Method,Order_Status
TXN000001,CUST2620,Books,Machine Learning Basics,Bengaluru,9,36408.41,20,Debit Card,Delivered
TXN000002,CUST0457,Sports,Cricket Bat,Hyderabad,5,31239.78,5,Cash on Delivery,Delivered
TXN000003,CUST0103,Home & Kitchen,Mixer,Pune,8,12026.98,25,UPI,Delivered
TXN000004,CUST1127,Sports,Dumbbells,Mumbai,5,30177.86,5,Credit Card,Delivered
TXN000005,CUST1004,Sports,Dumbbells,Delhi,2,32404.14,5,Cash on Delivery,Delivered
TXN000006,CUST0915,Clothing,Shoes,Kochi,4,26176.24,20,Debit Card,Cancelled
TXN000007,CUST0572,Home & Kitchen,Vacuum Cleaner,Mumbai,2,26115.56,15,UPI,Pending
TXN000008,CUST0420,Home & Kitchen,Mixer,Pune,7,18550.42,15,Debit Card,Delivered
TXN000009,CUST2772,Home & Kitchen,Table Lamp,Mumbai,7,6257.38,25,UPI,Shipped
TXN000010,CUST2234,Sports,Dumbbells,Kochi,3,19335.64,25,Cash on Delivery,Cancelled
TXN000011,CUST0357,Books,Novel,Delhi,7,17332.18,10,Credit Card,Delivered
TXN000012,CUST2419,Home & Kitchen,Table Lamp,Mumbai,1,29639.43,10,Debit Card,Delivered
TXN000013,CUST1729,Sports,Football,Delhi,1,42827.38,5,UPI,Delivered
TXN000014,CUST0131,Clothing,T-Shirt,Pune,9,18831.22,20,UPI,Pending
TXN000015,CUST0123,Books,Python Programming,Delhi,6,35515.79,25,Credit Card,Delivered
TXN000016,CUST0384,Clothing,Shoes,Hyderabad,5,40610.34,0,Debit Card,Delivered
TXN000017,CUST0896,Books,Machine Learning Basics,Hyderabad,6,10666.4,15,Cash on Delivery,Delivered
TXN000018,CUST0953,Sports,Cricket Bat,Delhi,6,45092.34,20,Cash on Delivery,Delivered
TXN000019,CUST2070,Electronics,Headphones,Bengaluru,1,3615.2,25,Debit Card,Shipped
TXN000020,CUST2466,Books,Novel,Coimbatore,5,45095.8,10,Credit Card,Shipped
TXN000021,CUST0109,Clothing,Shoes,Bengaluru,9,8265.28,25,Credit Card,Delivered
TXN000022,CUST2299,Sports,Cricket Bat,Delhi,4,16924.76,15,Credit Card,Delivered
TXN000023,CUST0815,Books,Novel,Coimbatore,3,30301.24,25,UPI,Delivered
TXN000024,CUST2933,Electronics,Headphones,Hyderabad,1,45293.6,15,UPI,Delivered
TXN000025,CUST2662,Electronics,Smartwatch,Coimbatore,2,12859.5,20,Credit Card,Delivered
TXN000026,CUST2873,Home & Kitchen,Table Lamp,Delhi,3,38202.34,25,Debit Card,Pending
TXN000027,CUST2233,Home & Kitchen,Mixer,Hyderabad,4,35550.75,25,Cash on Delivery,Delivered
TXN000028,CUST1719,Clothing,Jeans,Coimbatore,7,8069.47,10,UPI,Delivered
TXN000029,CUST0903,Books,Machine Learning Basics,Coimbatore,6,24025.25,20,Credit Card,Delivered
TXN000030,CUST1840,Books,Data Science Guide,Bengaluru,8,24127.1,0,UPI,Delivered
TXN000031,CUST2414,Home & Kitchen,Table Lamp,Coimbatore,9,15300.13,15,UPI,Delivered
TXN000032,CUST1140,Books,Machine Learning Basics,Pune,6,39018.07,20,Credit Card,Delivered
TXN000033,CUST0027,Books,Novel,Delhi,7,46304.1,20,Debit Card,Delivered
TXN000034,CUST0654,Electronics,Laptop,Chennai,4,35856.97,0,Cash on Delivery,Cancelled
TXN000035,CUST2860,Home & Kitchen,Cookware Set,Chennai,2,48650.44,20,Debit Card,Delivered
TXN000036,CUST1732,Sports,Yoga Mat,Chennai,9,2618.38,15,UPI,Delivered
TXN000037,CUST1394,Home & Kitchen,Table Lamp,Delhi,9,1957.41,5,Debit Card,Shipped
TXN000038,CUST1139,Sports,Football,Chennai,4,44703.55,5,Debit Card,Delivered
TXN000039,CUST0637,Electronics,Headphones,Bengaluru,3,44900.24,10,Cash on Delivery,Delivered
TXN000040,CUST0882,Clothing,Shoes,Delhi,10,5445.33,0,Credit Card,Delivered
TXN000041,CUST1379,Books,Novel,Pune,6,17936.56,10,Credit Card,Cancelled
TXN000042,CUST0419,Electronics,Headphones,Hyderabad,3,41786.19,5,Credit Card,Delivered
TXN000043,CUST0380,Books,Novel,Pune,1,6514.18,0,Debit Card,Delivered
TXN000044,CUST1557,Clothing,Jeans,Delhi,4,13444.66,20,Debit Card,Delivered
TXN000045,CUST0397,Clothing,Jeans,Delhi,1,34081.7,20,Cash on Delivery,Delivered
TXN000046,CUST1471,Electronics,Headphones,Coimbatore,2,49096.76,15,Credit Card,Delivered
TXN000047,CUST1409,Clothing,T-Shirt,Coimbatore,3,39877.23,25,Cash on Delivery,Pending
TXN000048,CUST2473,Sports,Dumbbells,Coimbatore,8,38888.15,5,Cash on Delivery,Delivered
TXN000049,CUST1084,Clothing,Jeans,Kochi,10,17198.87,20,Debit Card,Delivered
TXN000050,CUST0178,Books,Data Science Guide,Kochi,4,33101.02,0,Credit Card,Delivered
TXN000051,CUST2989,Books,Data Science Guide,Mumbai,4,5743.11,25,UPI,Delivered
TXN000052,CUST1882,Books,Data Science Guide,Kochi,10,49614.12,25,UPI,Delivered
TXN000053,CUST2197,Books,Novel,Bengaluru,9,24081.16,20,Debit Card,Delivered
TXN000054,CUST0512,Sports,Cricket Bat,Delhi,7,31976.51,10,Debit Card,Shipped
TXN000055,CUST1551,Home & Kitchen,Table Lamp,Pune,2,43820.98,10,Debit Card,Cancelled
TXN000056,CUST0323,Electronics,Smartwatch,Delhi,3,148.15,10,Debit Card,Delivered
TXN000057,CUST2262,Books,Machine Learning Basics,Coimbatore,4,48801.52,25,UPI,Delivered
TXN000058,CUST1201,Clothing,Jeans,Delhi,4,18022.05,10,Credit Card,Delivered
TXN000059,CUST2575,Books,Data Science Guide,Hyderabad,10,17045.58,10,Cash on Delivery,Shipped
TXN000060,CUST2534,Clothing,T-Shirt,Kochi,8,7338.66,25,UPI,Pending
TXN000061,CUST1482,Clothing,T-Shirt,Delhi,10,42923.4,15,Credit Card,Delivered
TXN000062,CUST2365,Books,Machine Learning Basics,Pune,10,43554.89,10,Debit Card,Delivered
TXN000063,CUST0788,Sports,Yoga Mat,Chennai,6,1097.45,15,Cash on Delivery,Pending
TXN000064,CUST2886,Clothing,Jacket,Hyderabad,3,2880.69,15,Credit Card,Delivered
TXN000065,CUST0285,Clothing,Jeans,Hyderabad,9,45925.25,20,Credit Card,Shipped
TXN000066,CUST0188,Books,Data Science Guide,Delhi,10,6231.12,25,Cash on Delivery,Shipped
TXN000067,CUST2709,Clothing,T-Shirt,Mumbai,8,31084.28,0,Credit Card,Pending
TXN000068,CUST0934,Clothing,T-Shirt,Coimbatore,9,31020.56,10,Credit Card,Delivered
TXN000069,CUST1186,Books,Machine Learning Basics,Bengaluru,5,43499.54,0,Cash on Delivery,Delivered
TXN000070,CUST0327,Books,Novel,Bengaluru,3,28675.44,5,Cash on Delivery,Delivered
TXN000071,CUST0954,Electronics,Smartphone,Chennai,4,21757.17,15,UPI,Pending
TXN000072,CUST0414,Sports,Football,Bengaluru,5,48721.6,5,Debit Card,Delivered
TXN000073,CUST1557,Sports,Cricket Bat,Bengaluru,9,11517.89,15,Debit Card,Delivered
TXN000074,CUST1139,Clothing,Jeans,Coimbatore,9,13209.63,10,Credit Card,Delivered
TXN000075,CUST1858,Sports,Dumbbells,Kochi,3,4330.01,5,Debit Card,Delivered
TXN000076,CUST2604,Clothing,Jacket,Coimbatore,7,48768.31,25,UPI,Shipped
TXN000077,CUST1495,Electronics,Headphones,Mumbai,6,35347.37,20,Credit Card,Shipped
TXN000078,CUST0667,Books,Machine Learning Basics,Pune,4,703.64,5,Debit Card,Pending
TXN000079,CUST1517,Books,Python Programming,Chennai,5,35245.27,15,Debit Card,Shipped
TXN000080,CUST1456,Books,Machine Learning Basics,Bengaluru,10,20266.39,25,Credit Card,Delivered
TXN000081,CUST0859,Sports,Football,Mumbai,2,48380.73,15,Cash on Delivery,Delivered
TXN000082,CUST2746,Electronics,Smartphone,Chennai,7,13941.64,0,UPI,Delivered
TXN000083,CUST1094,Sports,Cricket Bat,Hyderabad,4,35543.29,5,Credit Card,Delivered
TXN000084,CUST2875,Sports,Dumbbells,Bengaluru,2,31408.96,20,Credit Card,Delivered
TXN000085,CUST2800,Electronics,Smartwatch,Bengaluru,6,701.29,10,Debit Card,Cancelled
TXN000086,CUST2655,Electronics,Smartphone,Coimbatore,2,44272.32,0,Cash on Delivery,Delivered
TXN000087,CUST0293,Electronics,Smartphone,Delhi,10,7066.67,5,Debit Card,Pending
TXN000088,CUST2496,Electronics,Smartphone,Chennai,2,33213.08,0,Credit Card,Pending
TXN000089,CUST2601,Books,Python Programming,Bengaluru,7,38799.87,5,Credit Card,Delivered
TXN000090,CUST0701,Home & Kitchen,Mixer,Kochi,1,31583.29,10,Debit Card,Delivered
TXN000091,CUST2188,Home & Kitchen,Cookware Set,Chennai,7,4945.98,10,Cash on Delivery,Cancelled
TXN000092,CUST2987,Electronics,Smartphone,Pune,10,48761.44,20,Credit Card,Delivered
TXN000093,CUST1003,Home & Kitchen,Cookware Set,Kochi,5,11917.21,0,UPI,Cancelled
TXN000094,CUST0670,Home & Kitchen,Vacuum Cleaner,Mumbai,1,31430.45,20,Cash on Delivery,Delivered
TXN000095,CUST1894,Electronics,Laptop,Kochi,6,39879.19,5,Credit Card,Cancelled
TXN000096,CUST1555,Home & Kitchen,Vacuum Cleaner,Mumbai,7,46967.88,10,Cash on Delivery,Cancelled
TXN000097,CUST1106,Sports,Dumbbells,Delhi,1,30240.13,10,Cash on Delivery,Delivered
TXN000098,CUST2622,Clothing,Shoes,Bengaluru,9,13026.8,15,UPI,Delivered
TXN000099,CUST2819,Clothing,T-Shirt,Kochi,7,41848.29,15,Credit Card,Delivered
TXN000100,CUST2282,Electronics,Laptop,Pune,1,8244.68,20,Cash on Delivery,Delivered
TXN000101,CUST0900,Books,Machine Learning Basics,Coimbatore,3,1211.89,0,Credit Card,Delivered
TXN000102,CUST2805,Electronics,Headphones,Bengaluru,5,45416.63,5,Credit Card,Delivered
TXN000103,CUST1329,Books,Data Science Guide,Chennai,4,28811.91,20,Cash on Delivery,Shipped
TXN000104,CUST0230,Clothing,T-Shirt,Hyderabad,2,3575.11,10,Debit Card,Shipped
TXN000105,CUST0939,Electronics,Laptop,Mumbai,1,29028.5,10,Cash on Delivery,Pending
TXN000106,CUST0132,Sports,Dumbbells,Chennai,4,7336.21,10,Debit Card,Delivered
TXN000107,CUST1293,Home & Kitchen,Table Lamp,Delhi,7,1666.16,5,Debit Card,Delivered
TXN000108,CUST1644,Books,Python Programming,Mumbai,4,5914.55,20,Debit Card,Cancelled
TXN000109,CUST1097,Home & Kitchen,Cookware Set,Coimbatore,9,38777.86,5,Debit Card,Shipped
TXN000110,CUST0272,Home & Kitchen,Table Lamp,Mumbai,8,37807.48,25,Cash on Delivery,Delivered
TXN000111,CUST0865,Electronics,Headphones,Hyderabad,8,30255.47,10,Debit Card,Delivered
TXN000112,CUST2324,Home & Kitchen,Vacuum Cleaner,Kochi,5,10545.48,15,Credit Card,Delivered
TXN000113,CUST2941,Sports,Football,Pune,1,36974.46,20,Cash on Delivery,Cancelled
TXN000114,CUST1289,Home & Kitchen,Mixer,Kochi,9,20461.46,15,UPI,Pending
TXN000115,CUST0871,Electronics,Headphones,Bengaluru,2,25586.61,20,Debit Card,Delivered
TXN000116,CUST2685,Sports,Yoga Mat,Hyderabad,6,44892.27,10,Cash on Delivery,Delivered
TXN000117,CUST2045,Clothing,Shoes,Pune,10,22947.09,15,Debit Card,Delivered
TXN000118,CUST1621,Home & Kitchen,Vacuum Cleaner,Hyderabad,5,31355.67,15,Credit Card,Pending
TXN000119,CUST2634,Electronics,Laptop,Bengaluru,10,48091.4,20,Debit Card,Pending
TXN000120,CUST1880,Clothing,Jeans,Mumbai,8,22624.36,25,Cash on Delivery,Cancelled
TXN000121,CUST0586,Clothing,Shoes,Delhi,3,28080.32,25,Credit Card,Delivered
TXN000122,CUST1085,Books,Data Science Guide,Bengaluru,6,29262.29,15,Debit Card,Delivered
TXN000123,CUST0572,Sports,Football,Bengaluru,6,12111.51,15,UPI,Pending
TXN000124,CUST1011,Home & Kitchen,Table Lamp,Pune,10,36872.41,10,Debit Card,Shipped
TXN000125,CUST2300,Electronics,Smartwatch,Coimbatore,3,36359.19,20,Debit Card,Delivered
TXN000126,CUST2208,Books,Novel,Kochi,7,10756.48,20,Credit Card,Delivered
TXN000127,CUST1077,Sports,Dumbbells,Mumbai,4,765.57,0,Debit Card,Delivered
TXN000128,CUST2395,Books,Machine Learning Basics,Bengaluru,5,49947.18,20,Cash on Delivery,Delivered
TXN000129,CUST1755,Sports,Cricket Bat,Delhi,9,29121.23,10,Cash on Delivery,Delivered
TXN000130,CUST2391,Sports,Dumbbells,Chennai,6,9133.5,15,Credit Card,Delivered
TXN000131,CUST1636,Home & Kitchen,Cookware Set,Mumbai,10,14249.92,0,Cash on Delivery,Delivered
TXN000132,CUST1483,Sports,Cricket Bat,Coimbatore,4,30927.82,15,UPI,Shipped
TXN000133,CUST0899,Books,Python Programming,Hyderabad,8,6967.02,20,Debit Card,Delivered
TXN000134,CUST0567,Sports,Cricket Bat,Bengaluru,9,1960.3,5,Credit Card,Delivered
TXN000135,CUST2088,Home & Kitchen,Vacuum Cleaner,Delhi,10,39944.14,15,Cash on Delivery,Delivered
TXN000136,CUST2022,Home & Kitchen,Vacuum Cleaner,Mumbai,5,35820.73,25,UPI,Shipped
TXN000137,CUST0373,Books,Novel,Delhi,2,15549.12,20,UPI,Delivered
TXN000138,CUST0193,Clothing,Jeans,Delhi,6,3018.72,25,Credit Card,Shipped
TXN000139,CUST0450,Clothing,Shoes,Kochi,8,24364.92,10,Credit Card,Pending
TXN000140,CUST0627,Sports,Cricket Bat,Pune,5,13881.7,25,Cash on Delivery,Delivered
TXN000141,CUST2571,Electronics,Smartwatch,Hyderabad,1,19949.18,20,Debit Card,Cancelled
TXN000142,CUST0656,Sports,Cricket Bat,Coimbatore,8,13771.07,0,UPI,Delivered
TXN000143,CUST2788,Books,Data Science Guide,Kochi,9,8845.85,25,UPI,Delivered
TXN000144,CUST1730,Books,Python Programming,Mumbai,1,19410.79,5,Credit Card,Pending
TXN000145,CUST2443,Books,Machine Learning Basics,Bengaluru,8,48248.22,5,UPI,Pending
TXN000146,CUST0261,Books,Novel,Coimbatore,10,13384.77,5,Credit Card,Pending
TXN000147,CUST1577,Books,Novel,Bengaluru,2,16864.74,25,Debit Card,Pending
TXN000148,CUST1564,Home & Kitchen,Vacuum Cleaner,Chennai,4,16529.18,10,Credit Card,Delivered
TXN000149,CUST2441,Clothing,Jacket,Delhi,2,24066.41,5,Debit Card,Delivered
TXN000150,CUST1918,Books,Machine Learning Basics,Chennai,2,42190.93,15,Cash on Delivery,Cancelled
TXN000151,CUST2168,Electronics,Smartphone,Pune,10,20165.92,10,Credit Card,Delivered
TXN000152,CUST1030,Electronics,Headphones,Delhi,3,40326.78,20,Cash on Delivery,Delivered
TXN000153,CUST2267,Electronics,Laptop,Hyderabad,8,5839.1,0,Debit Card,Delivered
TXN000154,CUST0048,Electronics,Smartwatch,Coimbatore,4,44755.87,10,UPI,Delivered
TXN000155,CUST2787,Home & Kitchen,Table Lamp,Bengaluru,7,9346.67,0,Cash on Delivery,Delivered
TXN000156,CUST2953,Electronics,Laptop,Kochi,10,2056.15,10,Credit Card,Delivered
TXN000157,CUST0470,Books,Novel,Pune,3,8001.89,20,Credit Card,Delivered
TXN000158,CUST2793,Sports,Yoga Mat,Hyderabad,10,9618.41,0,Cash on Delivery,Delivered
TXN000159,CUST2200,Electronics,Smartwatch,Bengaluru,3,25474.36,10,Cash on Delivery,Delivered
TXN000160,CUST1093,Home & Kitchen,Cookware Set,Coimbatore,2,22551.92,0,Cash on Delivery,Delivered
TXN000161,CUST2626,Home & Kitchen,Vacuum Cleaner,Mumbai,6,35822.13,5,Credit Card,Delivered
TXN000162,CUST1394,Electronics,Smartphone,Pune,6,2642.46,5,Cash on Delivery,Delivered
TXN000163,CUST0457,Sports,Cricket Bat,Chennai,1,24935.54,25,Cash on Delivery,Cancelled
TXN000164,CUST1203,Electronics,Headphones,Chennai,7,16690.31,5,Debit Card,Shipped
TXN000165,CUST1781,Home & Kitchen,Table Lamp,Kochi,4,31572.25,15,Cash on Delivery,Delivered
TXN000166,CUST0648,Clothing,Jeans,Bengaluru,3,2280.62,5,Cash on Delivery,Shipped
TXN000167,CUST1859,Books,Machine Learning Basics,Bengaluru,8,1843.25,5,Credit Card,Delivered
TXN000168,CUST0014,Home & Kitchen,Cookware Set,Bengaluru,2,21419.85,20,Credit Card,Delivered
TXN000169,CUST2958,Electronics,Smartphone,Pune,9,40585.84,0,UPI,Pending
TXN000170,CUST2948,Books,Machine Learning Basics,Coimbatore,8,33587.59,0,Credit Card,Shipped
TXN000171,CUST1079,Electronics,Headphones,Mumbai,8,933.63,5,Credit Card,Delivered
TXN000172,CUST2051,Electronics,Laptop,Chennai,3,9005.76,0,Credit Card,Delivered
TXN000173,CUST0732,Clothing,T-Shirt,Hyderabad,4,11413.9,10,Credit Card,Delivered
TXN000174,CUST2080,Books,Python Programming,Delhi,2,21210.64,25,Cash on Delivery,Delivered
TXN000175,CUST0436,Books,Machine Learning Basics,Pune,2,29377.11,5,UPI,Delivered
TXN000176,CUST2562,Clothing,Jeans,Pune,4,10901.36,25,Credit Card,Delivered
TXN000177,CUST1223,Home & Kitchen,Vacuum Cleaner,Coimbatore,6,19187.46,5,Cash on Delivery,Delivered
TXN000178,CUST2618,Electronics,Smartwatch,Chennai,5,29238.78,15,Credit Card,Delivered
TXN000179,CUST2080,Sports,Cricket Bat,Kochi,1,19233.42,25,UPI,Delivered
TXN000180,CUST2495,Electronics,Smartphone,Mumbai,10,7244.15,10,Debit Card,Delivered
TXN000181,CUST0815,Electronics,Headphones,Coimbatore,1,24633.89,5,Debit Card,Delivered
TXN000182,CUST0627,Home & Kitchen,Vacuum Cleaner,Hyderabad,6,16267.31,5,UPI,Delivered
TXN000183,CUST1532,Electronics,Headphones,Chennai,3,43223.0,0,Cash on Delivery,Shipped
TXN000184,CUST0662,Clothing,T-Shirt,Coimbatore,3,38803.68,5,Cash on Delivery,Delivered
TXN000185,CUST2210,Clothing,T-Shirt,Chennai,7,9594.73,25,UPI,Delivered
TXN000186,CUST2173,Books,Python Programming,Chennai,1,7716.53,25,Debit Card,Delivered
TXN000187,CUST0003,Sports,Dumbbells,Kochi,1,17449.07,5,Credit Card,Delivered
TXN000188,CUST2454,Electronics,Headphones,Pune,10,20667.51,5,Debit Card,Delivered
TXN000189,CUST1328,Electronics,Smartphone,Mumbai,3,46607.71,5,Credit Card,Delivered
TXN000190,CUST2002,Home & Kitchen,Table Lamp,Pune,8,15150.87,15,UPI,Delivered
TXN000191,CUST0080,Clothing,Jacket,Delhi,1,43392.46,10,UPI,Delivered
TXN000192,CUST0459,Sports,Football,Mumbai,10,25314.93,25,UPI,Delivered
TXN000193,CUST1487,Books,Data Science Guide,Chennai,4,44292.62,15,Debit Card,Delivered
TXN000194,CUST1260,Clothing,Jacket,Coimbatore,9,35127.49,0,UPI,Shipped
TXN000195,CUST0981,Books,Machine Learning Basics,Hyderabad,4,35448.61,20,Debit Card,Delivered
TXN000196,CUST0238,Home & Kitchen,Vacuum Cleaner,Kochi,10,25987.99,5,Cash on Delivery,Shipped
TXN000197,CUST0987,Home & Kitchen,Cookware Set,Mumbai,8,42031.17,25,Credit Card,Delivered
TXN000198,CUST2324,Electronics,Smartwatch,Delhi,7,12795.8,0,Credit Card,Delivered
TXN000199,CUST0323,Sports,Football,Chennai,3,45376.83,25,Credit Card,Delivered
TXN000200,CUST0351,Books,Python Programming,Hyderabad,7,31875.12,20,UPI,Delivered
TXN000201,CUST2998,Clothing,Jacket,Mumbai,7,21991.57,5,Credit Card,Delivered
TXN000202,CUST1991,Home & Kitchen,Cookware Set,Pune,10,49111.28,25,UPI,Delivered
TXN000203,CUST0284,Electronics,Headphones,Pune,3,43114.5,5,Debit Card,Delivered
TXN000204,CUST2182,Electronics,Smartwatch,Mumbai,2,38623.85,20,UPI,Delivered
TXN000205,CUST0516,Books,Python Programming,Mumbai,9,13767.73,15,Credit Card,Delivered
TXN000206,CUST0526,Home & Kitchen,Cookware Set,Mumbai,1,48689.66,20,UPI,Delivered
TXN000207,CUST2703,Sports,Dumbbells,Hyderabad,7,37175.08,20,UPI,Shipped
TXN000208,CUST1947,Home & Kitchen,Table Lamp,Pune,4,30300.34,25,Debit Card,Cancelled
TXN000209,CUST2252,Books,Python Programming,Coimbatore,2,46097.78,10,UPI,Cancelled
TXN000210,CUST0677,Books,Python Programming,Delhi,2,8192.87,5,Credit Card,Delivered
TXN000211,CUST1086,Home & Kitchen,Mixer,Delhi,8,7036.9,25,UPI,Delivered
TXN000212,CUST2162,Books,Novel,Kochi,7,28229.3,5,Cash on Delivery,Delivered
TXN000213,CUST2485,Home & Kitchen,Cookware Set,Chennai,7,2930.01,15,UPI,Shipped
TXN000214,CUST1734,Clothing,Shoes,Bengaluru,5,33232.94,15,Cash on Delivery,Cancelled
TXN000215,CUST0868,Home & Kitchen,Cookware Set,Coimbatore,10,12112.98,10,Credit Card,Delivered
TXN000216,CUST2209,Home & Kitchen,Table Lamp,Pune,8,6039.43,10,Cash on Delivery,Pending
TXN000217,CUST2990,Books,Python Programming,Chennai,2,20533.84,10,Cash on Delivery,Cancelled
TXN000218,CUST2826,Books,Machine Learning Basics,Kochi,2,23350.89,15,Cash on Delivery,Delivered
TXN000219,CUST0824,Electronics,Smartwatch,Chennai,5,8607.19,20,Cash on Delivery,Cancelled
TXN000220,CUST2921,Electronics,Smartwatch,Mumbai,1,2172.61,25,Cash on Delivery,Delivered
TXN000221,CUST1277,Clothing,Jacket,Bengaluru,6,20761.37,5,UPI,Delivered
TXN000222,CUST1635,Electronics,Smartwatch,Pune,4,38000.36,5,Debit Card,Delivered
TXN000223,CUST2752,Home & Kitchen,Table Lamp,Bengaluru,6,43722.57,25,Cash on Delivery,Delivered
TXN000224,CUST2662,Books,Novel,Coimbatore,7,4967.66,0,Credit Card,Shipped
TXN000225,CUST1530,Electronics,Smartwatch,Bengaluru,3,26281.31,15,Credit Card,Cancelled
TXN000226,CUST1795,Electronics,Smartwatch,Chennai,8,13243.81,15,UPI,Delivered
TXN000227,CUST2120,Clothing,Jeans,Bengaluru,7,18794.23,10,Debit Card,Delivered
TXN000228,CUST1850,Clothing,Jeans,Bengaluru,1,46678.75,25,Debit Card,Delivered
TXN000229,CUST0496,Home & Kitchen,Cookware Set,Delhi,6,17668.53,0,Cash on Delivery,Delivered
TXN000230,CUST1016,Books,Novel,Pune,7,18330.76,0,Credit Card,Delivered
TXN000231,CUST0921,Clothing,Shoes,Pune,4,10548.85,15,Credit Card,Delivered
TXN000232,CUST0263,Electronics,Laptop,Chennai,2,48004.92,10,UPI,Delivered
TXN000233,CUST1385,Books,Python Programming,Hyderabad,10,22878.72,5,Cash on Delivery,Cancelled
TXN000234,CUST0087,Books,Data Science Guide,Bengaluru,9,28562.57,10,Credit Card,Delivered
TXN000235,CUST2410,Electronics,Smartwatch,Bengaluru,7,22713.09,5,Cash on Delivery,Delivered
TXN000236,CUST2269,Clothing,Shoes,Mumbai,1,12720.66,15,Debit Card,Delivered
TXN000237,CUST0943,Electronics,Smartphone,Pune,8,40539.59,10,Cash on Delivery,Delivered
TXN000238,CUST2411,Books,Data Science Guide,Bengaluru,3,1520.71,0,Cash on Delivery,Pending
TXN000239,CUST0903,Sports,Yoga Mat,Pune,4,34543.15,25,UPI,Delivered
TXN000240,CUST0030,Sports,Cricket Bat,Bengaluru,5,29754.21,20,UPI,Delivered
TXN000241,CUST0291,Home & Kitchen,Table Lamp,Delhi,1,7299.6,0,Debit Card,Delivered
TXN000242,CUST2900,Electronics,Smartphone,Chennai,6,8378.66,25,Debit Card,Pending
TXN000243,CUST2585,Electronics,Smartphone,Pune,10,32995.36,5,Cash on Delivery,Delivered
TXN000244,CUST0242,Home & Kitchen,Vacuum Cleaner,Coimbatore,6,15675.73,15,Credit Card,Delivered
TXN000245,CUST0938,Home & Kitchen,Vacuum Cleaner,Chennai,2,13360.33,10,Cash on Delivery,Delivered
TXN000246,CUST0277,Home & Kitchen,Mixer,Mumbai,10,3051.89,15,Debit Card,Cancelled
TXN000247,CUST0129,Books,Data Science Guide,Chennai,6,38347.51,15,UPI,Delivered
TXN000248,CUST1354,Electronics,Smartphone,Bengaluru,8,44145.33,5,UPI,Delivered
TXN000249,CUST0291,Books,Machine Learning Basics,Mumbai,6,41010.23,15,Debit Card,Delivered
TXN000250,CUST2106,Home & Kitchen,Vacuum Cleaner,Chennai,4,23355.1,10,Cash on Delivery,Delivered
TXN000251,CUST0975,Electronics,Headphones,Kochi,4,26744.42,0,Credit Card,Delivered
TXN000252,CUST1141,Books,Machine Learning Basics,Mumbai,9,12189.58,15,UPI,Delivered
TXN000253,CUST2741,Books,Machine Learning Basics,Kochi,6,8725.45,10,Cash on Delivery,Delivered
TXN000254,CUST1989,Home & Kitchen,Table Lamp,Coimbatore,8,41167.76,10,Credit Card,Shipped
TXN000255,CUST0878,Electronics,Smartphone,Chennai,8,39937.37,5,Debit Card,Pending
TXN000256,CUST2209,Home & Kitchen,Cookware Set,Pune,7,38890.26,15,Cash on Delivery,Delivered
TXN000257,CUST0542,Electronics,Laptop,Pune,3,23221.63,5,Credit Card,Delivered
TXN000258,CUST2963,Sports,Dumbbells,Hyderabad,10,43238.94,0,Cash on Delivery,Pending
TXN000259,CUST2339,Clothing,T-Shirt,Bengaluru,1,46318.98,0,UPI,Delivered
TXN000260,CUST2361,Clothing,Jacket,Kochi,5,16484.38,25,Debit Card,Shipped
TXN000261,CUST1937,Clothing,Jacket,Mumbai,10,11312.26,10,UPI,Shipped
TXN000262,CUST0996,Home & Kitchen,Cookware Set,Hyderabad,10,23266.73,15,UPI,Delivered
TXN000263,CUST1938,Sports,Football,Hyderabad,2,9048.39,25,Cash on Delivery,Delivered
TXN000264,CUST1668,Electronics,Smartwatch,Delhi,10,44211.74,10,Debit Card,Delivered
TXN000265,CUST0780,Books,Python Programming,Kochi,2,16965.73,15,Cash on Delivery,Cancelled
TXN000266,CUST0387,Electronics,Smartphone,Mumbai,7,28850.97,5,Credit Card,Delivered
TXN000267,CUST0398,Books,Machine Learning Basics,Hyderabad,3,29776.5,0,Debit Card,Delivered
TXN000268,CUST2700,Electronics,Smartphone,Delhi,8,25797.9,25,UPI,Delivered
TXN000269,CUST1766,Sports,Cricket Bat,Hyderabad,9,7910.63,25,UPI,Delivered
TXN000270,CUST1452,Books,Novel,Bengaluru,8,49550.93,0,UPI,Delivered
TXN000271,CUST1735,Home & Kitchen,Table Lamp,Coimbatore,6,8712.9,5,Cash on Delivery,Delivered
TXN000272,CUST1684,Electronics,Headphones,Kochi,5,37600.22,20,Cash on Delivery,Delivered
TXN000273,CUST1913,Electronics,Smartwatch,Delhi,3,39589.01,20,Cash on Delivery,Delivered
TXN000274,CUST2987,Books,Machine Learning Basics,Coimbatore,3,7343.67,20,Debit Card,Delivered
TXN000275,CUST0222,Home & Kitchen,Table Lamp,Mumbai,7,46664.86,15,Debit Card,Delivered
TXN000276,CUST2759,Home & Kitchen,Table Lamp,Bengaluru,5,24439.16,25,Debit Card,Delivered
TXN000277,CUST2677,Sports,Football,Delhi,6,31481.26,5,Debit Card,Shipped
TXN000278,CUST2647,Home & Kitchen,Cookware Set,Mumbai,6,32145.08,15,Credit Card,Delivered
TXN000279,CUST0404,Home & Kitchen,Table Lamp,Hyderabad,9,25297.26,15,UPI,Delivered
TXN000280,CUST0249,Home & Kitchen,Table Lamp,Pune,1,7186.9,5,Cash on Delivery,Delivered
TXN000281,CUST1650,Clothing,Shoes,Chennai,8,37612.49,15,Cash on Delivery,Delivered
TXN000282,CUST2983,Sports,Football,Mumbai,10,29131.11,25,Credit Card,Shipped
TXN000283,CUST1390,Electronics,Headphones,Coimbatore,5,6022.16,5,UPI,Delivered
TXN000284,CUST0448,Books,Python Programming,Bengaluru,6,35046.07,20,UPI,Delivered
TXN000285,CUST1019,Electronics,Smartwatch,Bengaluru,6,35167.89,20,Credit Card,Delivered
TXN000286,CUST0785,Sports,Dumbbells,Mumbai,1,27469.47,15,Debit Card,Pending
TXN000287,CUST0780,Books,Data Science Guide,Hyderabad,3,4618.39,0,UPI,Delivered
TXN000288,CUST2197,Sports,Dumbbells,Chennai,6,17696.94,5,Debit Card,Delivered
TXN000289,CUST1838,Home & Kitchen,Vacuum Cleaner,Kochi,9,2641.11,10,Credit Card,Delivered
TXN000290,CUST0575,Books,Python Programming,Coimbatore,6,23932.04,10,Cash on Delivery,Delivered
TXN000291,CUST1729,Home & Kitchen,Table Lamp,Mumbai,6,45331.71,15,Cash on Delivery,Delivered
TXN000292,CUST0752,Electronics,Headphones,Mumbai,1,212.42,0,Cash on Delivery,Delivered
TXN000293,CUST1141,Electronics,Smartphone,Pune,9,13405.27,5,Cash on Delivery,Delivered
TXN000294,CUST1895,Books,Data Science Guide,Bengaluru,4,40012.97,20,UPI,Delivered
TXN000295,CUST1024,Books,Python Programming,Coimbatore,2,592.06,15,Debit Card,Delivered
TXN000296,CUST0309,Sports,Yoga Mat,Chennai,1,607.65,5,Cash on Delivery,Delivered
TXN000297,CUST1816,Sports,Cricket Bat,Bengaluru,3,30579.85,5,Cash on Delivery,Delivered
TXN000298,CUST2255,Home & Kitchen,Mixer,Mumbai,3,39481.07,5,Cash on Delivery,Delivered
TXN000299,CUST0402,Books,Data Science Guide,Bengaluru,5,38847.62,0,Credit Card,Delivered
TXN000300,CUST0208,Electronics,Smartphone,Bengaluru,1,39000.94,5,UPI,Pending
TXN000301,CUST2672,Sports,Football,Delhi,7,18114.22,0,Credit Card,Cancelled
TXN000302,CUST2215,Sports,Dumbbells,Bengaluru,1,44147.93,0,Debit Card,Shipped
TXN000303,CUST0061,Electronics,Smartphone,Hyderabad,4,740.5,25,Cash on Delivery,Delivered
TXN000304,CUST0383,Sports,Cricket Bat,Bengaluru,6,15678.22,5,UPI,Delivered
TXN000305,CUST0969,Home & Kitchen,Cookware Set,Kochi,1,16925.67,25,UPI,Delivered
TXN000306,CUST0682,Books,Python Programming,Hyderabad,7,8362.0,20,UPI,Cancelled
TXN000307,CUST1665,Electronics,Headphones,Coimbatore,10,16877.68,25,Credit Card,Cancelled
TXN000308,CUST1990,Books,Data Science Guide,Bengaluru,7,29335.62,25,Credit Card,Delivered
TXN000309,CUST1972,Sports,Football,Chennai,3,26061.94,5,Credit Card,Delivered
TXN000310,CUST0876,Sports,Dumbbells,Hyderabad,4,16039.43,20,Credit Card,Delivered
TXN000311,CUST1643,Electronics,Smartphone,Hyderabad,6,37491.44,15,Debit Card,Delivered
TXN000312,CUST0241,Home & Kitchen,Vacuum Cleaner,Mumbai,7,35768.05,10,Cash on Delivery,Pending
TXN000313,CUST0675,Clothing,Shoes,Coimbatore,4,14106.75,15,Cash on Delivery,Cancelled
TXN000314,CUST1553,Electronics,Smartphone,Bengaluru,10,16229.1,0,Credit Card,Cancelled
TXN000315,CUST0009,Clothing,Shoes,Pune,9,14447.26,15,Credit Card,Delivered
TXN000316,CUST1600,Clothing,T-Shirt,Chennai,9,6529.67,10,Credit Card,Shipped
TXN000317,CUST1087,Home & Kitchen,Vacuum Cleaner,Mumbai,9,37663.8,10,Debit Card,Shipped
TXN000318,CUST1864,Clothing,Shoes,Coimbatore,10,2409.2,20,Debit Card,Shipped
TXN000319,CUST1169,Clothing,Jeans,Kochi,6,7613.97,15,UPI,Delivered
TXN000320,CUST1733,Home & Kitchen,Table Lamp,Hyderabad,2,5354.7,0,Cash on Delivery,Delivered
TXN000321,CUST2854,Clothing,T-Shirt,Chennai,2,41284.41,25,Credit Card,Delivered
TXN000322,CUST2993,Clothing,Jacket,Kochi,4,2296.02,25,UPI,Delivered
TXN000323,CUST2277,Clothing,Shoes,Bengaluru,9,33264.9,0,Cash on Delivery,Delivered
TXN000324,CUST2712,Electronics,Headphones,Pune,3,2319.28,20,UPI,Delivered
TXN000325,CUST2943,Electronics,Smartphone,Delhi,6,39343.53,25,Debit Card,Shipped
TXN000326,CUST1994,Electronics,Smartphone,Delhi,2,45644.43,20,Debit Card,Delivered
TXN000327,CUST0635,Home & Kitchen,Mixer,Coimbatore,1,24393.47,25,UPI,Shipped
TXN000328,CUST0778,Sports,Football,Pune,5,40246.64,25,UPI,Delivered
TXN000329,CUST1216,Clothing,Jacket,Chennai,8,35349.89,15,Cash on Delivery,Delivered
TXN000330,CUST0892,Clothing,Jeans,Mumbai,10,39802.2,20,Credit Card,Delivered
TXN000331,CUST0240,Home & Kitchen,Cookware Set,Chennai,10,38362.08,10,Cash on Delivery,Delivered
TXN000332,CUST2373,Clothing,Jacket,Pune,2,10347.86,0,Cash on Delivery,Shipped
TXN000333,CUST2221,Electronics,Smartphone,Kochi,10,25027.99,25,Debit Card,Delivered
TXN000334,CUST0250,Sports,Football,Hyderabad,9,48024.67,10,Debit Card,Delivered
TXN000335,CUST1285,Books,Machine Learning Basics,Delhi,8,17242.29,5,UPI,Delivered
TXN000336,CUST0235,Clothing,Shoes,Coimbatore,3,48527.31,10,Debit Card,Shipped
TXN000337,CUST0206,Electronics,Laptop,Bengaluru,1,29199.77,0,Cash on Delivery,Delivered
TXN000338,CUST2393,Books,Python Programming,Chennai,4,23134.41,5,UPI,Shipped
TXN000339,CUST1953,Sports,Yoga Mat,Delhi,8,32922.1,15,UPI,Delivered
TXN000340,CUST2060,Books,Data Science Guide,Mumbai,3,40810.37,5,Debit Card,Cancelled
TXN000341,CUST2176,Electronics,Smartphone,Coimbatore,10,19770.99,20,Credit Card,Delivered
TXN000342,CUST0645,Books,Python Programming,Bengaluru,2,1744.41,0,Debit Card,Delivered
TXN000343,CUST0233,Home & Kitchen,Vacuum Cleaner,Chennai,7,35469.43,20,UPI,Delivered
TXN000344,CUST2081,Books,Novel,Mumbai,4,47812.72,10,UPI,Delivered
TXN000345,CUST0329,Clothing,T-Shirt,Bengaluru,6,31286.83,15,Credit Card,Cancelled
TXN000346,CUST0762,Clothing,Jacket,Hyderabad,5,9501.88,0,Cash on Delivery,Delivered
TXN000347,CUST0281,Home & Kitchen,Cookware Set,Delhi,2,12487.3,15,UPI,Delivered
TXN000348,CUST2438,Electronics,Smartwatch,Hyderabad,10,45496.56,25,Credit Card,Delivered
TXN000349,CUST0279,Clothing,Jacket,Delhi,2,776.75,0,Cash on Delivery,Shipped
TXN000350,CUST2766,Sports,Yoga Mat,Mumbai,9,27482.46,20,Debit Card,Cancelled
TXN000351,CUST0964,Clothing,Shoes,Kochi,10,8018.01,10,Credit Card,Pending
TXN000352,CUST1654,Clothing,T-Shirt,Hyderabad,2,14209.95,5,Cash on Delivery,Delivered
TXN000353,CUST0492,Electronics,Smartphone,Delhi,8,15418.38,15,UPI,Cancelled
TXN000354,CUST2334,Books,Data Science Guide,Coimbatore,8,11042.21,0,UPI,Delivered
TXN000355,CUST1009,Clothing,Jeans,Mumbai,1,39638.37,0,Credit Card,Delivered
TXN000356,CUST2372,Home & Kitchen,Cookware Set,Delhi,1,16677.24,25,Debit Card,Delivered
TXN000357,CUST2436,Books,Novel,Chennai,4,17339.7,15,Credit Card,Shipped
TXN000358,CUST0163,Sports,Dumbbells,Delhi,2,22705.04,5,UPI,Delivered
TXN000359,CUST2537,Electronics,Smartphone,Hyderabad,1,45124.53,10,Cash on Delivery,Delivered
TXN000360,CUST0336,Sports,Yoga Mat,Coimbatore,9,34439.83,0,Debit Card,Delivered
TXN000361,CUST1718,Books,Python Programming,Bengaluru,3,3181.31,0,Cash on Delivery,Pending
TXN000362,CUST2693,Books,Machine Learning Basics,Kochi,1,2059.17,15,Credit Card,Delivered
TXN000363,CUST2391,Books,Novel,Bengaluru,2,28362.82,15,Credit Card,Cancelled
TXN000364,CUST2316,Sports,Dumbbells,Delhi,8,44364.32,0,Cash on Delivery,Delivered
TXN000365,CUST2142,Books,Python Programming,Bengaluru,5,16230.25,0,Cash on Delivery,Delivered
TXN000366,CUST1296,Sports,Dumbbells,Delhi,7,12463.81,25,Cash on Delivery,Cancelled
TXN000367,CUST1069,Books,Python Programming,Coimbatore,6,37434.73,0,Credit Card,Delivered
TXN000368,CUST0837,Home & Kitchen,Table Lamp,Bengaluru,1,30144.36,20,Cash on Delivery,Shipped
TXN000369,CUST2744,Books,Data Science Guide,Hyderabad,6,28294.86,0,UPI,Delivered
TXN000370,CUST2934,Sports,Cricket Bat,Hyderabad,7,7550.13,10,Cash on Delivery,Pending
TXN000371,CUST1287,Clothing,Jacket,Chennai,4,8880.47,10,UPI,Shipped
TXN000372,CUST0978,Books,Python Programming,Delhi,8,14161.21,25,UPI,Delivered
TXN000373,CUST1088,Clothing,Jeans,Bengaluru,8,10421.26,5,Cash on Delivery,Delivered
TXN000374,CUST1622,Home & Kitchen,Cookware Set,Hyderabad,7,48575.09,15,Debit Card,Cancelled
TXN000375,CUST0537,Electronics,Headphones,Pune,2,1028.69,5,Debit Card,Delivered
TXN000376,CUST2752,Home & Kitchen,Table Lamp,Coimbatore,6,31340.21,0,Debit Card,Delivered
TXN000377,CUST2644,Books,Novel,Kochi,6,25928.18,15,UPI,Delivered
TXN000378,CUST1229,Clothing,T-Shirt,Coimbatore,7,16230.24,0,Debit Card,Delivered
TXN000379,CUST1873,Clothing,Jeans,Pune,6,44390.68,15,Debit Card,Delivered
TXN000380,CUST1296,Sports,Football,Pune,2,33541.11,25,Cash on Delivery,Shipped
TXN000381,CUST0298,Clothing,Jacket,Chennai,8,49917.88,20,Credit Card,Delivered
TXN000382,CUST0039,Sports,Football,Coimbatore,4,8515.93,20,UPI,Cancelled
TXN000383,CUST1878,Electronics,Laptop,Coimbatore,9,4484.61,20,Credit Card,Shipped
TXN000384,CUST2545,Books,Novel,Bengaluru,8,7055.92,25,UPI,Delivered
TXN000385,CUST2307,Sports,Dumbbells,Delhi,3,13537.62,5,UPI,Shipped
TXN000386,CUST0410,Electronics,Smartphone,Mumbai,3,20897.67,15,Debit Card,Cancelled
TXN000387,CUST0301,Clothing,T-Shirt,Kochi,8,43143.9,5,Cash on Delivery,Delivered
TXN000388,CUST2203,Clothing,Shoes,Coimbatore,2,14251.23,15,Credit Card,Shipped
TXN000389,CUST0874,Electronics,Headphones,Kochi,9,45770.64,0,Credit Card,Delivered
TXN000390,CUST2073,Clothing,Jeans,Kochi,4,23199.09,20,Debit Card,Shipped
TXN000391,CUST1087,Electronics,Smartphone,Kochi,6,32388.79,20,Credit Card,Cancelled
TXN000392,CUST0543,Sports,Cricket Bat,Coimbatore,3,13293.94,15,Credit Card,Delivered
TXN000393,CUST1430,Sports,Dumbbells,Mumbai,3,7885.09,5,UPI,Delivered
TXN000394,CUST0282,Electronics,Headphones,Coimbatore,3,43485.9,5,Cash on Delivery,Delivered
TXN000395,CUST1001,Sports,Yoga Mat,Bengaluru,10,5564.36,10,Cash on Delivery,Delivered
TXN000396,CUST1514,Sports,Dumbbells,Bengaluru,2,38723.66,20,Credit Card,Delivered
TXN000397,CUST1168,Sports,Yoga Mat,Mumbai,8,29091.12,20,Credit Card,Shipped
TXN000398,CUST0647,Home & Kitchen,Cookware Set,Hyderabad,9,43070.78,5,UPI,Pending
TXN000399,CUST1795,Books,Machine Learning Basics,Coimbatore,8,35919.14,20,Debit Card,Cancelled
TXN000400,CUST2226,Clothing,T-Shirt,Hyderabad,10,14155.04,5,UPI,Delivered
TXN000401,CUST2882,Home & Kitchen,Cookware Set,Kochi,3,28763.94,10,Debit Card,Delivered
TXN000402,CUST1240,Sports,Cricket Bat,Coimbatore,7,752.37,15,Debit Card,Delivered
TXN000403,CUST2506,Electronics,Headphones,Delhi,10,23813.4,15,UPI,Delivered
TXN000404,CUST2679,Sports,Cricket Bat,Coimbatore,2,4392.08,10,Cash on Delivery,Delivered
TXN000405,CUST2167,Books,Novel,Bengaluru,4,21504.36,20,UPI,Delivered
TXN000406,CUST0033,Sports,Cricket Bat,Chennai,6,5569.63,0,Debit Card,Cancelled
TXN000407,CUST2736,Electronics,Laptop,Pune,5,47778.44,20,Cash on Delivery,Pending
TXN000408,CUST2272,Books,Machine Learning Basics,Chennai,9,26201.09,5,Cash on Delivery,Delivered
TXN000409,CUST1227,Sports,Dumbbells,Chennai,10,45669.58,25,UPI,Cancelled
TXN000410,CUST2718,Books,Data Science Guide,Chennai,4,1216.07,0,Cash on Delivery,Delivered
TXN000411,CUST0425,Clothing,Jacket,Pune,5,31918.9,10,Cash on Delivery,Delivered
TXN000412,CUST0551,Clothing,Jacket,Hyderabad,4,15417.03,15,UPI,Shipped
TXN000413,CUST1084,Sports,Yoga Mat,Pune,8,21648.27,15,Credit Card,Delivered
TXN000414,CUST0473,Books,Novel,Hyderabad,8,43667.06,20,Cash on Delivery,Delivered
TXN000415,CUST0439,Electronics,Headphones,Pune,3,49003.05,15,UPI,Delivered
TXN000416,CUST2267,Sports,Football,Pune,1,12399.95,20,UPI,Delivered
TXN000417,CUST0637,Clothing,Jacket,Coimbatore,6,47417.84,5,Credit Card,Delivered
TXN000418,CUST1116,Clothing,Jacket,Hyderabad,2,34467.47,5,Cash on Delivery,Delivered
TXN000419,CUST1155,Sports,Football,Coimbatore,2,47575.55,10,Debit Card,Cancelled
TXN000420,CUST2478,Books,Novel,Delhi,3,28162.11,25,Debit Card,Delivered
TXN000421,CUST0863,Clothing,Jacket,Coimbatore,8,48041.74,5,Cash on Delivery,Delivered
TXN000422,CUST2940,Books,Python Programming,Chennai,3,44633.53,20,Cash on Delivery,Shipped
TXN000423,CUST1405,Clothing,Jeans,Mumbai,7,6516.73,15,UPI,Shipped
TXN000424,CUST0834,Clothing,T-Shirt,Mumbai,10,15608.42,5,UPI,Delivered
TXN000425,CUST2816,Home & Kitchen,Table Lamp,Bengaluru,10,12228.85,5,Debit Card,Delivered
TXN000426,CUST2598,Clothing,T-Shirt,Bengaluru,9,28647.76,20,Cash on Delivery,Delivered
TXN000427,CUST1082,Electronics,Smartphone,Kochi,8,40159.69,5,UPI,Delivered
TXN000428,CUST2071,Sports,Football,Coimbatore,1,37994.63,15,Debit Card,Shipped
TXN000429,CUST2002,Sports,Dumbbells,Pune,7,36364.78,25,Debit Card,Shipped
TXN000430,CUST1029,Books,Novel,Pune,7,18825.72,15,Credit Card,Delivered
TXN000431,CUST0209,Clothing,Shoes,Mumbai,8,7067.88,25,Cash on Delivery,Delivered
TXN000432,CUST0379,Electronics,Smartphone,Chennai,10,10608.12,15,Credit Card,Delivered
TXN000433,CUST2599,Books,Python Programming,Hyderabad,5,37109.71,15,UPI,Delivered
TXN000434,CUST1735,Home & Kitchen,Mixer,Chennai,10,7461.96,0,UPI,Delivered
TXN000435,CUST1134,Books,Novel,Kochi,9,11225.04,15,Debit Card,Shipped
TXN000436,CUST0181,Books,Python Programming,Chennai,9,21285.18,0,UPI,Delivered
TXN000437,CUST0015,Clothing,Jacket,Coimbatore,8,3698.41,15,Credit Card,Delivered
TXN000438,CUST1367,Home & Kitchen,Table Lamp,Coimbatore,6,10713.33,15,Cash on Delivery,Delivered
TXN000439,CUST0536,Books,Machine Learning Basics,Delhi,6,7573.43,20,Debit Card,Shipped
TXN000440,CUST2610,Electronics,Smartwatch,Kochi,1,47570.96,25,Debit Card,Shipped
TXN000441,CUST1073,Electronics,Laptop,Chennai,6,9657.14,15,UPI,Cancelled
TXN000442,CUST0662,Sports,Cricket Bat,Pune,4,43102.31,5,Debit Card,Delivered
TXN000443,CUST1810,Home & Kitchen,Mixer,Pune,4,5828.43,15,Debit Card,Delivered
TXN000444,CUST2260,Home & Kitchen,Table Lamp,Kochi,2,43496.69,10,Cash on Delivery,Delivered
TXN000445,CUST2891,Sports,Yoga Mat,Chennai,4,30011.75,20,Debit Card,Pending
TXN000446,CUST1752,Books,Data Science Guide,Coimbatore,5,42500.33,20,Cash on Delivery,Delivered
TXN000447,CUST2298,Home & Kitchen,Table Lamp,Coimbatore,5,43380.7,15,Credit Card,Shipped
TXN000448,CUST0040,Electronics,Smartphone,Delhi,5,29859.04,10,Debit Card,Shipped
TXN000449,CUST0459,Electronics,Laptop,Delhi,4,45892.94,25,Credit Card,Delivered
TXN000450,CUST0309,Clothing,T-Shirt,Bengaluru,1,29313.87,15,Cash on Delivery,Delivered
TXN000451,CUST2831,Home & Kitchen,Vacuum Cleaner,Kochi,10,35657.0,5,Debit Card,Delivered
TXN000452,CUST0611,Books,Machine Learning Basics,Mumbai,8,20862.42,20,UPI,Delivered
TXN000453,CUST2235,Sports,Football,Chennai,3,45711.98,20,UPI,Delivered
TXN000454,CUST0148,Sports,Cricket Bat,Kochi,2,41225.71,25,Debit Card,Delivered
TXN000455,CUST1513,Books,Machine Learning Basics,Pune,9,8418.98,10,Cash on Delivery,Shipped
TXN000456,CUST2386,Clothing,Jeans,Chennai,7,28861.75,0,UPI,Shipped
TXN000457,CUST2264,Sports,Football,Delhi,9,44851.68,25,Credit Card,Delivered
TXN000458,CUST0607,Home & Kitchen,Table Lamp,Delhi,2,39673.92,10,Cash on Delivery,Cancelled
TXN000459,CUST1761,Clothing,Jacket,Bengaluru,9,48131.38,5,Cash on Delivery,Delivered
TXN000460,CUST0523,Home & Kitchen,Mixer,Mumbai,10,11641.95,10,Debit Card,Delivered
TXN000461,CUST0172,Electronics,Headphones,Bengaluru,9,18436.24,25,Credit Card,Delivered
TXN000462,CUST1263,Clothing,Shoes,Pune,9,25408.88,0,Cash on Delivery,Shipped
TXN000463,CUST1494,Sports,Football,Mumbai,10,11710.19,5,Debit Card,Delivered
TXN000464,CUST0164,Clothing,T-Shirt,Hyderabad,10,19762.86,5,Credit Card,Delivered
TXN000465,CUST1466,Clothing,Jeans,Chennai,4,26923.21,0,Cash on Delivery,Delivered
TXN000466,CUST0861,Clothing,Shoes,Bengaluru,10,9647.83,15,UPI,Delivered
TXN000467,CUST2794,Clothing,T-Shirt,Delhi,3,12908.72,10,Credit Card,Cancelled
TXN000468,CUST1023,Home & Kitchen,Vacuum Cleaner,Bengaluru,6,6329.64,25,Cash on Delivery,Delivered
TXN000469,CUST2732,Electronics,Smartwatch,Hyderabad,3,35697.73,5,Credit Card,Cancelled
TXN000470,CUST0422,Books,Data Science Guide,Bengaluru,9,18141.44,25,UPI,Delivered
TXN000471,CUST1449,Clothing,Jeans,Chennai,3,11091.28,10,Cash on Delivery,Cancelled
TXN000472,CUST2294,Sports,Football,Hyderabad,2,25415.48,0,UPI,Delivered
TXN000473,CUST1665,Clothing,T-Shirt,Kochi,8,3505.64,20,Debit Card,Delivered
TXN000474,CUST2543,Sports,Football,Kochi,6,46177.99,0,Debit Card,Shipped
TXN000475,CUST0634,Home & Kitchen,Mixer,Kochi,8,14793.93,10,Cash on Delivery,Pending
TXN000476,CUST0970,Sports,Football,Delhi,7,44334.57,5,Cash on Delivery,Delivered
TXN000477,CUST0666,Books,Machine Learning Basics,Delhi,3,24931.24,10,Credit Card,Delivered
TXN000478,CUST0726,Electronics,Laptop,Kochi,8,42522.51,20,Cash on Delivery,Delivered
TXN000479,CUST1689,Sports,Yoga Mat,Kochi,10,12428.52,5,Debit Card,Shipped
TXN000480,CUST0102,Sports,Football,Kochi,1,8846.0,20,Cash on Delivery,Shipped
TXN000481,CUST0735,Electronics,Smartphone,Coimbatore,1,42485.65,15,Credit Card,Delivered
TXN000482,CUST1361,Books,Machine Learning Basics,Kochi,10,10724.9,25,Debit Card,Delivered
TXN000483,CUST1687,Clothing,Shoes,Hyderabad,8,37335.15,0,Cash on Delivery,Delivered
TXN000484,CUST2744,Sports,Cricket Bat,Coimbatore,9,17294.73,15,UPI,Pending
TXN000485,CUST1017,Electronics,Smartwatch,Coimbatore,10,37434.87,10,UPI,Delivered
TXN000486,CUST1093,Home & Kitchen,Mixer,Chennai,6,45391.55,15,UPI,Delivered
TXN000487,CUST0653,Electronics,Headphones,Bengaluru,5,49083.76,0,UPI,Delivered
TXN000488,CUST2873,Home & Kitchen,Table Lamp,Delhi,2,18054.49,5,Credit Card,Cancelled
TXN000489,CUST0443,Books,Novel,Delhi,9,18439.54,25,UPI,Delivered
TXN000490,CUST1567,Clothing,Jacket,Bengaluru,6,49071.25,20,UPI,Shipped
TXN000491,CUST0159,Electronics,Smartphone,Delhi,8,43090.25,5,Cash on Delivery,Shipped
TXN000492,CUST1928,Sports,Dumbbells,Bengaluru,9,2350.09,25,UPI,Pending
TXN000493,CUST0912,Books,Novel,Hyderabad,9,28715.15,15,UPI,Delivered
TXN000494,CUST0818,Electronics,Headphones,Chennai,8,9144.11,10,Cash on Delivery,Delivered
TXN000495,CUST1886,Sports,Cricket Bat,Kochi,10,49701.23,15,Debit Card,Delivered
TXN000496,CUST1433,Electronics,Laptop,Chennai,8,7032.26,0,Credit Card,Delivered
TXN000497,CUST1251,Home & Kitchen,Mixer,Pune,3,28011.45,0,Credit Card,Pending
TXN000498,CUST0933,Electronics,Headphones,Chennai,3,33293.4,10,Debit Card,Cancelled
TXN000499,CUST0914,Electronics,Smartwatch,Bengaluru,2,46859.53,25,Cash on Delivery,Delivered
TXN000500,CUST0097,Electronics,Smartwatch,Pune,1,42378.19,5,Debit Card,Delivered
TXN000501,CUST2704,Books,Machine Learning Basics,Bengaluru,4,12363.16,0,Credit Card,Delivered
TXN000502,CUST0792,Electronics,Smartphone,Kochi,2,28673.94,0,Credit Card,Delivered
TXN000503,CUST1633,Sports,Dumbbells,Mumbai,2,47683.34,10,Debit Card,Delivered
TXN000504,CUST1345,Home & Kitchen,Cookware Set,Pune,5,36812.27,5,UPI,Delivered
TXN000505,CUST1142,Home & Kitchen,Vacuum Cleaner,Kochi,4,34447.98,15,Credit Card,Pending
TXN000506,CUST0285,Electronics,Smartphone,Kochi,1,37769.56,20,Debit Card,Shipped
TXN000507,CUST1144,Books,Python Programming,Delhi,9,16193.06,10,UPI,Delivered
TXN000508,CUST1439,Books,Data Science Guide,Delhi,4,36489.69,5,UPI,Delivered
TXN000509,CUST2628,Sports,Dumbbells,Mumbai,5,11719.45,20,Cash on Delivery,Delivered
TXN000510,CUST2087,Electronics,Smartphone,Mumbai,7,21462.33,10,Debit Card,Delivered
TXN000511,CUST1638,Home & Kitchen,Cookware Set,Chennai,2,44507.45,15,Credit Card,Cancelled
TXN000512,CUST2784,Books,Data Science Guide,Kochi,8,1046.66,15,Cash on Delivery,Delivered
TXN000513,CUST2197,Electronics,Laptop,Mumbai,2,20774.5,5,Credit Card,Delivered
TXN000514,CUST1357,Books,Machine Learning Basics,Bengaluru,10,13414.41,5,UPI,Delivered
TXN000515,CUST0114,Books,Machine Learning Basics,Kochi,5,10009.62,15,Debit Card,Delivered
TXN000516,CUST0473,Home & Kitchen,Mixer,Coimbatore,2,41944.91,15,UPI,Delivered
TXN000517,CUST1070,Clothing,T-Shirt,Bengaluru,2,34855.28,10,UPI,Delivered
TXN000518,CUST0732,Sports,Cricket Bat,Pune,4,5720.37,25,UPI,Cancelled
TXN000519,CUST2379,Sports,Dumbbells,Mumbai,4,24773.72,25,Debit Card,Delivered
TXN000520,CUST1088,Home & Kitchen,Table Lamp,Delhi,8,23398.6,5,Cash on Delivery,Delivered
TXN000521,CUST0157,Books,Python Programming,Bengaluru,6,7212.14,20,Credit Card,Delivered
TXN000522,CUST0445,Electronics,Headphones,Delhi,10,40008.16,15,UPI,Delivered
TXN000523,CUST2444,Books,Machine Learning Basics,Bengaluru,8,18397.03,20,Credit Card,Delivered
TXN000524,CUST1780,Home & Kitchen,Cookware Set,Delhi,7,38120.69,5,Credit Card,Delivered
TXN000525,CUST1416,Sports,Cricket Bat,Hyderabad,10,9683.92,5,Cash on Delivery,Delivered
TXN000526,CUST2985,Books,Novel,Bengaluru,4,15822.17,0,Debit Card,Delivered
TXN000527,CUST1285,Sports,Football,Pune,2,4849.03,15,Credit Card,Shipped
TXN000528,CUST1788,Electronics,Headphones,Delhi,9,7259.62,25,Cash on Delivery,Cancelled
TXN000529,CUST2484,Sports,Cricket Bat,Coimbatore,2,44170.86,25,Credit Card,Cancelled
TXN000530,CUST2095,Sports,Yoga Mat,Pune,1,5544.72,5,UPI,Delivered
TXN000531,CUST0474,Clothing,Jeans,Chennai,8,4876.99,5,Cash on Delivery,Delivered
TXN000532,CUST1578,Clothing,T-Shirt,Bengaluru,10,47024.83,15,Debit Card,Delivered
TXN000533,CUST2362,Clothing,Shoes,Coimbatore,9,32330.58,0,Debit Card,Delivered
TXN000534,CUST0779,Sports,Cricket Bat,Chennai,1,5135.71,0,UPI,Shipped
TXN000535,CUST1044,Home & Kitchen,Table Lamp,Bengaluru,7,48588.67,0,UPI,Delivered
TXN000536,CUST0182,Sports,Cricket Bat,Coimbatore,2,7440.29,0,Credit Card,Shipped
TXN000537,CUST2904,Home & Kitchen,Mixer,Coimbatore,6,38340.65,10,Cash on Delivery,Delivered
TXN000538,CUST1787,Home & Kitchen,Mixer,Pune,5,1839.08,15,Cash on Delivery,Delivered
TXN000539,CUST0007,Clothing,T-Shirt,Hyderabad,1,31264.64,15,Cash on Delivery,Delivered
TXN000540,CUST2130,Books,Novel,Coimbatore,2,27380.52,15,Cash on Delivery,Shipped
TXN000541,CUST2206,Electronics,Headphones,Hyderabad,2,10479.39,25,Credit Card,Delivered
TXN000542,CUST2814,Clothing,T-Shirt,Mumbai,10,32192.99,0,Cash on Delivery,Delivered
TXN000543,CUST2947,Clothing,Jeans,Pune,10,30890.94,0,Cash on Delivery,Delivered
TXN000544,CUST2747,Books,Python Programming,Kochi,6,39937.75,25,Debit Card,Delivered
TXN000545,CUST0808,Electronics,Smartwatch,Delhi,1,43806.12,25,Debit Card,Delivered
TXN000546,CUST1492,Sports,Cricket Bat,Pune,4,25554.24,5,Credit Card,Delivered
TXN000547,CUST1767,Sports,Yoga Mat,Chennai,10,24565.73,10,UPI,Delivered
TXN000548,CUST0287,Clothing,Shoes,Delhi,5,31117.63,25,Debit Card,Delivered
TXN000549,CUST2721,Electronics,Smartphone,Delhi,2,36487.46,15,UPI,Delivered
TXN000550,CUST1353,Clothing,T-Shirt,Kochi,2,17872.94,10,Credit Card,Delivered
TXN000551,CUST2553,Home & Kitchen,Mixer,Hyderabad,7,25281.63,25,Debit Card,Delivered
TXN000552,CUST1286,Clothing,T-Shirt,Kochi,7,29296.7,15,Debit Card,Delivered
TXN000553,CUST2718,Clothing,Jacket,Kochi,6,49420.07,0,Credit Card,Delivered
TXN000554,CUST0511,Sports,Dumbbells,Delhi,1,29426.84,0,Cash on Delivery,Delivered
TXN000555,CUST2949,Sports,Dumbbells,Coimbatore,3,11286.91,15,Credit Card,Delivered
TXN000556,CUST1231,Sports,Cricket Bat,Hyderabad,9,29440.69,20,UPI,Pending
TXN000557,CUST2078,Home & Kitchen,Table Lamp,Delhi,10,40993.03,0,UPI,Delivered
TXN000558,CUST1267,Sports,Football,Hyderabad,1,42884.44,5,Cash on Delivery,Cancelled
TXN000559,CUST2732,Electronics,Smartphone,Mumbai,2,40032.5,25,Credit Card,Delivered
TXN000560,CUST1673,Books,Novel,Hyderabad,8,44421.65,0,Credit Card,Delivered
TXN000561,CUST1337,Electronics,Smartwatch,Bengaluru,7,16804.84,5,Cash on Delivery,Delivered
TXN000562,CUST1649,Electronics,Smartwatch,Coimbatore,9,25427.77,10,Credit Card,Pending
TXN000563,CUST2856,Sports,Dumbbells,Chennai,10,39001.6,0,Debit Card,Cancelled
TXN000564,CUST1212,Books,Python Programming,Bengaluru,4,13296.05,25,Credit Card,Delivered
TXN000565,CUST2271,Books,Machine Learning Basics,Bengaluru,4,18641.91,0,Debit Card,Delivered
TXN000566,CUST0522,Books,Python Programming,Kochi,7,41574.67,25,Credit Card,Cancelled
TXN000567,CUST0786,Home & Kitchen,Table Lamp,Kochi,1,38527.27,10,Debit Card,Delivered
TXN000568,CUST1723,Sports,Yoga Mat,Bengaluru,10,48562.86,25,UPI,Delivered
TXN000569,CUST2724,Books,Data Science Guide,Delhi,9,49799.11,5,Cash on Delivery,Delivered
TXN000570,CUST1553,Home & Kitchen,Mixer,Hyderabad,2,12113.15,20,UPI,Delivered
TXN000571,CUST2775,Clothing,T-Shirt,Hyderabad,1,45032.45,25,Debit Card,Delivered
TXN000572,CUST0713,Clothing,T-Shirt,Pune,7,4816.32,25,Cash on Delivery,Cancelled
TXN000573,CUST2522,Home & Kitchen,Mixer,Delhi,6,35519.03,5,UPI,Cancelled
TXN000574,CUST2332,Home & Kitchen,Cookware Set,Coimbatore,3,11082.96,15,UPI,Delivered
TXN000575,CUST1233,Sports,Football,Delhi,1,15085.53,15,Debit Card,Pending
TXN000576,CUST1664,Sports,Yoga Mat,Delhi,5,47321.43,15,Credit Card,Delivered
TXN000577,CUST2245,Clothing,Jacket,Delhi,10,13231.25,25,Credit Card,Shipped
TXN000578,CUST0002,Books,Novel,Coimbatore,4,33691.58,10,Debit Card,Delivered
TXN000579,CUST1245,Clothing,Shoes,Pune,5,8988.61,5,UPI,Pending
TXN000580,CUST1176,Books,Novel,Coimbatore,1,4760.16,25,Credit Card,Delivered
TXN000581,CUST0861,Books,Data Science Guide,Mumbai,1,17031.92,0,Credit Card,Shipped
TXN000582,CUST1761,Sports,Football,Pune,5,31247.39,25,UPI,Shipped
TXN000583,CUST2376,Electronics,Laptop,Mumbai,6,12472.46,15,Debit Card,Delivered
TXN000584,CUST2485,Electronics,Smartphone,Mumbai,5,15078.42,5,Debit Card,Delivered
TXN000585,CUST2682,Home & Kitchen,Mixer,Mumbai,2,35465.62,0,Credit Card,Delivered
TXN000586,CUST1320,Sports,Football,Hyderabad,9,5229.52,5,Debit Card,Delivered
TXN000587,CUST1905,Books,Machine Learning Basics,Bengaluru,5,22400.56,10,UPI,Shipped
TXN000588,CUST1810,Electronics,Smartwatch,Bengaluru,5,47092.55,15,Debit Card,Delivered
TXN000589,CUST1812,Books,Machine Learning Basics,Mumbai,10,19908.89,20,Cash on Delivery,Delivered
TXN000590,CUST2768,Electronics,Headphones,Mumbai,9,21766.63,25,Debit Card,Delivered
TXN000591,CUST0876,Electronics,Laptop,Chennai,3,36936.39,15,Debit Card,Delivered
TXN000592,CUST2094,Electronics,Laptop,Kochi,5,38972.67,15,Debit Card,Shipped
TXN000593,CUST1939,Sports,Dumbbells,Bengaluru,5,38503.36,10,Cash on Delivery,Delivered
TXN000594,CUST0696,Clothing,Jacket,Kochi,2,49893.56,0,UPI,Delivered
TXN000595,CUST2699,Books,Machine Learning Basics,Kochi,4,3665.41,15,Debit Card,Delivered
TXN000596,CUST0348,Sports,Yoga Mat,Chennai,2,49114.44,0,Credit Card,Shipped
TXN000597,CUST1163,Sports,Yoga Mat,Kochi,5,47514.46,0,Debit Card,Delivered
TXN000598,CUST2112,Sports,Cricket Bat,Pune,10,42621.73,10,Cash on Delivery,Shipped
TXN000599,CUST2720,Sports,Football,Chennai,2,22760.87,15,Cash on Delivery,Shipped
TXN000600,CUST2593,Sports,Cricket Bat,Kochi,10,43558.03,25,Credit Card,Delivered
TXN000601,CUST2537,Home & Kitchen,Cookware Set,Kochi,9,11119.54,10,Cash on Delivery,Shipped
TXN000602,CUST1373,Books,Python Programming,Delhi,10,39603.63,10,Cash on Delivery,Delivered
TXN000603,CUST0383,Sports,Dumbbells,Kochi,6,9343.39,20,Cash on Delivery,Shipped
TXN000604,CUST0963,Books,Machine Learning Basics,Hyderabad,8,40786.56,25,UPI,Delivered
TXN000605,CUST2756,Home & Kitchen,Cookware Set,Pune,9,30765.0,10,Cash on Delivery,Delivered
TXN000606,CUST1272,Home & Kitchen,Cookware Set,Coimbatore,8,4991.76,20,Debit Card,Delivered
TXN000607,CUST0921,Books,Data Science Guide,Bengaluru,5,44776.45,0,Credit Card,Delivered
TXN000608,CUST0816,Electronics,Smartphone,Mumbai,5,28940.06,25,Debit Card,Delivered
TXN000609,CUST0604,Clothing,Jacket,Kochi,6,32846.79,25,Debit Card,Pending
TXN000610,CUST0101,Electronics,Laptop,Pune,1,14247.15,0,Credit Card,Pending
TXN000611,CUST0190,Electronics,Smartwatch,Mumbai,8,43594.61,5,UPI,Shipped
TXN000612,CUST1003,Electronics,Smartwatch,Coimbatore,2,27305.52,25,UPI,Delivered
TXN000613,CUST1947,Sports,Yoga Mat,Pune,6,21113.9,5,Cash on Delivery,Delivered
TXN000614,CUST2504,Home & Kitchen,Vacuum Cleaner,Bengaluru,9,26760.66,0,UPI,Shipped
TXN000615,CUST0299,Electronics,Headphones,Pune,3,35195.32,15,UPI,Shipped
TXN000616,CUST1866,Home & Kitchen,Table Lamp,Mumbai,2,34782.89,5,Cash on Delivery,Delivered
TXN000617,CUST1698,Books,Machine Learning Basics,Mumbai,10,17943.1,10,UPI,Cancelled
TXN000618,CUST2580,Clothing,Jeans,Delhi,5,19324.39,25,UPI,Delivered
TXN000619,CUST2358,Books,Python Programming,Kochi,9,28155.69,5,Cash on Delivery,Delivered
TXN000620,CUST0797,Books,Novel,Chennai,6,46227.92,25,Debit Card,Cancelled
TXN000621,CUST2943,Sports,Cricket Bat,Pune,8,37296.97,0,Debit Card,Pending
TXN000622,CUST2853,Clothing,Shoes,Mumbai,8,19581.71,15,Credit Card,Delivered
TXN000623,CUST1573,Books,Data Science Guide,Hyderabad,7,16917.93,0,UPI,Delivered
TXN000624,CUST2025,Books,Python Programming,Bengaluru,5,26229.47,15,Cash on Delivery,Delivered
TXN000625,CUST1637,Clothing,Jeans,Hyderabad,2,43512.57,25,Cash on Delivery,Cancelled
TXN000626,CUST1000,Clothing,Jeans,Coimbatore,10,533.09,5,UPI,Delivered
TXN000627,CUST0605,Books,Novel,Pune,10,35553.25,10,UPI,Pending
TXN000628,CUST2688,Clothing,Jeans,Delhi,5,14796.16,10,Cash on Delivery,Delivered
TXN000629,CUST2817,Books,Data Science Guide,Bengaluru,7,10499.03,0,Cash on Delivery,Delivered
TXN000630,CUST0023,Books,Novel,Delhi,7,705.69,25,Cash on Delivery,Delivered
TXN000631,CUST0437,Sports,Yoga Mat,Chennai,2,44839.87,15,Credit Card,Shipped
TXN000632,CUST1742,Electronics,Smartwatch,Mumbai,7,45621.2,5,Debit Card,Delivered
TXN000633,CUST0897,Books,Data Science Guide,Kochi,6,3164.73,15,Cash on Delivery,Delivered
TXN000634,CUST0721,Home & Kitchen,Table Lamp,Bengaluru,7,26138.58,15,Debit Card,Delivered
TXN000635,CUST2851,Electronics,Laptop,Coimbatore,8,7713.47,15,UPI,Delivered
TXN000636,CUST2122,Electronics,Smartphone,Kochi,4,37958.51,25,Debit Card,Delivered
TXN000637,CUST1903,Electronics,Headphones,Pune,1,33303.03,5,Debit Card,Delivered
TXN000638,CUST0206,Sports,Cricket Bat,Chennai,8,14926.83,25,Debit Card,Delivered
TXN000639,CUST2284,Books,Python Programming,Chennai,8,5936.32,15,UPI,Delivered
TXN000640,CUST1021,Sports,Yoga Mat,Delhi,3,41577.91,25,Debit Card,Delivered
TXN000641,CUST0498,Books,Python Programming,Chennai,3,33745.2,10,Debit Card,Pending
TXN000642,CUST1870,Sports,Cricket Bat,Bengaluru,5,440.32,0,Credit Card,Delivered
TXN000643,CUST0547,Sports,Football,Delhi,3,31430.8,20,UPI,Shipped
TXN000644,CUST1904,Home & Kitchen,Vacuum Cleaner,Kochi,5,40533.77,15,Debit Card,Delivered
TXN000645,CUST2735,Sports,Dumbbells,Chennai,8,29579.33,10,UPI,Cancelled
TXN000646,CUST2176,Clothing,Jeans,Pune,1,21293.21,25,Cash on Delivery,Delivered
TXN000647,CUST2290,Home & Kitchen,Vacuum Cleaner,Kochi,2,29237.53,10,Debit Card,Delivered
TXN000648,CUST2439,Sports,Cricket Bat,Coimbatore,2,31023.63,0,UPI,Delivered
TXN000649,CUST1300,Electronics,Smartphone,Pune,4,32037.73,0,Debit Card,Delivered
TXN000650,CUST1813,Clothing,Jeans,Hyderabad,9,48355.55,20,Debit Card,Delivered
TXN000651,CUST2510,Clothing,Jeans,Bengaluru,2,9014.52,20,Cash on Delivery,Delivered
TXN000652,CUST2947,Clothing,Jacket,Coimbatore,9,31192.35,20,Credit Card,Cancelled
TXN000653,CUST2068,Home & Kitchen,Cookware Set,Coimbatore,7,9480.87,5,UPI,Delivered
TXN000654,CUST1748,Sports,Football,Delhi,10,10576.84,5,Debit Card,Delivered
TXN000655,CUST2245,Sports,Yoga Mat,Mumbai,8,33495.97,10,Cash on Delivery,Shipped
TXN000656,CUST1827,Electronics,Laptop,Delhi,1,45806.11,25,Cash on Delivery,Delivered
TXN000657,CUST0652,Electronics,Headphones,Bengaluru,5,8036.31,0,Credit Card,Delivered
TXN000658,CUST1945,Clothing,Jeans,Bengaluru,9,48127.03,15,Credit Card,Shipped
TXN000659,CUST1844,Electronics,Laptop,Delhi,4,16036.68,0,Cash on Delivery,Shipped
TXN000660,CUST1062,Home & Kitchen,Cookware Set,Mumbai,2,19626.57,5,Cash on Delivery,Delivered
TXN000661,CUST1013,Sports,Cricket Bat,Pune,6,7768.67,10,UPI,Delivered
TXN000662,CUST2612,Clothing,Jeans,Delhi,2,30830.22,15,UPI,Delivered
TXN000663,CUST1136,Electronics,Headphones,Bengaluru,3,29861.38,20,Cash on Delivery,Delivered
TXN000664,CUST2136,Home & Kitchen,Mixer,Mumbai,8,22169.26,20,Cash on Delivery,Pending
TXN000665,CUST1985,Home & Kitchen,Mixer,Bengaluru,3,23856.96,5,Credit Card,Pending
TXN000666,CUST2568,Electronics,Laptop,Mumbai,2,31186.5,10,UPI,Delivered
TXN000667,CUST0980,Sports,Dumbbells,Mumbai,6,29216.48,25,Cash on Delivery,Delivered
TXN000668,CUST1125,Electronics,Smartphone,Kochi,3,18775.74,0,UPI,Delivered
TXN000669,CUST1802,Clothing,Jacket,Delhi,1,44217.31,5,UPI,Shipped
TXN000670,CUST0318,Electronics,Laptop,Delhi,3,33416.26,25,Cash on Delivery,Shipped
TXN000671,CUST2923,Home & Kitchen,Vacuum Cleaner,Delhi,6,10349.78,25,Cash on Delivery,Delivered
TXN000672,CUST1171,Electronics,Smartwatch,Mumbai,3,16063.16,0,Debit Card,Delivered
TXN000673,CUST0961,Sports,Football,Mumbai,9,39415.12,15,UPI,Delivered
TXN000674,CUST1113,Books,Machine Learning Basics,Bengaluru,7,5315.82,0,UPI,Delivered
TXN000675,CUST1376,Electronics,Headphones,Coimbatore,5,37536.58,15,Credit Card,Delivered
TXN000676,CUST1310,Sports,Football,Delhi,2,18006.24,25,Credit Card,Delivered
TXN000677,CUST2213,Sports,Dumbbells,Kochi,9,27629.38,10,Credit Card,Delivered
TXN000678,CUST0331,Home & Kitchen,Mixer,Hyderabad,5,14099.85,5,UPI,Pending
TXN000679,CUST0567,Sports,Cricket Bat,Bengaluru,7,49324.18,0,Cash on Delivery,Shipped
TXN000680,CUST0618,Sports,Football,Bengaluru,9,45301.43,10,Cash on Delivery,Shipped
TXN000681,CUST0948,Sports,Football,Chennai,4,46429.65,10,Cash on Delivery,Delivered
TXN000682,CUST1569,Sports,Football,Delhi,9,9320.3,0,UPI,Pending
TXN000683,CUST2843,Clothing,Jeans,Pune,1,42100.34,20,Cash on Delivery,Delivered
TXN000684,CUST0626,Clothing,Shoes,Bengaluru,6,26816.32,25,Credit Card,Delivered
TXN000685,CUST2894,Home & Kitchen,Vacuum Cleaner,Chennai,2,35422.17,20,Cash on Delivery,Delivered
TXN000686,CUST0877,Electronics,Headphones,Hyderabad,8,10953.45,15,Cash on Delivery,Delivered
TXN000687,CUST0264,Sports,Dumbbells,Kochi,5,35628.03,10,Credit Card,Delivered
TXN000688,CUST1700,Electronics,Laptop,Hyderabad,3,45721.94,5,Debit Card,Delivered
TXN000689,CUST1670,Electronics,Smartphone,Pune,2,13447.32,5,Debit Card,Delivered
TXN000690,CUST1356,Home & Kitchen,Cookware Set,Delhi,8,11744.66,10,Debit Card,Shipped
TXN000691,CUST2223,Sports,Yoga Mat,Mumbai,7,5310.29,20,UPI,Shipped
TXN000692,CUST1909,Sports,Football,Chennai,9,13413.65,25,UPI,Delivered
TXN000693,CUST1704,Books,Machine Learning Basics,Mumbai,8,26836.03,10,Credit Card,Delivered
TXN000694,CUST0256,Electronics,Laptop,Hyderabad,4,41652.54,15,Debit Card,Delivered
TXN000695,CUST0848,Electronics,Smartphone,Hyderabad,2,14012.13,10,UPI,Shipped
TXN000696,CUST1721,Clothing,Jacket,Coimbatore,2,31095.11,0,Cash on Delivery,Delivered
TXN000697,CUST1596,Books,Data Science Guide,Coimbatore,2,24031.58,20,Debit Card,Delivered
TXN000698,CUST2393,Clothing,Shoes,Kochi,6,14500.09,0,Debit Card,Delivered
TXN000699,CUST2849,Clothing,Jeans,Pune,7,25566.92,0,UPI,Delivered
TXN000700,CUST0081,Clothing,T-Shirt,Coimbatore,6,8481.32,10,Debit Card,Pending
TXN000701,CUST2359,Home & Kitchen,Table Lamp,Coimbatore,2,32014.92,25,Credit Card,Delivered
TXN000702,CUST1559,Home & Kitchen,Mixer,Pune,4,5871.57,10,Credit Card,Pending
TXN000703,CUST1954,Clothing,Jeans,Bengaluru,3,36575.93,25,UPI,Delivered
TXN000704,CUST0025,Books,Novel,Coimbatore,4,8967.86,5,Debit Card,Delivered
TXN000705,CUST1441,Electronics,Headphones,Bengaluru,5,49908.14,25,Credit Card,Pending
TXN000706,CUST1224,Books,Novel,Bengaluru,7,41201.26,0,Debit Card,Cancelled
TXN000707,CUST1598,Sports,Dumbbells,Delhi,9,17257.63,10,Credit Card,Pending
TXN000708,CUST1717,Home & Kitchen,Cookware Set,Bengaluru,2,21367.62,5,Credit Card,Delivered
TXN000709,CUST2205,Electronics,Headphones,Bengaluru,8,13033.63,0,Debit Card,Pending
TXN000710,CUST2237,Electronics,Headphones,Coimbatore,3,38379.02,5,UPI,Delivered
TXN000711,CUST2471,Sports,Dumbbells,Bengaluru,9,19098.28,20,UPI,Shipped
TXN000712,CUST0904,Sports,Dumbbells,Mumbai,10,37783.76,15,UPI,Delivered
TXN000713,CUST2000,Clothing,Shoes,Pune,4,1018.24,0,Debit Card,Delivered
TXN000714,CUST0899,Home & Kitchen,Vacuum Cleaner,Coimbatore,3,6867.49,10,Debit Card,Delivered
TXN000715,CUST1118,Home & Kitchen,Table Lamp,Pune,10,18312.22,25,Debit Card,Delivered
TXN000716,CUST1786,Books,Python Programming,Chennai,6,5534.54,20,UPI,Delivered
TXN000717,CUST1990,Clothing,Jeans,Coimbatore,10,30096.29,5,Debit Card,Delivered
TXN000718,CUST0119,Clothing,Jeans,Bengaluru,9,2636.52,15,UPI,Shipped
TXN000719,CUST1593,Clothing,Jeans,Mumbai,7,43002.17,25,Credit Card,Shipped
TXN000720,CUST1377,Clothing,Shoes,Pune,4,38089.27,0,UPI,Delivered
TXN000721,CUST2740,Home & Kitchen,Cookware Set,Coimbatore,3,10891.2,15,UPI,Delivered
TXN000722,CUST2782,Home & Kitchen,Table Lamp,Mumbai,10,24241.22,20,Cash on Delivery,Delivered
TXN000723,CUST1657,Clothing,Jeans,Pune,4,22645.47,15,Cash on Delivery,Cancelled
TXN000724,CUST2967,Books,Machine Learning Basics,Chennai,3,36270.74,0,UPI,Delivered
TXN000725,CUST0677,Electronics,Smartwatch,Hyderabad,3,20135.29,20,Cash on Delivery,Delivered
TXN000726,CUST1915,Electronics,Smartwatch,Kochi,9,1743.47,5,Debit Card,Shipped
TXN000727,CUST0523,Books,Data Science Guide,Kochi,4,13759.42,0,Cash on Delivery,Delivered
TXN000728,CUST2549,Clothing,Jacket,Chennai,9,23363.17,15,Cash on Delivery,Delivered
TXN000729,CUST2188,Home & Kitchen,Vacuum Cleaner,Hyderabad,10,48727.16,0,Cash on Delivery,Cancelled
TXN000730,CUST0111,Electronics,Smartphone,Delhi,5,44069.82,20,UPI,Pending
TXN000731,CUST1614,Sports,Football,Hyderabad,7,9152.17,15,Credit Card,Delivered
TXN000732,CUST2425,Sports,Cricket Bat,Delhi,5,36191.47,5,Credit Card,Delivered
TXN000733,CUST2312,Books,Machine Learning Basics,Coimbatore,1,46847.59,25,Credit Card,Delivered
TXN000734,CUST2716,Clothing,Shoes,Delhi,2,538.75,10,Credit Card,Pending
TXN000735,CUST0112,Electronics,Headphones,Kochi,5,36075.19,5,Credit Card,Delivered
TXN000736,CUST0344,Clothing,Jeans,Kochi,6,23020.74,0,Credit Card,Delivered
TXN000737,CUST2633,Electronics,Smartphone,Mumbai,7,34043.79,10,UPI,Delivered
TXN000738,CUST1756,Books,Novel,Delhi,2,30318.9,25,Debit Card,Delivered
TXN000739,CUST0556,Books,Machine Learning Basics,Mumbai,10,49234.81,25,Debit Card,Shipped
TXN000740,CUST1892,Sports,Dumbbells,Kochi,9,14511.89,20,Credit Card,Cancelled
TXN000741,CUST0745,Clothing,Shoes,Pune,6,39328.53,25,Cash on Delivery,Shipped
TXN000742,CUST0206,Sports,Dumbbells,Pune,2,11808.53,15,Cash on Delivery,Delivered
TXN000743,CUST1066,Clothing,Shoes,Hyderabad,2,21836.84,15,UPI,Pending
TXN000744,CUST1553,Sports,Dumbbells,Hyderabad,3,48771.51,20,Credit Card,Delivered
TXN000745,CUST1341,Home & Kitchen,Vacuum Cleaner,Hyderabad,1,38330.2,25,Credit Card,Delivered
TXN000746,CUST0867,Home & Kitchen,Table Lamp,Delhi,9,15859.48,0,Cash on Delivery,Delivered
TXN000747,CUST1863,Home & Kitchen,Vacuum Cleaner,Hyderabad,10,31006.53,5,Credit Card,Pending
TXN000748,CUST1339,Home & Kitchen,Vacuum Cleaner,Delhi,4,2579.63,10,Credit Card,Delivered
TXN000749,CUST1383,Electronics,Smartwatch,Delhi,5,13393.11,20,Cash on Delivery,Delivered
TXN000750,CUST1553,Home & Kitchen,Mixer,Bengaluru,7,35947.69,25,Debit Card,Delivered
TXN000751,CUST1140,Books,Data Science Guide,Bengaluru,1,28547.67,0,Debit Card,Delivered
TXN000752,CUST1727,Books,Novel,Delhi,3,23536.68,0,UPI,Cancelled
TXN000753,CUST1034,Electronics,Laptop,Pune,3,34574.72,10,Cash on Delivery,Delivered
TXN000754,CUST0336,Home & Kitchen,Vacuum Cleaner,Mumbai,2,19983.1,20,UPI,Delivered
TXN000755,CUST1927,Home & Kitchen,Mixer,Kochi,8,1405.19,5,Credit Card,Shipped
TXN000756,CUST0080,Home & Kitchen,Vacuum Cleaner,Kochi,5,22107.23,5,Cash on Delivery,Delivered
TXN000757,CUST2210,Sports,Cricket Bat,Coimbatore,1,45116.25,20,Debit Card,Delivered
TXN000758,CUST0214,Clothing,Jacket,Chennai,2,42845.09,15,Credit Card,Delivered
TXN000759,CUST1434,Sports,Cricket Bat,Bengaluru,1,20508.96,25,Debit Card,Delivered
TXN000760,CUST0919,Clothing,Jacket,Delhi,6,1208.85,5,Debit Card,Delivered
TXN000761,CUST2663,Home & Kitchen,Cookware Set,Chennai,9,31851.73,15,UPI,Delivered
TXN000762,CUST0282,Home & Kitchen,Mixer,Bengaluru,7,37085.6,20,Cash on Delivery,Delivered
TXN000763,CUST2670,Sports,Cricket Bat,Coimbatore,5,14782.75,25,Cash on Delivery,Pending
TXN000764,CUST0165,Sports,Cricket Bat,Kochi,3,23885.53,0,Cash on Delivery,Shipped
TXN000765,CUST0128,Clothing,Jacket,Mumbai,8,49593.65,20,UPI,Shipped
TXN000766,CUST1013,Books,Python Programming,Delhi,10,28859.52,0,Debit Card,Delivered
TXN000767,CUST0817,Clothing,Jeans,Coimbatore,4,17618.64,20,UPI,Delivered
TXN000768,CUST0084,Sports,Yoga Mat,Kochi,9,31411.69,15,Cash on Delivery,Delivered
TXN000769,CUST2545,Sports,Football,Pune,5,9083.11,25,Credit Card,Delivered
TXN000770,CUST0625,Electronics,Headphones,Bengaluru,6,10042.69,15,Cash on Delivery,Delivered
TXN000771,CUST0978,Sports,Yoga Mat,Delhi,5,46253.74,25,Cash on Delivery,Delivered
TXN000772,CUST0518,Electronics,Headphones,Chennai,10,12036.08,20,Debit Card,Delivered
TXN000773,CUST1940,Books,Machine Learning Basics,Pune,7,15608.39,0,Cash on Delivery,Pending
TXN000774,CUST2743,Clothing,Jeans,Kochi,7,27234.48,20,Cash on Delivery,Delivered
TXN000775,CUST0469,Clothing,Jeans,Pune,1,44994.66,0,Debit Card,Pending
TXN000776,CUST2311,Electronics,Headphones,Hyderabad,2,39094.3,15,Cash on Delivery,Delivered
TXN000777,CUST0893,Clothing,T-Shirt,Mumbai,7,2284.82,10,Cash on Delivery,Cancelled
TXN000778,CUST1905,Sports,Yoga Mat,Kochi,8,34682.18,5,Debit Card,Delivered
TXN000779,CUST2866,Home & Kitchen,Vacuum Cleaner,Pune,4,25252.67,15,Credit Card,Delivered
TXN000780,CUST1050,Electronics,Headphones,Bengaluru,6,23830.09,20,Debit Card,Delivered
TXN000781,CUST1511,Clothing,Shoes,Mumbai,10,34608.76,20,Cash on Delivery,Pending
TXN000782,CUST0688,Electronics,Smartwatch,Delhi,3,9891.98,0,UPI,Delivered
TXN000783,CUST2482,Electronics,Smartphone,Hyderabad,7,49076.28,5,Credit Card,Delivered
TXN000784,CUST2488,Home & Kitchen,Table Lamp,Kochi,3,32300.8,25,Debit Card,Delivered
TXN000785,CUST2943,Sports,Football,Coimbatore,7,18346.24,15,Credit Card,Delivered
TXN000786,CUST0470,Electronics,Smartwatch,Mumbai,8,30050.09,5,Credit Card,Delivered
TXN000787,CUST0671,Clothing,Jeans,Chennai,3,10901.9,5,UPI,Delivered
TXN000788,CUST1275,Books,Data Science Guide,Bengaluru,2,31728.71,15,UPI,Shipped
TXN000789,CUST0443,Electronics,Laptop,Kochi,6,1508.04,0,UPI,Delivered
TXN000790,CUST2371,Electronics,Smartwatch,Chennai,4,17124.98,25,Cash on Delivery,Shipped
TXN000791,CUST0106,Home & Kitchen,Cookware Set,Mumbai,8,37401.09,0,Debit Card,Delivered
TXN000792,CUST1278,Sports,Dumbbells,Kochi,2,40418.09,0,Cash on Delivery,Delivered
TXN000793,CUST2359,Books,Novel,Hyderabad,4,12720.68,10,Debit Card,Delivered
TXN000794,CUST2775,Clothing,Jacket,Coimbatore,2,27016.53,5,Cash on Delivery,Pending
TXN000795,CUST1538,Books,Python Programming,Coimbatore,2,26471.8,10,Cash on Delivery,Delivered
TXN000796,CUST1625,Clothing,Jacket,Chennai,2,21130.66,0,UPI,Cancelled
TXN000797,CUST2929,Sports,Football,Delhi,1,11498.81,25,Cash on Delivery,Delivered
TXN000798,CUST0813,Clothing,Shoes,Delhi,4,35191.09,15,UPI,Delivered
TXN000799,CUST0312,Home & Kitchen,Table Lamp,Hyderabad,2,12692.85,5,Debit Card,Delivered
TXN000800,CUST2426,Home & Kitchen,Cookware Set,Coimbatore,9,45560.18,15,UPI,Pending
TXN000801,CUST2829,Home & Kitchen,Table Lamp,Chennai,9,26472.21,20,Credit Card,Delivered
TXN000802,CUST2570,Home & Kitchen,Table Lamp,Chennai,7,43536.87,5,Credit Card,Delivered
TXN000803,CUST0995,Books,Python Programming,Kochi,6,14608.06,15,Cash on Delivery,Delivered
TXN000804,CUST0418,Sports,Yoga Mat,Kochi,3,40373.25,0,Credit Card,Delivered
TXN000805,CUST2856,Clothing,Jeans,Chennai,7,5771.81,10,Debit Card,Pending
TXN000806,CUST1236,Clothing,Jeans,Kochi,1,38364.83,15,Cash on Delivery,Delivered
TXN000807,CUST2803,Home & Kitchen,Vacuum Cleaner,Mumbai,9,19408.6,25,UPI,Delivered
TXN000808,CUST2460,Home & Kitchen,Mixer,Kochi,4,23552.51,20,Cash on Delivery,Delivered
TXN000809,CUST0496,Electronics,Smartwatch,Hyderabad,6,8423.69,0,Cash on Delivery,Delivered
TXN000810,CUST2319,Sports,Yoga Mat,Delhi,6,1029.52,20,Credit Card,Delivered
TXN000811,CUST0169,Books,Machine Learning Basics,Delhi,3,33343.25,25,Cash on Delivery,Delivered
TXN000812,CUST1423,Clothing,Jeans,Mumbai,4,29427.14,25,Debit Card,Delivered
TXN000813,CUST2183,Electronics,Smartwatch,Bengaluru,10,31159.16,10,Cash on Delivery,Delivered
TXN000814,CUST1755,Electronics,Smartwatch,Mumbai,3,12824.59,20,UPI,Delivered
TXN000815,CUST2710,Clothing,Shoes,Hyderabad,6,12039.95,25,UPI,Delivered
TXN000816,CUST1518,Books,Machine Learning Basics,Chennai,1,41531.79,15,Credit Card,Delivered
TXN000817,CUST0283,Electronics,Headphones,Mumbai,8,38086.51,25,Cash on Delivery,Delivered
TXN000818,CUST2073,Electronics,Smartphone,Chennai,8,16905.83,25,UPI,Pending
TXN000819,CUST2653,Sports,Cricket Bat,Hyderabad,9,31926.51,15,Cash on Delivery,Delivered
TXN000820,CUST1398,Books,Data Science Guide,Pune,6,41424.69,0,Cash on Delivery,Pending
TXN000821,CUST0052,Electronics,Laptop,Hyderabad,1,44452.59,10,UPI,Delivered
TXN000822,CUST1721,Books,Machine Learning Basics,Coimbatore,3,389.73,10,Cash on Delivery,Delivered
TXN000823,CUST2008,Clothing,Shoes,Chennai,1,40691.77,5,Credit Card,Delivered
TXN000824,CUST0433,Home & Kitchen,Table Lamp,Delhi,5,17584.58,5,Credit Card,Delivered
TXN000825,CUST1776,Electronics,Laptop,Mumbai,3,35947.08,15,UPI,Delivered
TXN000826,CUST1484,Sports,Dumbbells,Pune,2,18632.93,25,Debit Card,Shipped
TXN000827,CUST2604,Clothing,T-Shirt,Hyderabad,3,30351.83,20,Debit Card,Delivered
TXN000828,CUST1884,Books,Novel,Chennai,9,32374.44,25,Cash on Delivery,Delivered
TXN000829,CUST2898,Clothing,Jeans,Pune,8,20309.14,25,Credit Card,Delivered
TXN000830,CUST0627,Electronics,Smartwatch,Bengaluru,3,25687.99,20,UPI,Shipped
TXN000831,CUST1784,Books,Python Programming,Coimbatore,2,36343.04,0,Credit Card,Delivered
TXN000832,CUST0722,Home & Kitchen,Vacuum Cleaner,Bengaluru,5,23867.63,10,Debit Card,Delivered
TXN000833,CUST2138,Clothing,Shoes,Hyderabad,1,797.63,15,Debit Card,Delivered
TXN000834,CUST2665,Electronics,Headphones,Bengaluru,4,743.92,20,Cash on Delivery,Pending
TXN000835,CUST1107,Sports,Cricket Bat,Bengaluru,8,33099.41,5,UPI,Delivered
TXN000836,CUST2523,Books,Data Science Guide,Coimbatore,1,42377.15,15,Cash on Delivery,Delivered
TXN000837,CUST2205,Clothing,T-Shirt,Coimbatore,5,39285.15,0,Credit Card,Cancelled
TXN000838,CUST1981,Clothing,Jeans,Kochi,4,15588.98,15,Credit Card,Delivered
TXN000839,CUST1905,Home & Kitchen,Mixer,Coimbatore,6,23609.28,20,Debit Card,Shipped
TXN000840,CUST1785,Home & Kitchen,Table Lamp,Pune,7,11784.62,0,Cash on Delivery,Delivered
TXN000841,CUST2995,Sports,Cricket Bat,Kochi,9,49458.58,25,Credit Card,Delivered
TXN000842,CUST2427,Sports,Football,Coimbatore,1,13099.27,5,Credit Card,Delivered
TXN000843,CUST1100,Electronics,Laptop,Bengaluru,10,20871.45,5,Credit Card,Pending
TXN000844,CUST1321,Electronics,Smartphone,Delhi,4,34088.33,20,UPI,Delivered
TXN000845,CUST1006,Sports,Dumbbells,Delhi,6,43813.28,0,Debit Card,Delivered
TXN000846,CUST0355,Sports,Yoga Mat,Kochi,10,2668.64,5,Cash on Delivery,Cancelled
TXN000847,CUST1143,Books,Data Science Guide,Coimbatore,7,15120.88,0,Credit Card,Delivered
TXN000848,CUST1847,Home & Kitchen,Cookware Set,Pune,7,28492.39,15,UPI,Pending
TXN000849,CUST0999,Electronics,Headphones,Mumbai,8,30953.82,10,Credit Card,Delivered
TXN000850,CUST1904,Home & Kitchen,Mixer,Chennai,10,3594.37,10,Credit Card,Delivered
TXN000851,CUST2335,Home & Kitchen,Table Lamp,Hyderabad,8,33237.53,10,Debit Card,Delivered
TXN000852,CUST2500,Sports,Cricket Bat,Pune,8,26450.41,5,UPI,Delivered
TXN000853,CUST2737,Books,Machine Learning Basics,Mumbai,8,41398.61,20,Credit Card,Cancelled
TXN000854,CUST1553,Clothing,T-Shirt,Hyderabad,8,11187.24,10,Debit Card,Delivered
TXN000855,CUST1378,Books,Data Science Guide,Mumbai,6,9831.85,25,UPI,Cancelled
TXN000856,CUST0118,Books,Machine Learning Basics,Mumbai,9,39687.53,20,Credit Card,Delivered
TXN000857,CUST2025,Home & Kitchen,Table Lamp,Kochi,3,35223.07,10,Cash on Delivery,Delivered
TXN000858,CUST1332,Books,Novel,Delhi,6,39604.5,15,Debit Card,Delivered
TXN000859,CUST0745,Electronics,Laptop,Chennai,5,39118.51,10,Credit Card,Delivered
TXN000860,CUST1998,Home & Kitchen,Mixer,Mumbai,8,5289.63,20,Credit Card,Delivered
TXN000861,CUST0869,Electronics,Laptop,Coimbatore,4,14001.29,5,UPI,Delivered
TXN000862,CUST1454,Clothing,Shoes,Hyderabad,4,13078.25,25,Cash on Delivery,Shipped
TXN000863,CUST1059,Home & Kitchen,Table Lamp,Pune,10,46735.91,15,Debit Card,Delivered
TXN000864,CUST1395,Clothing,T-Shirt,Delhi,10,24424.58,20,UPI,Delivered
TXN000865,CUST1146,Home & Kitchen,Table Lamp,Hyderabad,5,5641.75,0,Credit Card,Delivered
TXN000866,CUST2442,Sports,Football,Kochi,6,14549.94,10,Debit Card,Delivered
TXN000867,CUST2873,Books,Data Science Guide,Coimbatore,4,43607.89,15,Credit Card,Cancelled
TXN000868,CUST1132,Sports,Football,Coimbatore,2,42368.61,5,Credit Card,Delivered
TXN000869,CUST2277,Clothing,Jacket,Mumbai,2,45026.94,0,Cash on Delivery,Delivered
TXN000870,CUST0042,Books,Novel,Coimbatore,3,19487.59,10,Credit Card,Delivered
TXN000871,CUST2117,Home & Kitchen,Table Lamp,Chennai,2,32102.91,15,Debit Card,Delivered
TXN000872,CUST0783,Books,Data Science Guide,Kochi,1,13980.88,25,Credit Card,Delivered
TXN000873,CUST0351,Electronics,Headphones,Coimbatore,8,9123.18,20,Debit Card,Delivered
TXN000874,CUST0989,Books,Data Science Guide,Mumbai,5,1192.86,10,Cash on Delivery,Delivered
TXN000875,CUST2950,Electronics,Smartwatch,Hyderabad,10,11249.7,15,Credit Card,Delivered
TXN000876,CUST1665,Books,Machine Learning Basics,Kochi,1,30258.27,10,UPI,Pending
TXN000877,CUST2002,Electronics,Laptop,Coimbatore,9,45220.09,25,Debit Card,Delivered
TXN000878,CUST2275,Clothing,T-Shirt,Delhi,8,6757.69,15,Credit Card,Delivered
TXN000879,CUST0985,Sports,Football,Kochi,4,45908.78,20,UPI,Delivered
TXN000880,CUST2829,Home & Kitchen,Table Lamp,Kochi,8,17334.72,10,Debit Card,Delivered
TXN000881,CUST1951,Books,Python Programming,Pune,10,21398.74,15,UPI,Delivered
TXN000882,CUST2646,Sports,Dumbbells,Delhi,7,18312.43,0,Credit Card,Pending
TXN000883,CUST2916,Home & Kitchen,Cookware Set,Delhi,7,20489.55,5,Cash on Delivery,Delivered
TXN000884,CUST2011,Home & Kitchen,Vacuum Cleaner,Hyderabad,1,13033.74,25,Cash on Delivery,Delivered
TXN000885,CUST1836,Electronics,Smartwatch,Bengaluru,6,34960.37,15,UPI,Delivered
TXN000886,CUST0071,Clothing,Shoes,Pune,4,37933.34,15,Credit Card,Delivered
TXN000887,CUST0382,Clothing,Shoes,Delhi,10,41173.33,15,Credit Card,Pending
TXN000888,CUST1206,Sports,Cricket Bat,Delhi,10,17130.35,10,Debit Card,Delivered
TXN000889,CUST0908,Clothing,T-Shirt,Bengaluru,10,38254.88,25,Credit Card,Delivered
TXN000890,CUST1657,Books,Machine Learning Basics,Hyderabad,2,31920.0,5,Cash on Delivery,Cancelled
TXN000891,CUST2834,Clothing,Shoes,Pune,10,47900.01,25,Credit Card,Pending
TXN000892,CUST0997,Sports,Yoga Mat,Delhi,7,21296.78,10,Debit Card,Cancelled
TXN000893,CUST1255,Clothing,Jacket,Mumbai,9,49616.26,15,Debit Card,Delivered
TXN000894,CUST2720,Books,Novel,Hyderabad,5,37045.66,25,Credit Card,Delivered
TXN000895,CUST2383,Electronics,Laptop,Pune,8,38836.26,15,Credit Card,Delivered
TXN000896,CUST1512,Sports,Dumbbells,Delhi,5,1382.67,5,Debit Card,Delivered
TXN000897,CUST1939,Electronics,Laptop,Delhi,7,24920.18,0,Debit Card,Delivered
TXN000898,CUST2268,Electronics,Laptop,Bengaluru,7,26464.0,10,UPI,Cancelled
TXN000899,CUST2175,Electronics,Smartwatch,Pune,9,2125.95,0,Cash on Delivery,Delivered
TXN000900,CUST1409,Home & Kitchen,Table Lamp,Mumbai,3,15675.35,25,Cash on Delivery,Delivered
TXN000901,CUST1743,Home & Kitchen,Table Lamp,Hyderabad,1,47786.64,15,UPI,Delivered
TXN000902,CUST2255,Electronics,Laptop,Coimbatore,2,21362.96,15,UPI,Delivered
TXN000903,CUST1355,Sports,Cricket Bat,Chennai,6,9416.43,20,Cash on Delivery,Delivered
TXN000904,CUST1442,Books,Novel,Mumbai,10,25715.6,20,Debit Card,Cancelled
TXN000905,CUST2879,Books,Python Programming,Coimbatore,10,1784.9,0,Cash on Delivery,Shipped
TXN000906,CUST1859,Clothing,Jeans,Mumbai,9,25847.84,20,Debit Card,Delivered
TXN000907,CUST1110,Sports,Football,Pune,3,29753.99,25,Cash on Delivery,Pending
TXN000908,CUST1256,Home & Kitchen,Vacuum Cleaner,Coimbatore,10,17948.95,5,Debit Card,Delivered
TXN000909,CUST1030,Electronics,Headphones,Pune,2,38152.55,25,Cash on Delivery,Delivered
TXN000910,CUST0945,Clothing,T-Shirt,Coimbatore,1,6872.13,0,UPI,Delivered
TXN000911,CUST0495,Books,Data Science Guide,Mumbai,2,43921.35,25,Credit Card,Delivered
TXN000912,CUST2955,Home & Kitchen,Table Lamp,Bengaluru,3,47776.7,20,Credit Card,Shipped
TXN000913,CUST0789,Home & Kitchen,Table Lamp,Mumbai,7,161.6,20,Credit Card,Delivered
TXN000914,CUST1293,Electronics,Smartphone,Pune,2,42151.81,5,Debit Card,Delivered
TXN000915,CUST0490,Books,Machine Learning Basics,Mumbai,5,25354.65,25,Credit Card,Pending
TXN000916,CUST2195,Sports,Cricket Bat,Kochi,2,23124.14,5,Cash on Delivery,Delivered
TXN000917,CUST2827,Home & Kitchen,Mixer,Kochi,7,12010.09,0,Credit Card,Delivered
TXN000918,CUST0759,Electronics,Headphones,Coimbatore,10,22421.52,10,Debit Card,Delivered
TXN000919,CUST0785,Sports,Dumbbells,Kochi,8,47526.31,25,Debit Card,Delivered
TXN000920,CUST0887,Books,Novel,Chennai,8,10618.3,25,Debit Card,Delivered
TXN000921,CUST1984,Home & Kitchen,Cookware Set,Coimbatore,8,9034.16,5,Cash on Delivery,Shipped
TXN000922,CUST1133,Sports,Yoga Mat,Kochi,10,12170.63,20,Debit Card,Delivered
TXN000923,CUST2968,Sports,Football,Delhi,9,27636.53,0,Cash on Delivery,Delivered
TXN000924,CUST2415,Sports,Cricket Bat,Mumbai,1,46521.96,10,Debit Card,Delivered
TXN000925,CUST2149,Home & Kitchen,Table Lamp,Hyderabad,1,28736.69,25,UPI,Delivered
TXN000926,CUST2445,Home & Kitchen,Mixer,Mumbai,10,12249.78,0,Debit Card,Pending
TXN000927,CUST1160,Clothing,T-Shirt,Kochi,2,22078.57,20,Credit Card,Pending
TXN000928,CUST0412,Books,Novel,Bengaluru,6,19580.97,10,Credit Card,Delivered
TXN000929,CUST0796,Electronics,Smartwatch,Pune,1,2423.82,10,UPI,Delivered
TXN000930,CUST1214,Sports,Yoga Mat,Hyderabad,5,25581.03,5,Debit Card,Shipped
TXN000931,CUST0932,Clothing,Shoes,Coimbatore,5,6387.72,15,Credit Card,Delivered
TXN000932,CUST1479,Electronics,Laptop,Bengaluru,4,42127.98,20,Credit Card,Delivered
TXN000933,CUST0735,Clothing,Shoes,Mumbai,5,27493.25,15,Cash on Delivery,Delivered
TXN000934,CUST1239,Home & Kitchen,Mixer,Kochi,1,42245.86,20,Cash on Delivery,Delivered
TXN000935,CUST0058,Sports,Cricket Bat,Coimbatore,6,47806.63,0,Debit Card,Delivered
TXN000936,CUST2901,Electronics,Headphones,Coimbatore,7,47165.1,15,UPI,Delivered
TXN000937,CUST2188,Electronics,Smartphone,Delhi,8,5111.42,25,Debit Card,Delivered
TXN000938,CUST0519,Electronics,Laptop,Delhi,2,47246.37,25,Cash on Delivery,Delivered
TXN000939,CUST1124,Electronics,Headphones,Kochi,7,39807.79,25,Cash on Delivery,Delivered
TXN000940,CUST0187,Electronics,Smartwatch,Kochi,6,38905.14,10,Debit Card,Delivered
TXN000941,CUST0224,Clothing,Shoes,Chennai,9,4597.41,5,Debit Card,Pending
TXN000942,CUST2267,Sports,Dumbbells,Delhi,8,9057.78,20,Debit Card,Shipped
TXN000943,CUST1197,Home & Kitchen,Mixer,Pune,4,48760.65,5,Debit Card,Delivered
TXN000944,CUST2857,Home & Kitchen,Mixer,Hyderabad,9,10747.17,20,UPI,Delivered
TXN000945,CUST0518,Home & Kitchen,Cookware Set,Coimbatore,1,8535.76,25,Credit Card,Shipped
TXN000946,CUST2613,Home & Kitchen,Table Lamp,Delhi,6,18181.35,10,Debit Card,Delivered
TXN000947,CUST2011,Clothing,Jeans,Kochi,8,45676.47,10,Credit Card,Cancelled
TXN000948,CUST0421,Books,Novel,Chennai,4,23862.05,10,Cash on Delivery,Shipped
TXN000949,CUST0051,Sports,Yoga Mat,Kochi,2,46037.13,10,Credit Card,Delivered
TXN000950,CUST2352,Electronics,Laptop,Kochi,2,16783.51,10,Debit Card,Delivered
TXN000951,CUST1165,Books,Data Science Guide,Kochi,10,11403.78,25,Credit Card,Shipped
TXN000952,CUST1923,Home & Kitchen,Mixer,Mumbai,1,24810.63,5,Debit Card,Delivered
TXN000953,CUST1961,Books,Python Programming,Hyderabad,5,30812.3,0,Debit Card,Delivered
TXN000954,CUST1805,Sports,Football,Delhi,6,19635.8,15,Cash on Delivery,Delivered
TXN000955,CUST1396,Electronics,Headphones,Coimbatore,4,17366.92,5,Debit Card,Delivered
TXN000956,CUST0756,Electronics,Smartphone,Mumbai,4,10981.16,25,Cash on Delivery,Shipped
TXN000957,CUST0211,Sports,Dumbbells,Kochi,5,13822.84,15,UPI,Delivered
TXN000958,CUST1035,Sports,Football,Pune,5,33688.59,0,Debit Card,Delivered
TXN000959,CUST1957,Home & Kitchen,Mixer,Coimbatore,9,18556.69,20,Cash on Delivery,Pending
TXN000960,CUST0468,Electronics,Smartphone,Mumbai,8,4079.88,0,Cash on Delivery,Cancelled
TXN000961,CUST0268,Books,Machine Learning Basics,Pune,9,6993.95,0,Debit Card,Shipped
TXN000962,CUST1642,Clothing,Jeans,Pune,3,18681.72,25,Credit Card,Delivered
TXN000963,CUST2015,Clothing,Shoes,Hyderabad,3,46232.67,20,Cash on Delivery,Shipped
TXN000964,CUST0304,Sports,Yoga Mat,Coimbatore,1,19013.61,15,UPI,Delivered
TXN000965,CUST2364,Home & Kitchen,Cookware Set,Delhi,10,3126.04,10,Credit Card,Pending
TXN000966,CUST2579,Clothing,Jeans,Delhi,6,20957.91,20,Credit Card,Delivered
TXN000967,CUST2812,Electronics,Smartphone,Chennai,4,33474.0,20,Debit Card,Shipped
TXN000968,CUST0220,Sports,Football,Mumbai,8,29720.45,0,Cash on Delivery,Delivered
TXN000969,CUST0622,Books,Novel,Chennai,2,14012.27,20,UPI,Delivered
TXN000970,CUST0612,Sports,Cricket Bat,Bengaluru,2,34435.64,5,Cash on Delivery,Delivered
TXN000971,CUST2306,Books,Python Programming,Delhi,7,31568.16,10,UPI,Shipped
TXN000972,CUST1245,Sports,Dumbbells,Mumbai,5,8691.43,0,Cash on Delivery,Cancelled
TXN000973,CUST0349,Sports,Yoga Mat,Hyderabad,1,8191.04,15,Debit Card,Delivered
TXN000974,CUST1017,Sports,Dumbbells,Chennai,7,27404.44,15,UPI,Delivered
TXN000975,CUST0486,Books,Python Programming,Hyderabad,7,33005.98,15,Debit Card,Cancelled
TXN000976,CUST2286,Books,Python Programming,Hyderabad,10,48099.34,15,Cash on Delivery,Delivered
TXN000977,CUST1705,Sports,Cricket Bat,Kochi,6,21154.34,15,UPI,Delivered
TXN000978,CUST2484,Clothing,Shoes,Kochi,4,38270.47,0,UPI,Pending
TXN000979,CUST2442,Home & Kitchen,Cookware Set,Hyderabad,8,5914.39,5,Cash on Delivery,Delivered
TXN000980,CUST2534,Home & Kitchen,Cookware Set,Chennai,2,44491.49,5,Debit Card,Delivered
TXN000981,CUST0925,Home & Kitchen,Vacuum Cleaner,Kochi,2,31692.07,15,UPI,Delivered
TXN000982,CUST2141,Books,Data Science Guide,Bengaluru,2,31488.61,5,UPI,Pending
TXN000983,CUST1559,Books,Data Science Guide,Pune,3,7207.89,10,UPI,Delivered
TXN000984,CUST1846,Clothing,T-Shirt,Pune,6,2075.23,5,Cash on Delivery,Delivered
TXN000985,CUST1814,Home & Kitchen,Mixer,Kochi,1,35102.31,20,Credit Card,Delivered
TXN000986,CUST1218,Home & Kitchen,Table Lamp,Chennai,2,5941.12,15,Cash on Delivery,Delivered
TXN000987,CUST2411,Sports,Cricket Bat,Pune,10,6435.81,20,Debit Card,Delivered
TXN000988,CUST1757,Books,Python Programming,Coimbatore,2,9456.26,20,Credit Card,Delivered
TXN000989,CUST1251,Home & Kitchen,Vacuum Cleaner,Pune,1,4977.55,15,UPI,Delivered
TXN000990,CUST2330,Clothing,Jeans,Delhi,3,31307.09,25,UPI,Delivered
TXN000991,CUST2544,Clothing,T-Shirt,Chennai,10,21158.04,0,Credit Card,Delivered
TXN000992,CUST0247,Home & Kitchen,Cookware Set,Kochi,7,13378.2,25,UPI,Delivered
TXN000993,CUST2498,Books,Python Programming,Kochi,1,22093.4,5,UPI,Shipped
TXN000994,CUST0407,Clothing,Jeans,Pune,7,42222.59,25,Cash on Delivery,Delivered
TXN000995,CUST0852,Sports,Football,Chennai,5,46361.26,10,Cash on Delivery,Pending
TXN000996,CUST2563,Clothing,T-Shirt,Bengaluru,9,24425.06,25,Debit Card,Shipped
TXN000997,CUST0865,Electronics,Smartwatch,Coimbatore,2,28380.97,25,UPI,Delivered
TXN000998,CUST1084,Electronics,Smartphone,Kochi,1,12934.28,0,Debit Card,Delivered
TXN000999,CUST2706,Books,Machine Learning Basics,Chennai,9,25728.66,10,Debit Card,Delivered
TXN001000,CUST0333,Home & Kitchen,Vacuum Cleaner,Kochi,8,37431.17,25,Credit Card,Delivered
TXN001001,CUST0644,Books,Data Science Guide,Kochi,10,24657.65,15,Credit Card,Delivered
TXN001002,CUST0983,Books,Data Science Guide,Delhi,6,15173.44,5,UPI,Delivered
TXN001003,CUST0712,Books,Novel,Pune,5,29143.51,25,Credit Card,Cancelled
TXN001004,CUST2261,Books,Novel,Delhi,8,47338.14,0,Debit Card,Cancelled
TXN001005,CUST0308,Sports,Cricket Bat,Pune,8,44410.39,15,Cash on Delivery,Delivered
TXN001006,CUST0642,Sports,Football,Kochi,5,38485.19,0,Credit Card,Delivered
TXN001007,CUST0011,Clothing,Jeans,Chennai,7,13882.86,20,Debit Card,Delivered
TXN001008,CUST1674,Electronics,Smartphone,Hyderabad,1,12153.82,25,Credit Card,Delivered
TXN001009,CUST1846,Books,Machine Learning Basics,Pune,4,41943.01,5,UPI,Delivered
TXN001010,CUST2824,Clothing,Jacket,Hyderabad,2,9147.74,5,Credit Card,Delivered
TXN001011,CUST2433,Electronics,Laptop,Coimbatore,10,30320.0,15,Cash on Delivery,Shipped
TXN001012,CUST1925,Home & Kitchen,Mixer,Delhi,3,22002.6,15,UPI,Delivered
TXN001013,CUST1193,Sports,Dumbbells,Hyderabad,1,23452.52,15,Credit Card,Delivered
TXN001014,CUST0134,Electronics,Headphones,Delhi,2,22781.72,5,Cash on Delivery,Cancelled
TXN001015,CUST0949,Home & Kitchen,Mixer,Pune,1,45007.51,25,Debit Card,Delivered
TXN001016,CUST1181,Electronics,Smartwatch,Pune,8,4446.0,20,Credit Card,Delivered
TXN001017,CUST2896,Sports,Football,Coimbatore,4,39166.78,5,Credit Card,Delivered
TXN001018,CUST1159,Sports,Dumbbells,Pune,3,41767.13,15,Debit Card,Delivered
TXN001019,CUST2880,Clothing,Jeans,Kochi,1,47149.57,10,Debit Card,Pending
TXN001020,CUST1860,Books,Python Programming,Coimbatore,2,22684.74,25,Credit Card,Delivered
TXN001021,CUST0292,Electronics,Headphones,Hyderabad,3,25053.25,20,Cash on Delivery,Delivered
TXN001022,CUST2816,Electronics,Headphones,Pune,3,48068.6,5,Debit Card,Delivered
TXN001023,CUST0957,Home & Kitchen,Mixer,Chennai,6,22976.71,10,Debit Card,Cancelled
TXN001024,CUST1084,Sports,Cricket Bat,Mumbai,10,25227.07,25,Cash on Delivery,Delivered
TXN001025,CUST2561,Electronics,Laptop,Bengaluru,8,16679.49,20,Credit Card,Pending
TXN001026,CUST2416,Sports,Dumbbells,Kochi,6,1678.21,5,UPI,Delivered
TXN001027,CUST2709,Electronics,Headphones,Mumbai,2,21709.42,25,Credit Card,Delivered
TXN001028,CUST0811,Clothing,Shoes,Mumbai,2,32789.06,25,Credit Card,Delivered
TXN001029,CUST1742,Books,Python Programming,Delhi,7,34528.3,15,UPI,Cancelled
TXN001030,CUST0471,Electronics,Laptop,Kochi,1,424.78,5,Credit Card,Delivered
TXN001031,CUST2231,Sports,Yoga Mat,Kochi,1,40072.53,25,Credit Card,Delivered
TXN001032,CUST0921,Clothing,T-Shirt,Coimbatore,7,24671.54,20,Debit Card,Delivered
TXN001033,CUST2653,Electronics,Headphones,Delhi,9,26085.19,15,Cash on Delivery,Delivered
TXN001034,CUST0611,Home & Kitchen,Table Lamp,Hyderabad,5,48091.01,25,Credit Card,Delivered
TXN001035,CUST1089,Books,Data Science Guide,Bengaluru,1,14294.61,0,UPI,Delivered
TXN001036,CUST0583,Electronics,Headphones,Hyderabad,5,38106.43,10,UPI,Delivered
TXN001037,CUST0293,Clothing,Jeans,Chennai,1,28781.33,25,Debit Card,Delivered
TXN001038,CUST0245,Home & Kitchen,Vacuum Cleaner,Bengaluru,10,35069.84,15,Credit Card,Pending
TXN001039,CUST0680,Clothing,Shoes,Delhi,9,20949.09,15,Credit Card,Cancelled
TXN001040,CUST1260,Clothing,T-Shirt,Pune,4,14032.46,20,Credit Card,Delivered
TXN001041,CUST2438,Home & Kitchen,Vacuum Cleaner,Pune,9,27351.69,25,Credit Card,Delivered
TXN001042,CUST2332,Clothing,T-Shirt,Delhi,2,18809.56,25,UPI,Delivered
TXN001043,CUST1183,Home & Kitchen,Table Lamp,Hyderabad,7,11223.27,20,UPI,Delivered
TXN001044,CUST1799,Electronics,Smartwatch,Delhi,2,41977.88,10,Debit Card,Cancelled
TXN001045,CUST0510,Home & Kitchen,Cookware Set,Delhi,4,23844.0,20,Credit Card,Delivered
TXN001046,CUST1920,Home & Kitchen,Mixer,Mumbai,6,42381.06,15,UPI,Shipped
TXN001047,CUST2821,Books,Data Science Guide,Chennai,2,23754.18,10,Credit Card,Delivered
TXN001048,CUST1246,Home & Kitchen,Mixer,Kochi,2,27884.21,10,Cash on Delivery,Delivered
TXN001049,CUST2867,Home & Kitchen,Mixer,Pune,2,49764.48,5,Cash on Delivery,Delivered
TXN001050,CUST1649,Electronics,Headphones,Mumbai,3,47580.06,15,UPI,Delivered
TXN001051,CUST1116,Books,Data Science Guide,Delhi,5,13657.32,15,Cash on Delivery,Cancelled
TXN001052,CUST2050,Sports,Dumbbells,Coimbatore,9,43445.9,20,Cash on Delivery,Cancelled
TXN001053,CUST2212,Electronics,Laptop,Mumbai,6,19581.13,15,UPI,Delivered
TXN001054,CUST2023,Electronics,Smartphone,Delhi,9,3655.31,25,Debit Card,Delivered
TXN001055,CUST1794,Sports,Cricket Bat,Pune,10,28831.47,20,Cash on Delivery,Delivered
TXN001056,CUST0330,Home & Kitchen,Cookware Set,Kochi,5,48854.89,15,Credit Card,Delivered
TXN001057,CUST2450,Clothing,Jacket,Delhi,6,48718.25,25,Cash on Delivery,Delivered
TXN001058,CUST0164,Books,Novel,Chennai,10,6410.62,5,Debit Card,Delivered
TXN001059,CUST1770,Clothing,Jacket,Hyderabad,8,38584.71,15,Debit Card,Delivered
TXN001060,CUST1321,Sports,Football,Bengaluru,3,40161.37,5,Debit Card,Shipped
TXN001061,CUST2473,Electronics,Laptop,Mumbai,2,18500.36,15,Debit Card,Delivered
TXN001062,CUST1026,Electronics,Smartwatch,Mumbai,3,32963.9,15,Debit Card,Delivered
TXN001063,CUST0106,Books,Data Science Guide,Mumbai,9,24459.16,0,Cash on Delivery,Delivered
TXN001064,CUST0375,Electronics,Smartphone,Delhi,6,11471.87,25,Cash on Delivery,Cancelled
TXN001065,CUST0938,Electronics,Laptop,Kochi,10,38087.09,15,Cash on Delivery,Pending
TXN001066,CUST2762,Books,Novel,Chennai,4,13211.36,5,Cash on Delivery,Pending
TXN001067,CUST2357,Books,Machine Learning Basics,Kochi,10,17088.34,10,Debit Card,Delivered
TXN001068,CUST2405,Sports,Football,Delhi,3,9581.92,5,Debit Card,Cancelled
TXN001069,CUST0085,Electronics,Headphones,Delhi,2,35991.64,25,Credit Card,Delivered
TXN001070,CUST2754,Electronics,Headphones,Hyderabad,4,22990.33,15,Cash on Delivery,Delivered
TXN001071,CUST1104,Sports,Cricket Bat,Coimbatore,9,22224.33,20,Debit Card,Shipped
TXN001072,CUST2361,Home & Kitchen,Table Lamp,Chennai,4,30267.69,0,Credit Card,Shipped
TXN001073,CUST0165,Home & Kitchen,Vacuum Cleaner,Mumbai,5,7947.45,20,Credit Card,Delivered
TXN001074,CUST0718,Home & Kitchen,Mixer,Bengaluru,8,44917.88,0,UPI,Delivered
TXN001075,CUST1928,Sports,Football,Mumbai,2,23308.94,0,Cash on Delivery,Delivered
TXN001076,CUST2126,Electronics,Headphones,Kochi,3,18389.69,20,Debit Card,Pending
TXN001077,CUST2669,Sports,Yoga Mat,Delhi,6,6421.86,25,Cash on Delivery,Pending
TXN001078,CUST1812,Sports,Football,Chennai,7,8480.91,15,Credit Card,Delivered
TXN001079,CUST1140,Home & Kitchen,Cookware Set,Pune,4,46025.98,5,Cash on Delivery,Cancelled
TXN001080,CUST0744,Clothing,T-Shirt,Chennai,1,22885.19,20,UPI,Delivered
TXN001081,CUST2398,Electronics,Laptop,Chennai,7,36136.98,10,UPI,Shipped
TXN001082,CUST1786,Home & Kitchen,Cookware Set,Coimbatore,9,4117.77,0,Debit Card,Shipped
TXN001083,CUST2601,Clothing,Shoes,Mumbai,1,32208.88,5,Debit Card,Delivered
TXN001084,CUST2015,Clothing,Jacket,Coimbatore,1,46083.81,10,Debit Card,Delivered
TXN001085,CUST0374,Books,Data Science Guide,Pune,1,15068.18,5,Debit Card,Delivered
TXN001086,CUST1926,Electronics,Smartwatch,Pune,10,28999.11,15,Cash on Delivery,Delivered
TXN001087,CUST1426,Clothing,T-Shirt,Hyderabad,7,47016.93,10,Cash on Delivery,Cancelled
TXN001088,CUST1673,Home & Kitchen,Mixer,Kochi,9,35994.2,25,Credit Card,Delivered
TXN001089,CUST1366,Books,Novel,Bengaluru,3,3210.04,25,Credit Card,Delivered
TXN001090,CUST1316,Electronics,Smartphone,Hyderabad,8,18998.98,20,Debit Card,Shipped
TXN001091,CUST2745,Sports,Football,Delhi,9,4380.06,5,Cash on Delivery,Delivered
TXN001092,CUST0429,Home & Kitchen,Mixer,Coimbatore,3,43079.75,25,Debit Card,Delivered
TXN001093,CUST0659,Clothing,Jeans,Coimbatore,3,31120.97,25,Credit Card,Delivered
TXN001094,CUST1351,Clothing,Jeans,Hyderabad,1,47823.45,20,Cash on Delivery,Pending
TXN001095,CUST1687,Home & Kitchen,Cookware Set,Delhi,2,1085.84,20,Debit Card,Cancelled
TXN001096,CUST2842,Clothing,T-Shirt,Chennai,7,21212.06,25,UPI,Delivered
TXN001097,CUST2030,Books,Data Science Guide,Delhi,3,5307.77,5,Credit Card,Pending
TXN001098,CUST1181,Electronics,Laptop,Mumbai,7,17589.34,5,UPI,Shipped
TXN001099,CUST2714,Books,Data Science Guide,Hyderabad,5,8178.15,0,UPI,Shipped
TXN001100,CUST1641,Clothing,T-Shirt,Kochi,10,16506.81,0,Cash on Delivery,Delivered
TXN001101,CUST2254,Sports,Dumbbells,Delhi,8,40981.17,10,UPI,Delivered
TXN001102,CUST0151,Electronics,Smartwatch,Chennai,5,8118.9,10,UPI,Delivered
TXN001103,CUST1863,Electronics,Headphones,Delhi,3,23735.87,10,Debit Card,Cancelled
TXN001104,CUST0361,Home & Kitchen,Cookware Set,Coimbatore,9,46087.0,0,Cash on Delivery,Delivered
TXN001105,CUST1289,Home & Kitchen,Cookware Set,Bengaluru,7,49939.09,20,Debit Card,Delivered
TXN001106,CUST1034,Sports,Football,Coimbatore,5,12606.99,25,Debit Card,Delivered
TXN001107,CUST1325,Electronics,Smartwatch,Kochi,7,46784.85,15,Debit Card,Pending
TXN001108,CUST0475,Sports,Football,Pune,10,13143.3,15,Cash on Delivery,Delivered
TXN001109,CUST1656,Home & Kitchen,Cookware Set,Bengaluru,9,20735.07,25,Credit Card,Pending
TXN001110,CUST2108,Home & Kitchen,Vacuum Cleaner,Pune,5,43908.39,5,Cash on Delivery,Delivered
TXN001111,CUST0005,Electronics,Headphones,Delhi,7,39330.19,0,Debit Card,Delivered
TXN001112,CUST2694,Books,Novel,Mumbai,9,42888.63,5,Credit Card,Delivered
TXN001113,CUST2223,Clothing,Jeans,Kochi,1,40032.81,15,UPI,Delivered
TXN001114,CUST1893,Home & Kitchen,Vacuum Cleaner,Delhi,4,11829.54,5,Credit Card,Delivered
TXN001115,CUST1693,Home & Kitchen,Table Lamp,Chennai,1,27983.88,0,Cash on Delivery,Shipped
TXN001116,CUST0223,Books,Python Programming,Delhi,8,19324.01,0,Debit Card,Delivered
TXN001117,CUST0769,Books,Machine Learning Basics,Bengaluru,3,23039.58,0,UPI,Delivered
TXN001118,CUST2124,Sports,Dumbbells,Coimbatore,2,7782.42,15,UPI,Delivered
TXN001119,CUST1482,Sports,Dumbbells,Mumbai,4,15856.8,0,Debit Card,Delivered
TXN001120,CUST2551,Clothing,Jeans,Pune,3,42896.59,10,UPI,Delivered
TXN001121,CUST2042,Clothing,Shoes,Delhi,5,44888.16,10,UPI,Pending
TXN001122,CUST2562,Electronics,Smartwatch,Delhi,8,30546.64,25,UPI,Delivered
TXN001123,CUST1811,Sports,Dumbbells,Coimbatore,10,24963.54,0,Cash on Delivery,Delivered
TXN001124,CUST0212,Home & Kitchen,Table Lamp,Mumbai,8,35670.7,10,Credit Card,Delivered
TXN001125,CUST0834,Sports,Football,Hyderabad,7,30481.78,0,Cash on Delivery,Delivered
TXN001126,CUST1094,Home & Kitchen,Table Lamp,Pune,8,49185.38,15,UPI,Delivered
TXN001127,CUST2250,Books,Python Programming,Delhi,5,9585.43,10,Cash on Delivery,Delivered
TXN001128,CUST0537,Sports,Dumbbells,Delhi,10,22507.33,15,UPI,Shipped
TXN001129,CUST1180,Books,Novel,Hyderabad,10,45920.2,10,Cash on Delivery,Delivered
TXN001130,CUST1795,Clothing,T-Shirt,Pune,6,45745.38,20,Credit Card,Shipped
TXN001131,CUST2861,Clothing,Jacket,Bengaluru,8,24817.81,20,Debit Card,Delivered
TXN001132,CUST1986,Electronics,Laptop,Bengaluru,1,6826.97,25,Credit Card,Delivered
TXN001133,CUST0498,Sports,Football,Kochi,6,40766.4,25,Cash on Delivery,Delivered
TXN001134,CUST0119,Books,Machine Learning Basics,Kochi,6,29299.74,25,Cash on Delivery,Delivered
TXN001135,CUST2581,Home & Kitchen,Table Lamp,Chennai,5,38680.98,15,Credit Card,Delivered
TXN001136,CUST2494,Clothing,Shoes,Coimbatore,4,23179.93,10,Cash on Delivery,Delivered
TXN001137,CUST0981,Clothing,Jacket,Mumbai,1,10273.81,20,Debit Card,Delivered
TXN001138,CUST2908,Home & Kitchen,Table Lamp,Delhi,10,1297.07,0,Debit Card,Delivered
TXN001139,CUST0649,Books,Machine Learning Basics,Pune,8,28001.0,5,Credit Card,Delivered
TXN001140,CUST1273,Books,Novel,Delhi,6,8136.2,20,UPI,Cancelled
TXN001141,CUST2257,Sports,Dumbbells,Kochi,3,9438.15,20,Debit Card,Delivered
TXN001142,CUST0057,Sports,Cricket Bat,Chennai,3,21871.65,0,Cash on Delivery,Delivered
TXN001143,CUST2263,Electronics,Headphones,Pune,6,22159.65,20,UPI,Delivered
TXN001144,CUST1672,Clothing,Jeans,Pune,7,13791.92,20,Debit Card,Delivered
TXN001145,CUST0382,Sports,Dumbbells,Delhi,8,6682.92,20,UPI,Delivered
TXN001146,CUST0921,Books,Data Science Guide,Coimbatore,5,47253.14,25,Cash on Delivery,Delivered
TXN001147,CUST0465,Home & Kitchen,Cookware Set,Chennai,10,6668.87,25,Credit Card,Delivered
TXN001148,CUST1891,Books,Data Science Guide,Coimbatore,6,17603.55,10,Credit Card,Cancelled
TXN001149,CUST0482,Clothing,T-Shirt,Chennai,1,15312.91,25,Cash on Delivery,Shipped
TXN001150,CUST2654,Books,Python Programming,Delhi,6,43330.26,20,Credit Card,Cancelled
TXN001151,CUST0631,Electronics,Headphones,Chennai,9,20562.12,5,Cash on Delivery,Shipped
TXN001152,CUST2042,Clothing,Shoes,Bengaluru,10,6289.77,25,Credit Card,Pending
TXN001153,CUST2936,Home & Kitchen,Table Lamp,Pune,4,612.03,10,Debit Card,Delivered
TXN001154,CUST1196,Electronics,Smartwatch,Mumbai,10,36125.29,10,Credit Card,Delivered
TXN001155,CUST2085,Clothing,Shoes,Delhi,1,35753.6,15,UPI,Pending
TXN001156,CUST2890,Home & Kitchen,Vacuum Cleaner,Hyderabad,9,20947.41,20,Credit Card,Delivered
TXN001157,CUST1120,Electronics,Smartwatch,Mumbai,4,6402.77,5,Credit Card,Delivered
TXN001158,CUST1702,Electronics,Smartwatch,Delhi,2,18644.53,5,Credit Card,Delivered
TXN001159,CUST1977,Clothing,Jacket,Mumbai,1,29535.13,15,Credit Card,Delivered
TXN001160,CUST1935,Sports,Cricket Bat,Bengaluru,3,35226.75,5,Debit Card,Delivered
TXN001161,CUST0999,Electronics,Smartwatch,Mumbai,7,4004.17,10,Cash on Delivery,Delivered
TXN001162,CUST1871,Electronics,Smartphone,Chennai,10,27859.74,0,Debit Card,Delivered
TXN001163,CUST2258,Home & Kitchen,Mixer,Kochi,2,13878.59,10,Debit Card,Delivered
TXN001164,CUST0593,Books,Novel,Mumbai,9,30901.59,25,UPI,Shipped
TXN001165,CUST1572,Clothing,Jeans,Delhi,2,32442.19,0,Cash on Delivery,Delivered
TXN001166,CUST0781,Clothing,Jeans,Hyderabad,5,45539.12,5,Cash on Delivery,Cancelled
TXN001167,CUST2456,Sports,Dumbbells,Hyderabad,8,20577.88,20,UPI,Pending
TXN001168,CUST2082,Sports,Yoga Mat,Kochi,10,26925.77,0,Cash on Delivery,Delivered
TXN001169,CUST0560,Clothing,Jacket,Coimbatore,8,13483.93,10,Credit Card,Cancelled
TXN001170,CUST0286,Sports,Dumbbells,Kochi,3,14399.2,10,Cash on Delivery,Delivered
TXN001171,CUST1132,Home & Kitchen,Vacuum Cleaner,Pune,2,2397.09,25,UPI,Cancelled
TXN001172,CUST1700,Clothing,T-Shirt,Mumbai,9,14374.84,10,UPI,Delivered
TXN001173,CUST1393,Sports,Dumbbells,Hyderabad,3,3285.05,25,UPI,Shipped
TXN001174,CUST2080,Clothing,Shoes,Kochi,8,48199.4,10,UPI,Shipped
TXN001175,CUST1095,Books,Data Science Guide,Mumbai,2,31250.74,15,Debit Card,Delivered
TXN001176,CUST0011,Electronics,Laptop,Pune,3,8740.11,5,Cash on Delivery,Cancelled
TXN001177,CUST1159,Clothing,Shoes,Hyderabad,1,5926.64,20,Debit Card,Delivered
TXN001178,CUST2974,Electronics,Smartphone,Pune,6,18569.12,25,UPI,Delivered
TXN001179,CUST1223,Sports,Yoga Mat,Mumbai,7,15451.6,15,UPI,Cancelled
TXN001180,CUST2405,Electronics,Smartphone,Delhi,4,14034.81,5,Debit Card,Shipped
TXN001181,CUST2376,Clothing,Jeans,Mumbai,1,23462.98,25,Credit Card,Delivered
TXN001182,CUST2704,Books,Machine Learning Basics,Kochi,3,45652.4,0,Cash on Delivery,Shipped
TXN001183,CUST2006,Sports,Dumbbells,Pune,9,28445.71,15,Debit Card,Delivered
TXN001184,CUST0609,Clothing,Jeans,Delhi,5,26109.45,25,Cash on Delivery,Delivered
TXN001185,CUST1830,Sports,Yoga Mat,Delhi,6,40346.77,15,UPI,Delivered
TXN001186,CUST2207,Home & Kitchen,Cookware Set,Coimbatore,4,300.83,15,UPI,Pending
TXN001187,CUST1984,Electronics,Laptop,Hyderabad,1,9949.54,15,UPI,Delivered
TXN001188,CUST1414,Home & Kitchen,Mixer,Chennai,5,24859.68,0,Cash on Delivery,Pending
TXN001189,CUST1362,Clothing,T-Shirt,Delhi,5,35294.92,10,Cash on Delivery,Cancelled
TXN001190,CUST2261,Books,Python Programming,Pune,5,24302.91,15,Debit Card,Cancelled
TXN001191,CUST2226,Sports,Dumbbells,Hyderabad,6,8269.43,5,UPI,Delivered
TXN001192,CUST1546,Electronics,Smartwatch,Bengaluru,2,46506.14,10,Debit Card,Delivered
TXN001193,CUST1866,Sports,Cricket Bat,Mumbai,1,16500.39,0,Credit Card,Delivered
TXN001194,CUST1319,Clothing,Jeans,Kochi,2,39431.96,20,UPI,Delivered
TXN001195,CUST0773,Sports,Dumbbells,Pune,10,44581.53,0,UPI,Shipped
TXN001196,CUST2857,Electronics,Laptop,Bengaluru,6,17387.82,20,Credit Card,Delivered
TXN001197,CUST0979,Clothing,Shoes,Pune,5,42281.06,5,Debit Card,Delivered
TXN001198,CUST2343,Sports,Yoga Mat,Mumbai,5,35567.61,20,Cash on Delivery,Shipped
TXN001199,CUST1569,Books,Machine Learning Basics,Coimbatore,6,45223.61,25,UPI,Pending
TXN001200,CUST0957,Clothing,Shoes,Pune,10,12640.4,15,Cash on Delivery,Delivered
TXN001201,CUST1683,Clothing,Jacket,Delhi,7,46570.75,10,UPI,Delivered
TXN001202,CUST0179,Books,Novel,Chennai,9,3358.79,25,UPI,Shipped
TXN001203,CUST1304,Home & Kitchen,Mixer,Delhi,7,39704.2,10,Cash on Delivery,Delivered
TXN001204,CUST1938,Electronics,Smartphone,Mumbai,2,21839.68,15,UPI,Delivered
TXN001205,CUST2889,Home & Kitchen,Vacuum Cleaner,Pune,6,8976.71,10,Credit Card,Pending
TXN001206,CUST1562,Sports,Football,Chennai,9,4062.21,0,Debit Card,Delivered
TXN001207,CUST1582,Books,Machine Learning Basics,Delhi,7,19538.42,15,Credit Card,Delivered
TXN001208,CUST2719,Home & Kitchen,Cookware Set,Chennai,2,19527.26,15,Debit Card,Delivered
TXN001209,CUST2671,Clothing,Shoes,Kochi,3,11574.87,10,Credit Card,Pending
TXN001210,CUST0624,Sports,Yoga Mat,Mumbai,8,10854.22,25,Credit Card,Shipped
TXN001211,CUST2029,Sports,Cricket Bat,Coimbatore,9,20035.76,20,Debit Card,Shipped
TXN001212,CUST0152,Home & Kitchen,Cookware Set,Coimbatore,4,20564.68,5,UPI,Delivered
TXN001213,CUST0518,Home & Kitchen,Table Lamp,Pune,9,22174.0,20,Cash on Delivery,Delivered
TXN001214,CUST2058,Books,Python Programming,Delhi,2,43451.09,0,Cash on Delivery,Delivered
TXN001215,CUST2418,Electronics,Smartphone,Bengaluru,5,30601.6,15,Cash on Delivery,Delivered
TXN001216,CUST1360,Home & Kitchen,Mixer,Mumbai,2,1119.61,15,UPI,Shipped
TXN001217,CUST0412,Home & Kitchen,Table Lamp,Delhi,1,26003.05,0,Credit Card,Delivered
TXN001218,CUST1804,Clothing,Shoes,Delhi,5,38146.32,5,Credit Card,Delivered
TXN001219,CUST0409,Sports,Yoga Mat,Coimbatore,2,2915.07,15,Credit Card,Pending
TXN001220,CUST2155,Electronics,Smartwatch,Pune,7,21188.13,20,UPI,Pending
TXN001221,CUST1872,Clothing,Jeans,Chennai,8,22615.39,0,Debit Card,Delivered
TXN001222,CUST0063,Books,Data Science Guide,Mumbai,2,47705.62,15,UPI,Pending
TXN001223,CUST2960,Books,Machine Learning Basics,Kochi,7,23836.63,20,Cash on Delivery,Delivered
TXN001224,CUST0591,Home & Kitchen,Cookware Set,Chennai,4,37520.02,0,Credit Card,Delivered
TXN001225,CUST1680,Home & Kitchen,Cookware Set,Hyderabad,1,15214.81,0,UPI,Shipped
TXN001226,CUST2682,Books,Data Science Guide,Hyderabad,3,38987.4,0,UPI,Shipped
TXN001227,CUST0633,Home & Kitchen,Table Lamp,Mumbai,1,16200.85,5,UPI,Delivered
TXN001228,CUST0307,Electronics,Laptop,Pune,5,21558.18,0,Debit Card,Delivered
TXN001229,CUST1924,Home & Kitchen,Mixer,Bengaluru,8,24026.17,25,Credit Card,Delivered
TXN001230,CUST1086,Sports,Dumbbells,Hyderabad,1,46325.51,10,UPI,Delivered
TXN001231,CUST1387,Home & Kitchen,Cookware Set,Coimbatore,9,2767.33,10,UPI,Pending
TXN001232,CUST2553,Clothing,Jeans,Bengaluru,3,9923.67,0,Cash on Delivery,Delivered
TXN001233,CUST2838,Electronics,Laptop,Delhi,5,35316.56,15,Credit Card,Delivered
TXN001234,CUST1629,Clothing,T-Shirt,Hyderabad,9,28921.13,10,UPI,Delivered
TXN001235,CUST2662,Clothing,Jeans,Coimbatore,5,12651.42,20,UPI,Shipped
TXN001236,CUST0329,Sports,Football,Delhi,9,14531.12,20,UPI,Delivered
TXN001237,CUST1346,Electronics,Headphones,Bengaluru,10,18428.74,15,UPI,Pending
TXN001238,CUST2763,Electronics,Smartwatch,Mumbai,8,22572.31,20,Credit Card,Delivered
TXN001239,CUST2186,Electronics,Smartwatch,Delhi,7,40919.56,25,UPI,Delivered
TXN001240,CUST1557,Electronics,Smartphone,Chennai,1,789.39,15,Debit Card,Pending
TXN001241,CUST1298,Electronics,Laptop,Mumbai,4,44911.19,20,UPI,Delivered
TXN001242,CUST2568,Sports,Cricket Bat,Mumbai,9,20710.05,0,Debit Card,Delivered
TXN001243,CUST2944,Home & Kitchen,Vacuum Cleaner,Bengaluru,10,11601.83,20,Credit Card,Delivered
TXN001244,CUST1999,Clothing,T-Shirt,Bengaluru,8,25469.79,0,UPI,Cancelled
TXN001245,CUST2217,Electronics,Smartwatch,Coimbatore,4,33017.54,20,Cash on Delivery,Pending
TXN001246,CUST0148,Home & Kitchen,Mixer,Coimbatore,1,2333.14,20,Debit Card,Cancelled
TXN001247,CUST2530,Home & Kitchen,Vacuum Cleaner,Chennai,10,35817.29,20,Debit Card,Delivered
TXN001248,CUST0281,Clothing,T-Shirt,Mumbai,4,38061.98,0,UPI,Cancelled
TXN001249,CUST0962,Sports,Yoga Mat,Kochi,3,8392.5,20,Cash on Delivery,Delivered
TXN001250,CUST2586,Books,Python Programming,Pune,6,8477.28,20,Cash on Delivery,Delivered
TXN001251,CUST2804,Books,Data Science Guide,Chennai,5,10268.85,25,UPI,Delivered
TXN001252,CUST1178,Home & Kitchen,Table Lamp,Chennai,5,39851.77,5,Credit Card,Pending
TXN001253,CUST0932,Clothing,Shoes,Pune,2,13672.95,0,Credit Card,Delivered
TXN001254,CUST0371,Books,Python Programming,Pune,3,39817.2,25,UPI,Delivered
TXN001255,CUST1778,Home & Kitchen,Mixer,Pune,6,27072.14,10,Credit Card,Delivered
TXN001256,CUST0404,Sports,Cricket Bat,Bengaluru,2,38381.85,15,Cash on Delivery,Pending
TXN001257,CUST2596,Books,Machine Learning Basics,Chennai,4,27728.28,5,Credit Card,Delivered
TXN001258,CUST2884,Home & Kitchen,Mixer,Chennai,2,16854.87,25,Credit Card,Pending
TXN001259,CUST0412,Home & Kitchen,Mixer,Delhi,9,45544.64,25,Credit Card,Shipped
TXN001260,CUST1818,Electronics,Smartphone,Pune,3,35793.25,20,UPI,Cancelled
TXN001261,CUST0682,Sports,Football,Pune,10,24254.33,10,UPI,Delivered
TXN001262,CUST2843,Electronics,Smartphone,Coimbatore,10,31907.68,10,Debit Card,Shipped
TXN001263,CUST1227,Clothing,Shoes,Coimbatore,6,30830.58,20,Credit Card,Delivered
TXN001264,CUST0119,Electronics,Headphones,Mumbai,1,17970.0,25,UPI,Delivered
TXN001265,CUST0189,Electronics,Smartwatch,Coimbatore,10,21246.21,25,Cash on Delivery,Cancelled
TXN001266,CUST1329,Books,Novel,Hyderabad,3,15981.01,20,Debit Card,Delivered
TXN001267,CUST0230,Home & Kitchen,Vacuum Cleaner,Mumbai,8,49975.95,5,Cash on Delivery,Cancelled
TXN001268,CUST1202,Sports,Dumbbells,Kochi,5,29045.22,0,Credit Card,Shipped
TXN001269,CUST1469,Electronics,Headphones,Pune,8,4693.56,5,Cash on Delivery,Shipped
TXN001270,CUST1536,Sports,Yoga Mat,Delhi,2,26003.45,0,Debit Card,Delivered
TXN001271,CUST1765,Electronics,Headphones,Coimbatore,7,2593.1,10,Credit Card,Shipped
TXN001272,CUST0597,Clothing,Jacket,Delhi,9,14503.74,15,UPI,Delivered
TXN001273,CUST1001,Electronics,Laptop,Coimbatore,7,22353.46,20,Cash on Delivery,Delivered
TXN001274,CUST2176,Books,Machine Learning Basics,Coimbatore,3,26760.1,5,Cash on Delivery,Pending
TXN001275,CUST1688,Home & Kitchen,Table Lamp,Delhi,7,48811.45,10,Debit Card,Shipped
TXN001276,CUST2319,Clothing,Shoes,Chennai,8,49112.86,5,UPI,Delivered
TXN001277,CUST2793,Electronics,Smartphone,Chennai,1,4993.66,25,Credit Card,Shipped
TXN001278,CUST0738,Sports,Yoga Mat,Chennai,3,26952.82,0,Credit Card,Shipped
TXN001279,CUST0697,Clothing,Jacket,Hyderabad,5,40873.76,20,Credit Card,Shipped
TXN001280,CUST0718,Clothing,T-Shirt,Chennai,6,11961.87,25,Debit Card,Delivered
TXN001281,CUST0324,Electronics,Smartphone,Coimbatore,3,37553.1,0,Cash on Delivery,Cancelled
TXN001282,CUST2497,Clothing,Shoes,Pune,4,43943.09,25,Cash on Delivery,Delivered
TXN001283,CUST1567,Sports,Dumbbells,Bengaluru,5,33158.12,0,Cash on Delivery,Delivered
TXN001284,CUST2539,Clothing,Jeans,Delhi,3,16452.4,0,Cash on Delivery,Shipped
TXN001285,CUST2799,Sports,Cricket Bat,Pune,4,46164.3,25,Debit Card,Delivered
TXN001286,CUST0987,Electronics,Smartphone,Bengaluru,5,44187.65,10,Debit Card,Delivered
TXN001287,CUST2039,Home & Kitchen,Vacuum Cleaner,Pune,2,35819.68,20,UPI,Delivered
TXN001288,CUST2389,Clothing,Jeans,Hyderabad,10,18247.04,15,Debit Card,Delivered
TXN001289,CUST0587,Home & Kitchen,Vacuum Cleaner,Bengaluru,9,39615.63,5,Cash on Delivery,Delivered
TXN001290,CUST0952,Sports,Dumbbells,Kochi,10,15873.84,0,Credit Card,Shipped
TXN001291,CUST1889,Clothing,Shoes,Mumbai,8,12722.35,20,UPI,Shipped
TXN001292,CUST2613,Books,Novel,Chennai,6,25799.17,5,Credit Card,Delivered
TXN001293,CUST1041,Home & Kitchen,Cookware Set,Kochi,10,49857.05,20,Credit Card,Delivered
TXN001294,CUST1883,Clothing,T-Shirt,Hyderabad,3,40235.66,25,Cash on Delivery,Delivered
TXN001295,CUST1046,Home & Kitchen,Vacuum Cleaner,Pune,2,36516.66,5,Debit Card,Delivered
TXN001296,CUST2732,Clothing,T-Shirt,Coimbatore,7,22655.44,20,Debit Card,Shipped
TXN001297,CUST0039,Electronics,Headphones,Chennai,8,15666.31,15,Debit Card,Delivered
TXN001298,CUST1906,Home & Kitchen,Mixer,Kochi,10,42809.45,20,Cash on Delivery,Delivered
TXN001299,CUST1179,Books,Machine Learning Basics,Chennai,1,28429.87,20,Cash on Delivery,Shipped
TXN001300,CUST2776,Books,Novel,Bengaluru,6,40681.42,0,Credit Card,Delivered
TXN001301,CUST2239,Sports,Football,Mumbai,7,24438.91,0,UPI,Delivered
TXN001302,CUST0648,Clothing,Shoes,Chennai,9,37722.48,0,Debit Card,Cancelled
TXN001303,CUST0303,Home & Kitchen,Table Lamp,Pune,3,43400.28,25,Debit Card,Delivered
TXN001304,CUST1810,Sports,Cricket Bat,Pune,2,19630.36,20,UPI,Cancelled
TXN001305,CUST1416,Home & Kitchen,Vacuum Cleaner,Delhi,5,777.12,15,Credit Card,Delivered
TXN001306,CUST2407,Clothing,Shoes,Delhi,10,12820.84,5,Credit Card,Pending
TXN001307,CUST1226,Books,Novel,Chennai,1,45754.26,0,UPI,Delivered
TXN001308,CUST2618,Electronics,Smartphone,Bengaluru,6,34408.36,10,Debit Card,Delivered
TXN001309,CUST1738,Books,Novel,Bengaluru,9,36887.21,20,Cash on Delivery,Delivered
TXN001310,CUST2828,Sports,Yoga Mat,Coimbatore,10,16331.9,15,Cash on Delivery,Delivered
TXN001311,CUST1025,Electronics,Laptop,Hyderabad,9,35093.52,15,UPI,Delivered
TXN001312,CUST1872,Sports,Football,Hyderabad,7,32349.48,0,Debit Card,Delivered
TXN001313,CUST1238,Clothing,T-Shirt,Kochi,7,9000.85,25,UPI,Delivered
TXN001314,CUST0816,Electronics,Laptop,Hyderabad,8,48437.67,0,Credit Card,Pending
TXN001315,CUST1576,Sports,Dumbbells,Mumbai,10,17765.88,25,Credit Card,Delivered
TXN001316,CUST1980,Clothing,T-Shirt,Bengaluru,2,16531.42,10,Cash on Delivery,Delivered
TXN001317,CUST0437,Books,Machine Learning Basics,Coimbatore,6,18521.16,10,Credit Card,Delivered
TXN001318,CUST0972,Clothing,Shoes,Delhi,5,4676.81,0,Credit Card,Shipped
TXN001319,CUST1563,Home & Kitchen,Cookware Set,Pune,5,31285.68,5,UPI,Delivered
TXN001320,CUST2343,Clothing,Shoes,Hyderabad,3,12007.35,0,UPI,Delivered
TXN001321,CUST1471,Clothing,T-Shirt,Delhi,3,40185.31,0,Debit Card,Delivered
TXN001322,CUST2355,Home & Kitchen,Table Lamp,Delhi,6,19768.39,15,UPI,Delivered
TXN001323,CUST1212,Sports,Football,Chennai,10,22982.07,0,Debit Card,Delivered
TXN001324,CUST2865,Sports,Football,Mumbai,10,32356.46,0,Cash on Delivery,Cancelled
TXN001325,CUST1210,Clothing,Jeans,Coimbatore,7,38117.37,0,UPI,Pending
TXN001326,CUST0090,Home & Kitchen,Cookware Set,Mumbai,1,11632.65,5,UPI,Delivered
TXN001327,CUST2697,Home & Kitchen,Mixer,Chennai,3,48318.09,15,UPI,Delivered
TXN001328,CUST1622,Books,Python Programming,Coimbatore,1,31153.85,20,Cash on Delivery,Delivered
TXN001329,CUST1125,Sports,Dumbbells,Coimbatore,10,381.37,20,UPI,Delivered
TXN001330,CUST0034,Electronics,Smartphone,Bengaluru,3,20839.55,20,Credit Card,Delivered
TXN001331,CUST2319,Sports,Football,Mumbai,5,21897.21,20,UPI,Delivered
TXN001332,CUST2810,Sports,Yoga Mat,Mumbai,9,40477.33,15,Debit Card,Delivered
TXN001333,CUST0201,Books,Novel,Bengaluru,3,15326.47,0,Credit Card,Delivered
TXN001334,CUST2484,Electronics,Headphones,Kochi,10,16628.2,20,UPI,Delivered
TXN001335,CUST2035,Books,Data Science Guide,Delhi,10,3617.66,0,UPI,Shipped
TXN001336,CUST1173,Electronics,Headphones,Chennai,9,14248.95,20,Cash on Delivery,Delivered
TXN001337,CUST0943,Clothing,Shoes,Mumbai,1,35876.39,5,Debit Card,Delivered
TXN001338,CUST2487,Electronics,Smartphone,Bengaluru,6,31774.37,0,Credit Card,Delivered
TXN001339,CUST1444,Books,Data Science Guide,Pune,9,4161.56,15,Credit Card,Delivered
TXN001340,CUST0898,Sports,Dumbbells,Kochi,5,5823.23,25,Cash on Delivery,Delivered
TXN001341,CUST2608,Electronics,Smartphone,Coimbatore,10,18908.61,5,Credit Card,Delivered
TXN001342,CUST0779,Electronics,Headphones,Hyderabad,2,37213.51,25,Credit Card,Delivered
TXN001343,CUST2544,Home & Kitchen,Cookware Set,Pune,5,41662.62,5,Debit Card,Cancelled
TXN001344,CUST1027,Sports,Cricket Bat,Bengaluru,1,829.74,15,UPI,Pending
TXN001345,CUST2777,Clothing,Jacket,Hyderabad,9,16517.63,5,UPI,Delivered
TXN001346,CUST2953,Books,Novel,Delhi,10,21270.67,0,Credit Card,Delivered
TXN001347,CUST2701,Clothing,Shoes,Chennai,10,45565.53,10,Debit Card,Pending
TXN001348,CUST2789,Sports,Dumbbells,Hyderabad,9,25120.19,10,Cash on Delivery,Shipped
TXN001349,CUST0561,Electronics,Laptop,Kochi,6,13558.07,20,UPI,Delivered
TXN001350,CUST2574,Electronics,Laptop,Delhi,9,19563.35,20,Credit Card,Pending
TXN001351,CUST0398,Sports,Yoga Mat,Hyderabad,3,21878.08,0,Credit Card,Delivered
TXN001352,CUST2571,Electronics,Smartphone,Coimbatore,4,33532.79,15,Debit Card,Shipped
TXN001353,CUST2648,Electronics,Headphones,Coimbatore,6,2150.28,0,Debit Card,Delivered
TXN001354,CUST0162,Electronics,Smartphone,Kochi,4,19533.64,20,Debit Card,Delivered
TXN001355,CUST1266,Books,Python Programming,Coimbatore,1,32363.08,5,Credit Card,Delivered
TXN001356,CUST1806,Books,Python Programming,Coimbatore,7,14237.78,25,Debit Card,Delivered
TXN001357,CUST0137,Home & Kitchen,Vacuum Cleaner,Bengaluru,5,29628.38,0,Credit Card,Delivered
TXN001358,CUST2374,Clothing,Jeans,Coimbatore,8,17928.22,0,UPI,Delivered
TXN001359,CUST1495,Sports,Cricket Bat,Pune,9,37960.17,15,Credit Card,Delivered
TXN001360,CUST3000,Sports,Yoga Mat,Coimbatore,5,3123.83,20,Credit Card,Delivered
TXN001361,CUST0539,Sports,Football,Pune,8,45906.3,0,UPI,Cancelled
TXN001362,CUST0370,Home & Kitchen,Vacuum Cleaner,Bengaluru,1,8663.47,5,Debit Card,Shipped
TXN001363,CUST1209,Books,Novel,Coimbatore,1,8011.5,25,Debit Card,Delivered
TXN001364,CUST1339,Home & Kitchen,Mixer,Kochi,7,42048.08,5,Credit Card,Delivered
TXN001365,CUST1702,Sports,Yoga Mat,Delhi,6,43477.22,10,Credit Card,Delivered
TXN001366,CUST0720,Clothing,T-Shirt,Kochi,5,4739.37,20,UPI,Delivered
TXN001367,CUST0823,Electronics,Laptop,Delhi,5,45445.07,5,Debit Card,Pending
TXN001368,CUST0542,Books,Novel,Mumbai,9,13737.56,15,UPI,Delivered
TXN001369,CUST2210,Books,Novel,Delhi,1,30969.22,25,Credit Card,Delivered
TXN001370,CUST1499,Home & Kitchen,Vacuum Cleaner,Chennai,8,3522.82,20,Credit Card,Cancelled
TXN001371,CUST2175,Books,Machine Learning Basics,Chennai,2,19094.99,5,UPI,Delivered
TXN001372,CUST2056,Sports,Football,Chennai,7,22591.16,0,UPI,Cancelled
TXN001373,CUST1117,Sports,Football,Bengaluru,6,30031.35,20,Cash on Delivery,Delivered
TXN001374,CUST0674,Home & Kitchen,Mixer,Kochi,10,26311.07,5,Cash on Delivery,Delivered
TXN001375,CUST1053,Sports,Dumbbells,Delhi,2,23128.5,0,Debit Card,Delivered
TXN001376,CUST1974,Clothing,T-Shirt,Kochi,3,47986.05,10,UPI,Shipped
TXN001377,CUST1209,Home & Kitchen,Table Lamp,Pune,4,9332.64,25,Debit Card,Shipped
TXN001378,CUST1388,Clothing,Jacket,Chennai,7,7983.91,20,Cash on Delivery,Delivered
TXN001379,CUST0472,Electronics,Laptop,Mumbai,8,35699.61,20,Debit Card,Delivered
TXN001380,CUST1919,Clothing,Jacket,Bengaluru,2,3820.14,5,Cash on Delivery,Delivered
TXN001381,CUST0309,Electronics,Laptop,Mumbai,8,24196.28,10,UPI,Delivered
TXN001382,CUST0577,Electronics,Smartwatch,Delhi,9,24254.25,15,UPI,Shipped
TXN001383,CUST0925,Clothing,Shoes,Coimbatore,7,15570.26,5,Debit Card,Shipped
TXN001384,CUST2771,Home & Kitchen,Cookware Set,Mumbai,1,46529.14,5,UPI,Cancelled
TXN001385,CUST2967,Sports,Yoga Mat,Coimbatore,6,14198.92,15,Debit Card,Delivered
TXN001386,CUST2763,Sports,Football,Bengaluru,8,14493.25,15,Debit Card,Delivered
TXN001387,CUST1628,Electronics,Smartphone,Mumbai,5,11791.57,15,Cash on Delivery,Delivered
TXN001388,CUST2283,Electronics,Headphones,Mumbai,2,7374.82,25,Credit Card,Delivered
TXN001389,CUST1499,Home & Kitchen,Vacuum Cleaner,Hyderabad,5,18264.15,15,Debit Card,Delivered
TXN001390,CUST0370,Books,Python Programming,Bengaluru,8,34076.27,15,Cash on Delivery,Delivered
TXN001391,CUST1617,Clothing,Jacket,Bengaluru,2,37133.93,0,Cash on Delivery,Delivered
TXN001392,CUST0058,Electronics,Smartwatch,Chennai,1,40689.6,0,Cash on Delivery,Delivered
TXN001393,CUST1084,Sports,Football,Delhi,4,9957.44,15,Credit Card,Delivered
TXN001394,CUST2198,Home & Kitchen,Table Lamp,Mumbai,4,1878.07,25,UPI,Delivered
TXN001395,CUST0507,Clothing,Jacket,Kochi,9,48736.82,25,Debit Card,Delivered
TXN001396,CUST1863,Home & Kitchen,Table Lamp,Mumbai,3,815.19,10,Debit Card,Delivered
TXN001397,CUST1510,Clothing,T-Shirt,Pune,4,48037.87,25,UPI,Shipped
TXN001398,CUST2756,Clothing,Jacket,Bengaluru,3,41457.84,10,UPI,Delivered
TXN001399,CUST2754,Electronics,Laptop,Kochi,2,45612.53,15,Cash on Delivery,Delivered
TXN001400,CUST1074,Home & Kitchen,Cookware Set,Bengaluru,4,19420.57,25,Cash on Delivery,Delivered
TXN001401,CUST2395,Home & Kitchen,Cookware Set,Delhi,8,9940.38,0,UPI,Delivered
TXN001402,CUST1561,Sports,Cricket Bat,Bengaluru,1,30362.54,10,Debit Card,Delivered
TXN001403,CUST2616,Sports,Football,Coimbatore,8,37088.43,0,UPI,Delivered
TXN001404,CUST1522,Electronics,Smartwatch,Coimbatore,8,6629.97,5,UPI,Cancelled
TXN001405,CUST0444,Electronics,Smartwatch,Hyderabad,3,39901.31,0,Credit Card,Cancelled
TXN001406,CUST2765,Books,Machine Learning Basics,Coimbatore,10,10508.81,15,Credit Card,Delivered
TXN001407,CUST0958,Sports,Football,Coimbatore,10,24634.7,25,Cash on Delivery,Delivered
TXN001408,CUST1932,Clothing,T-Shirt,Delhi,6,42838.47,25,Cash on Delivery,Delivered
TXN001409,CUST0103,Home & Kitchen,Table Lamp,Mumbai,4,9751.88,20,Debit Card,Delivered
TXN001410,CUST2538,Electronics,Headphones,Coimbatore,1,12170.04,15,UPI,Delivered
TXN001411,CUST2300,Home & Kitchen,Table Lamp,Kochi,1,3232.28,5,UPI,Delivered
TXN001412,CUST1344,Home & Kitchen,Table Lamp,Hyderabad,5,7416.04,25,Credit Card,Delivered
TXN001413,CUST2499,Books,Machine Learning Basics,Bengaluru,8,7411.64,0,Debit Card,Pending
TXN001414,CUST0907,Sports,Dumbbells,Coimbatore,1,10251.03,10,UPI,Delivered
TXN001415,CUST2653,Electronics,Smartwatch,Hyderabad,2,14381.4,15,Debit Card,Delivered
TXN001416,CUST0259,Home & Kitchen,Mixer,Delhi,7,40767.67,25,Credit Card,Delivered
TXN001417,CUST2603,Electronics,Headphones,Pune,8,45796.62,10,UPI,Cancelled
TXN001418,CUST1902,Clothing,Jacket,Pune,3,20373.4,0,Credit Card,Delivered
TXN001419,CUST2872,Books,Data Science Guide,Pune,8,6497.63,25,Credit Card,Delivered
TXN001420,CUST1238,Clothing,Shoes,Bengaluru,1,11268.12,5,Credit Card,Delivered
TXN001421,CUST2660,Electronics,Smartphone,Hyderabad,9,36836.68,15,UPI,Shipped
TXN001422,CUST1673,Electronics,Laptop,Coimbatore,2,33903.53,10,Debit Card,Cancelled
TXN001423,CUST0478,Sports,Yoga Mat,Mumbai,2,48363.64,25,UPI,Delivered
TXN001424,CUST0573,Home & Kitchen,Mixer,Bengaluru,4,822.99,15,Credit Card,Delivered
TXN001425,CUST0186,Home & Kitchen,Vacuum Cleaner,Bengaluru,10,37562.86,25,Cash on Delivery,Delivered
TXN001426,CUST0153,Clothing,Shoes,Pune,3,25339.1,15,Debit Card,Cancelled
TXN001427,CUST1247,Books,Data Science Guide,Mumbai,4,45144.38,10,Cash on Delivery,Pending
TXN001428,CUST2018,Home & Kitchen,Cookware Set,Pune,6,28850.72,5,Credit Card,Delivered
TXN001429,CUST0476,Sports,Dumbbells,Bengaluru,7,22388.72,15,UPI,Delivered
TXN001430,CUST0399,Clothing,Shoes,Coimbatore,5,33325.95,5,Debit Card,Pending
TXN001431,CUST0962,Clothing,Jacket,Pune,2,41692.82,5,Cash on Delivery,Delivered
TXN001432,CUST2202,Sports,Football,Pune,3,14196.68,0,UPI,Delivered
TXN001433,CUST0556,Books,Data Science Guide,Kochi,10,5465.6,25,Debit Card,Delivered
TXN001434,CUST1592,Sports,Football,Pune,3,21707.6,10,Credit Card,Delivered
TXN001435,CUST1859,Books,Data Science Guide,Bengaluru,5,10804.54,0,Credit Card,Delivered
TXN001436,CUST1520,Sports,Cricket Bat,Coimbatore,5,21534.1,20,Credit Card,Cancelled
TXN001437,CUST2747,Sports,Yoga Mat,Mumbai,4,49553.3,25,UPI,Pending
TXN001438,CUST2853,Electronics,Smartphone,Chennai,8,28748.69,0,UPI,Delivered
TXN001439,CUST2213,Clothing,Jeans,Mumbai,6,34710.65,15,Credit Card,Shipped
TXN001440,CUST1717,Sports,Dumbbells,Coimbatore,6,33928.63,15,Credit Card,Delivered
TXN001441,CUST2406,Sports,Dumbbells,Delhi,1,41052.97,15,Debit Card,Delivered
TXN001442,CUST2977,Home & Kitchen,Cookware Set,Pune,6,47212.02,20,Cash on Delivery,Delivered
TXN001443,CUST0633,Clothing,T-Shirt,Mumbai,3,32975.02,5,Debit Card,Shipped
TXN001444,CUST1700,Home & Kitchen,Mixer,Delhi,6,23857.12,15,Cash on Delivery,Delivered
TXN001445,CUST2683,Clothing,Jacket,Delhi,10,15959.76,25,UPI,Cancelled
TXN001446,CUST0406,Home & Kitchen,Table Lamp,Coimbatore,6,18077.69,25,Debit Card,Delivered
TXN001447,CUST2005,Sports,Football,Coimbatore,2,16790.58,0,UPI,Delivered
TXN001448,CUST2522,Sports,Cricket Bat,Kochi,1,16290.83,5,UPI,Delivered
TXN001449,CUST1672,Electronics,Smartphone,Pune,3,34761.79,0,Cash on Delivery,Cancelled
TXN001450,CUST1146,Home & Kitchen,Vacuum Cleaner,Chennai,5,29426.68,0,Cash on Delivery,Delivered
TXN001451,CUST0135,Books,Novel,Hyderabad,4,10179.55,15,Debit Card,Shipped
TXN001452,CUST2828,Electronics,Laptop,Bengaluru,7,48484.34,0,Debit Card,Delivered
TXN001453,CUST1518,Home & Kitchen,Table Lamp,Mumbai,4,21443.5,20,Debit Card,Delivered
TXN001454,CUST0890,Home & Kitchen,Cookware Set,Coimbatore,8,28347.71,25,Cash on Delivery,Delivered
TXN001455,CUST1817,Electronics,Smartphone,Mumbai,7,35159.79,25,Credit Card,Shipped
TXN001456,CUST1822,Sports,Cricket Bat,Hyderabad,10,30722.5,25,Credit Card,Delivered
TXN001457,CUST0968,Home & Kitchen,Cookware Set,Hyderabad,9,15621.48,5,Cash on Delivery,Delivered
TXN001458,CUST1486,Sports,Dumbbells,Pune,1,39905.56,15,Debit Card,Delivered
TXN001459,CUST0407,Electronics,Smartwatch,Delhi,5,5596.67,15,Credit Card,Delivered
TXN001460,CUST2809,Sports,Yoga Mat,Pune,4,28492.89,0,UPI,Delivered
TXN001461,CUST1505,Clothing,Jeans,Bengaluru,6,13738.53,0,Credit Card,Shipped
TXN001462,CUST2231,Books,Novel,Chennai,1,30826.54,10,Credit Card,Cancelled
TXN001463,CUST2642,Home & Kitchen,Mixer,Mumbai,6,10977.87,10,Cash on Delivery,Delivered
TXN001464,CUST1470,Books,Novel,Bengaluru,1,38632.76,15,Cash on Delivery,Shipped
TXN001465,CUST0249,Sports,Dumbbells,Kochi,1,11454.06,15,Credit Card,Delivered
TXN001466,CUST1631,Home & Kitchen,Vacuum Cleaner,Chennai,8,44530.57,0,UPI,Delivered
TXN001467,CUST1131,Sports,Dumbbells,Mumbai,2,43091.59,20,UPI,Delivered
TXN001468,CUST0778,Clothing,Jacket,Bengaluru,10,18183.43,20,Debit Card,Delivered
TXN001469,CUST0501,Electronics,Smartphone,Coimbatore,6,19352.43,25,Credit Card,Cancelled
TXN001470,CUST1863,Home & Kitchen,Mixer,Mumbai,6,35105.02,0,Credit Card,Delivered
TXN001471,CUST0376,Clothing,T-Shirt,Bengaluru,6,4609.64,10,UPI,Delivered
TXN001472,CUST2715,Clothing,T-Shirt,Hyderabad,8,4137.88,10,Cash on Delivery,Delivered
TXN001473,CUST0869,Home & Kitchen,Mixer,Chennai,4,6902.58,20,Credit Card,Delivered
TXN001474,CUST2629,Sports,Dumbbells,Bengaluru,3,28167.52,15,UPI,Delivered
TXN001475,CUST2620,Clothing,Jeans,Coimbatore,6,7535.22,0,Credit Card,Delivered
TXN001476,CUST2446,Books,Python Programming,Pune,4,13953.1,25,Cash on Delivery,Delivered
TXN001477,CUST0088,Clothing,Shoes,Mumbai,2,32380.88,25,Debit Card,Delivered
TXN001478,CUST0208,Sports,Yoga Mat,Kochi,6,879.63,15,Cash on Delivery,Pending
TXN001479,CUST1367,Sports,Cricket Bat,Mumbai,10,9093.81,10,Cash on Delivery,Shipped
TXN001480,CUST0998,Books,Data Science Guide,Mumbai,5,46503.54,20,UPI,Delivered
TXN001481,CUST0516,Clothing,Shoes,Coimbatore,9,33212.52,15,UPI,Delivered
TXN001482,CUST2313,Sports,Dumbbells,Chennai,6,15347.0,10,Cash on Delivery,Pending
TXN001483,CUST0841,Home & Kitchen,Table Lamp,Mumbai,3,2360.64,10,UPI,Delivered
TXN001484,CUST0282,Electronics,Headphones,Chennai,5,29343.84,25,Cash on Delivery,Shipped
TXN001485,CUST2271,Electronics,Laptop,Bengaluru,10,11221.03,10,Cash on Delivery,Delivered
TXN001486,CUST0849,Electronics,Smartphone,Hyderabad,8,48012.75,15,Credit Card,Cancelled
TXN001487,CUST2402,Clothing,Jacket,Kochi,9,34379.35,5,Cash on Delivery,Delivered
TXN001488,CUST0885,Books,Python Programming,Hyderabad,8,48708.78,20,Debit Card,Delivered
TXN001489,CUST0955,Sports,Football,Chennai,3,42460.05,10,UPI,Cancelled
TXN001490,CUST1346,Home & Kitchen,Table Lamp,Chennai,9,24203.07,15,Debit Card,Shipped
TXN001491,CUST0605,Home & Kitchen,Mixer,Hyderabad,3,33511.2,25,UPI,Shipped
TXN001492,CUST2442,Clothing,Shoes,Mumbai,8,40624.15,0,Cash on Delivery,Delivered
TXN001493,CUST0012,Electronics,Smartwatch,Delhi,10,28951.11,25,Debit Card,Delivered
TXN001494,CUST1136,Clothing,T-Shirt,Delhi,9,3168.23,20,Credit Card,Cancelled
TXN001495,CUST0593,Books,Python Programming,Coimbatore,7,23575.27,0,Cash on Delivery,Delivered
TXN001496,CUST0533,Books,Data Science Guide,Kochi,4,6615.61,0,Cash on Delivery,Delivered
TXN001497,CUST2213,Sports,Cricket Bat,Pune,10,35770.85,25,Cash on Delivery,Shipped
TXN001498,CUST1027,Sports,Football,Hyderabad,9,34063.38,15,Credit Card,Pending
TXN001499,CUST0715,Books,Data Science Guide,Hyderabad,3,49646.12,25,Debit Card,Delivered
TXN001500,CUST0451,Books,Python Programming,Coimbatore,3,31477.61,5,Cash on Delivery,Delivered
TXN001501,CUST2708,Books,Novel,Kochi,2,40026.88,15,Debit Card,Shipped
TXN001502,CUST0106,Clothing,Jacket,Delhi,10,13487.56,15,Cash on Delivery,Delivered
TXN001503,CUST0540,Books,Python Programming,Bengaluru,3,17067.2,20,Cash on Delivery,Delivered
TXN001504,CUST0061,Home & Kitchen,Mixer,Mumbai,1,45859.51,15,Cash on Delivery,Delivered
TXN001505,CUST1468,Electronics,Laptop,Mumbai,4,37784.09,20,Credit Card,Shipped
TXN001506,CUST0975,Books,Data Science Guide,Bengaluru,8,32797.93,10,Cash on Delivery,Delivered
TXN001507,CUST2412,Electronics,Laptop,Bengaluru,5,12775.98,20,Debit Card,Pending
TXN001508,CUST1327,Clothing,T-Shirt,Kochi,2,34959.04,15,Cash on Delivery,Delivered
TXN001509,CUST0065,Electronics,Headphones,Delhi,3,44349.51,10,Debit Card,Delivered
TXN001510,CUST0714,Clothing,T-Shirt,Coimbatore,1,11616.8,10,Debit Card,Delivered
TXN001511,CUST1087,Home & Kitchen,Mixer,Bengaluru,2,35335.59,5,UPI,Delivered
TXN001512,CUST0215,Clothing,T-Shirt,Coimbatore,1,19745.33,25,Debit Card,Delivered
TXN001513,CUST0520,Clothing,Jacket,Kochi,2,6026.49,15,UPI,Shipped
TXN001514,CUST1725,Sports,Yoga Mat,Pune,3,38196.69,0,Credit Card,Delivered
TXN001515,CUST2155,Books,Data Science Guide,Chennai,1,8440.13,25,Cash on Delivery,Delivered
TXN001516,CUST0466,Books,Novel,Mumbai,9,12719.52,15,Credit Card,Delivered
TXN001517,CUST0261,Home & Kitchen,Mixer,Delhi,10,39168.81,0,Credit Card,Delivered
TXN001518,CUST1951,Home & Kitchen,Cookware Set,Mumbai,5,37132.43,25,Debit Card,Delivered
TXN001519,CUST1837,Books,Machine Learning Basics,Delhi,8,12783.73,5,Cash on Delivery,Cancelled
TXN001520,CUST1483,Sports,Cricket Bat,Kochi,5,47054.13,15,Cash on Delivery,Delivered
TXN001521,CUST2103,Books,Machine Learning Basics,Chennai,8,10842.73,25,Credit Card,Cancelled
TXN001522,CUST2432,Sports,Dumbbells,Mumbai,7,49681.75,5,UPI,Delivered
TXN001523,CUST0447,Home & Kitchen,Cookware Set,Chennai,4,36921.2,0,UPI,Cancelled
TXN001524,CUST1852,Electronics,Smartwatch,Kochi,7,19686.13,20,Debit Card,Delivered
TXN001525,CUST2064,Home & Kitchen,Vacuum Cleaner,Delhi,6,6604.43,15,UPI,Shipped
TXN001526,CUST0908,Home & Kitchen,Vacuum Cleaner,Bengaluru,3,16093.45,10,UPI,Pending
TXN001527,CUST2520,Clothing,Jeans,Pune,9,9767.55,10,Credit Card,Delivered
TXN001528,CUST0178,Clothing,T-Shirt,Mumbai,10,31129.8,5,UPI,Delivered
TXN001529,CUST2979,Clothing,T-Shirt,Chennai,9,17907.07,20,Cash on Delivery,Shipped
TXN001530,CUST2699,Clothing,Jeans,Hyderabad,5,14820.86,10,Credit Card,Delivered
TXN001531,CUST2136,Sports,Cricket Bat,Mumbai,8,37880.95,10,Credit Card,Delivered
TXN001532,CUST1236,Books,Data Science Guide,Mumbai,7,11606.91,15,UPI,Delivered
TXN001533,CUST1877,Electronics,Laptop,Mumbai,9,29385.78,10,Cash on Delivery,Cancelled
TXN001534,CUST2636,Home & Kitchen,Vacuum Cleaner,Coimbatore,7,9810.35,0,Cash on Delivery,Shipped
TXN001535,CUST0128,Sports,Football,Chennai,4,35768.45,5,UPI,Delivered
TXN001536,CUST0250,Electronics,Laptop,Chennai,4,31293.56,25,Cash on Delivery,Delivered
TXN001537,CUST1962,Sports,Football,Mumbai,8,39927.86,10,Debit Card,Pending
TXN001538,CUST1646,Sports,Yoga Mat,Kochi,6,3518.0,15,Debit Card,Shipped
TXN001539,CUST1747,Home & Kitchen,Vacuum Cleaner,Kochi,9,10584.26,25,UPI,Delivered
TXN001540,CUST2811,Books,Data Science Guide,Bengaluru,10,7807.57,0,Credit Card,Delivered
TXN001541,CUST0443,Clothing,Shoes,Mumbai,7,9609.01,25,Credit Card,Delivered
TXN001542,CUST2009,Books,Python Programming,Coimbatore,7,5240.4,10,Cash on Delivery,Delivered
TXN001543,CUST2918,Home & Kitchen,Vacuum Cleaner,Delhi,4,28147.89,5,Debit Card,Shipped
TXN001544,CUST1817,Home & Kitchen,Vacuum Cleaner,Coimbatore,3,29712.23,5,Credit Card,Cancelled
TXN001545,CUST0302,Home & Kitchen,Table Lamp,Kochi,8,42190.14,5,Cash on Delivery,Delivered
TXN001546,CUST0331,Electronics,Laptop,Bengaluru,7,20945.14,10,Debit Card,Shipped
TXN001547,CUST1320,Books,Novel,Kochi,4,26666.0,0,Credit Card,Shipped
TXN001548,CUST2492,Books,Novel,Kochi,4,49566.07,20,Cash on Delivery,Delivered
TXN001549,CUST0608,Sports,Cricket Bat,Kochi,1,26639.07,25,UPI,Delivered
TXN001550,CUST0270,Sports,Yoga Mat,Mumbai,7,28721.45,5,UPI,Delivered
TXN001551,CUST0517,Sports,Dumbbells,Kochi,1,49796.28,0,Credit Card,Delivered
TXN001552,CUST1127,Home & Kitchen,Cookware Set,Chennai,10,49707.06,15,Cash on Delivery,Delivered
TXN001553,CUST2558,Books,Data Science Guide,Pune,10,21259.12,15,Debit Card,Delivered
TXN001554,CUST2594,Home & Kitchen,Mixer,Hyderabad,4,31783.85,0,UPI,Cancelled
TXN001555,CUST2398,Electronics,Headphones,Mumbai,3,24092.05,15,Debit Card,Shipped
TXN001556,CUST2247,Sports,Football,Bengaluru,3,36063.7,15,Cash on Delivery,Delivered
TXN001557,CUST2917,Home & Kitchen,Vacuum Cleaner,Chennai,1,46925.49,5,UPI,Delivered
TXN001558,CUST1332,Home & Kitchen,Cookware Set,Coimbatore,4,15552.0,10,Credit Card,Delivered
TXN001559,CUST1561,Electronics,Smartwatch,Kochi,1,40961.87,10,UPI,Shipped
TXN001560,CUST2447,Clothing,Jeans,Delhi,8,32776.96,10,Credit Card,Pending
TXN001561,CUST2174,Books,Machine Learning Basics,Delhi,1,14081.22,10,Debit Card,Delivered
TXN001562,CUST1208,Clothing,Shoes,Pune,6,39885.25,0,UPI,Pending
TXN001563,CUST1859,Sports,Dumbbells,Mumbai,7,21413.94,5,Cash on Delivery,Delivered
TXN001564,CUST2071,Home & Kitchen,Mixer,Coimbatore,10,6107.82,0,Debit Card,Delivered
TXN001565,CUST2480,Electronics,Laptop,Pune,2,49671.48,25,Debit Card,Delivered
TXN001566,CUST1763,Electronics,Smartphone,Hyderabad,4,21339.75,25,Credit Card,Delivered
TXN001567,CUST0407,Books,Machine Learning Basics,Hyderabad,3,27123.47,15,Cash on Delivery,Delivered
TXN001568,CUST2875,Clothing,T-Shirt,Pune,9,40417.29,5,Debit Card,Delivered
TXN001569,CUST0469,Books,Python Programming,Bengaluru,7,48047.72,20,UPI,Delivered
TXN001570,CUST2682,Home & Kitchen,Table Lamp,Delhi,2,43657.1,10,Credit Card,Delivered
TXN001571,CUST2667,Books,Python Programming,Coimbatore,6,26300.16,25,Cash on Delivery,Delivered
TXN001572,CUST2259,Electronics,Headphones,Mumbai,9,27330.23,25,Credit Card,Delivered
TXN001573,CUST2953,Electronics,Smartphone,Kochi,3,14116.26,15,Credit Card,Delivered
TXN001574,CUST0881,Sports,Yoga Mat,Chennai,6,23193.86,10,Debit Card,Delivered
TXN001575,CUST1762,Sports,Yoga Mat,Mumbai,3,47347.26,10,UPI,Delivered
TXN001576,CUST1850,Home & Kitchen,Vacuum Cleaner,Mumbai,3,36374.35,10,UPI,Delivered
TXN001577,CUST0936,Clothing,Jeans,Coimbatore,4,692.66,25,Cash on Delivery,Shipped
TXN001578,CUST1695,Books,Data Science Guide,Delhi,9,5913.69,20,Cash on Delivery,Delivered
TXN001579,CUST1389,Home & Kitchen,Vacuum Cleaner,Coimbatore,8,46198.18,15,UPI,Delivered
TXN001580,CUST1858,Sports,Cricket Bat,Chennai,1,42451.09,10,Credit Card,Shipped
TXN001581,CUST1634,Books,Python Programming,Pune,1,24359.61,10,Credit Card,Delivered
TXN001582,CUST1704,Sports,Dumbbells,Coimbatore,7,30887.22,5,UPI,Delivered
TXN001583,CUST2989,Books,Data Science Guide,Bengaluru,3,14553.34,10,Debit Card,Delivered
TXN001584,CUST0390,Clothing,Shoes,Mumbai,7,39662.25,5,Credit Card,Delivered
TXN001585,CUST1281,Home & Kitchen,Mixer,Delhi,9,30205.54,15,UPI,Delivered
TXN001586,CUST1749,Books,Python Programming,Kochi,3,34771.8,15,Debit Card,Delivered
TXN001587,CUST1281,Electronics,Laptop,Hyderabad,3,18808.0,15,Credit Card,Delivered
TXN001588,CUST2725,Electronics,Headphones,Chennai,2,21578.86,5,Cash on Delivery,Shipped
TXN001589,CUST1045,Books,Novel,Hyderabad,10,10463.34,25,Credit Card,Pending
TXN001590,CUST1534,Books,Python Programming,Mumbai,1,47407.82,25,Credit Card,Delivered
TXN001591,CUST0626,Books,Machine Learning Basics,Coimbatore,9,47333.2,20,UPI,Delivered
TXN001592,CUST2814,Electronics,Headphones,Hyderabad,6,40905.79,20,Credit Card,Delivered
TXN001593,CUST1943,Electronics,Headphones,Bengaluru,6,46784.2,25,Credit Card,Delivered
TXN001594,CUST0275,Books,Python Programming,Coimbatore,8,33299.87,25,Debit Card,Delivered
TXN001595,CUST0374,Sports,Cricket Bat,Mumbai,5,11809.13,10,UPI,Pending
TXN001596,CUST0350,Sports,Football,Hyderabad,9,38034.51,15,Debit Card,Delivered
TXN001597,CUST0382,Clothing,Jacket,Kochi,5,16331.28,25,Cash on Delivery,Cancelled
TXN001598,CUST1769,Home & Kitchen,Table Lamp,Pune,2,22080.04,0,Credit Card,Delivered
TXN001599,CUST0396,Sports,Football,Chennai,6,13790.07,25,UPI,Pending
TXN001600,CUST1527,Electronics,Headphones,Hyderabad,9,21238.73,10,Cash on Delivery,Delivered
TXN001601,CUST0533,Sports,Dumbbells,Kochi,3,33997.94,25,UPI,Delivered
TXN001602,CUST2279,Clothing,Shoes,Pune,10,5619.47,20,Credit Card,Delivered
TXN001603,CUST0246,Clothing,Jeans,Pune,4,5349.83,20,UPI,Delivered
TXN001604,CUST2403,Home & Kitchen,Vacuum Cleaner,Hyderabad,10,34220.12,15,UPI,Cancelled
TXN001605,CUST2301,Sports,Cricket Bat,Delhi,8,39001.1,5,Debit Card,Delivered
TXN001606,CUST2301,Electronics,Laptop,Hyderabad,6,27618.19,10,UPI,Shipped
TXN001607,CUST1351,Electronics,Laptop,Mumbai,7,9163.89,5,UPI,Pending
TXN001608,CUST2745,Books,Data Science Guide,Pune,7,21594.77,20,Debit Card,Delivered
TXN001609,CUST0501,Electronics,Smartwatch,Chennai,4,37932.96,15,Credit Card,Shipped
TXN001610,CUST1683,Home & Kitchen,Vacuum Cleaner,Mumbai,6,34318.08,20,Cash on Delivery,Delivered
TXN001611,CUST1449,Home & Kitchen,Mixer,Bengaluru,9,5582.29,15,Debit Card,Delivered
TXN001612,CUST2726,Electronics,Headphones,Coimbatore,3,48460.44,25,Credit Card,Shipped
TXN001613,CUST1733,Electronics,Laptop,Hyderabad,8,11245.86,0,Credit Card,Shipped
TXN001614,CUST2954,Books,Novel,Delhi,7,11097.44,5,Cash on Delivery,Delivered
TXN001615,CUST0211,Electronics,Smartwatch,Chennai,4,23046.88,10,Credit Card,Pending
TXN001616,CUST1179,Books,Data Science Guide,Delhi,10,16429.43,15,Debit Card,Delivered
TXN001617,CUST2460,Books,Novel,Delhi,3,49200.9,25,Credit Card,Pending
TXN001618,CUST1280,Electronics,Headphones,Delhi,7,3916.84,25,Cash on Delivery,Delivered
TXN001619,CUST1441,Clothing,Shoes,Hyderabad,10,15391.32,0,Cash on Delivery,Delivered
TXN001620,CUST0425,Clothing,Jacket,Chennai,9,19197.84,25,Debit Card,Delivered
TXN001621,CUST2368,Books,Machine Learning Basics,Chennai,10,24723.6,25,Debit Card,Delivered
TXN001622,CUST2079,Electronics,Smartwatch,Pune,3,918.68,0,Credit Card,Pending
TXN001623,CUST0872,Clothing,Jeans,Delhi,10,4209.87,5,Cash on Delivery,Delivered
TXN001624,CUST0634,Electronics,Headphones,Pune,9,12964.7,25,Cash on Delivery,Delivered
TXN001625,CUST2690,Electronics,Smartphone,Pune,8,27744.7,15,Credit Card,Delivered
TXN001626,CUST1976,Electronics,Headphones,Coimbatore,3,38411.8,10,Cash on Delivery,Delivered
TXN001627,CUST0919,Sports,Dumbbells,Hyderabad,8,34356.12,10,Debit Card,Delivered
TXN001628,CUST0444,Electronics,Headphones,Hyderabad,4,28394.54,10,Debit Card,Delivered
TXN001629,CUST1435,Sports,Cricket Bat,Mumbai,6,19921.92,20,Credit Card,Delivered
TXN001630,CUST2279,Books,Python Programming,Kochi,10,43547.66,20,Credit Card,Delivered
TXN001631,CUST1506,Clothing,T-Shirt,Pune,2,23042.65,15,Credit Card,Delivered
TXN001632,CUST0471,Clothing,Jeans,Hyderabad,8,15032.71,25,Debit Card,Delivered
TXN001633,CUST1142,Clothing,T-Shirt,Delhi,9,31503.82,25,Debit Card,Pending
TXN001634,CUST2352,Clothing,Jeans,Kochi,7,34636.54,10,Cash on Delivery,Delivered
TXN001635,CUST0927,Clothing,T-Shirt,Bengaluru,8,19983.67,0,Debit Card,Delivered
TXN001636,CUST1758,Clothing,T-Shirt,Delhi,7,1504.35,25,Credit Card,Delivered
TXN001637,CUST2298,Clothing,Jacket,Chennai,10,4797.16,10,UPI,Pending
TXN001638,CUST2547,Books,Novel,Hyderabad,4,42295.38,15,UPI,Delivered
TXN001639,CUST2514,Electronics,Smartphone,Kochi,1,2921.74,10,UPI,Delivered
TXN001640,CUST2765,Home & Kitchen,Table Lamp,Hyderabad,3,29641.78,5,UPI,Cancelled
TXN001641,CUST2633,Sports,Football,Mumbai,7,9267.1,10,UPI,Delivered
TXN001642,CUST2281,Home & Kitchen,Table Lamp,Pune,7,11523.42,25,Debit Card,Delivered
TXN001643,CUST0108,Home & Kitchen,Table Lamp,Bengaluru,3,13739.36,25,Credit Card,Delivered
TXN001644,CUST2495,Electronics,Smartphone,Hyderabad,1,2010.74,0,Credit Card,Cancelled
TXN001645,CUST2695,Electronics,Smartwatch,Mumbai,10,8944.04,15,Cash on Delivery,Delivered
TXN001646,CUST2841,Electronics,Smartphone,Mumbai,9,32559.95,15,Credit Card,Delivered
TXN001647,CUST1096,Clothing,Jeans,Bengaluru,6,24985.99,0,Cash on Delivery,Delivered
TXN001648,CUST0119,Books,Python Programming,Delhi,7,39886.72,15,Credit Card,Delivered
TXN001649,CUST0739,Clothing,Shoes,Delhi,1,3155.98,10,Cash on Delivery,Cancelled
TXN001650,CUST1120,Books,Machine Learning Basics,Delhi,1,44456.02,15,Cash on Delivery,Shipped
TXN001651,CUST2879,Books,Data Science Guide,Coimbatore,4,49820.29,10,Credit Card,Delivered
TXN001652,CUST1266,Home & Kitchen,Mixer,Pune,7,885.42,15,UPI,Delivered
TXN001653,CUST1392,Home & Kitchen,Table Lamp,Kochi,8,48385.24,25,Credit Card,Cancelled
TXN001654,CUST1438,Books,Data Science Guide,Pune,10,11869.55,10,Credit Card,Delivered
TXN001655,CUST0026,Books,Data Science Guide,Delhi,9,34657.9,10,UPI,Delivered
TXN001656,CUST0744,Clothing,Jeans,Bengaluru,1,14694.92,25,Credit Card,Delivered
TXN001657,CUST0587,Clothing,T-Shirt,Coimbatore,4,26138.46,0,Cash on Delivery,Delivered
TXN001658,CUST2320,Home & Kitchen,Vacuum Cleaner,Pune,4,25569.88,0,UPI,Delivered
TXN001659,CUST2693,Electronics,Laptop,Delhi,3,18119.16,25,UPI,Delivered
TXN001660,CUST1642,Books,Machine Learning Basics,Coimbatore,7,35905.58,20,Debit Card,Delivered
TXN001661,CUST0286,Clothing,T-Shirt,Kochi,1,30021.86,0,Cash on Delivery,Delivered
TXN001662,CUST0582,Home & Kitchen,Table Lamp,Bengaluru,9,25463.02,10,Cash on Delivery,Delivered
TXN001663,CUST2594,Clothing,Shoes,Delhi,8,49143.68,10,Credit Card,Cancelled
TXN001664,CUST0126,Books,Novel,Kochi,2,47006.47,15,Credit Card,Cancelled
TXN001665,CUST0376,Books,Data Science Guide,Chennai,2,47776.25,15,Cash on Delivery,Delivered
TXN001666,CUST2173,Sports,Yoga Mat,Kochi,8,44078.07,20,Cash on Delivery,Delivered
TXN001667,CUST0882,Electronics,Smartphone,Hyderabad,1,12832.25,10,Cash on Delivery,Pending
TXN001668,CUST1541,Sports,Yoga Mat,Bengaluru,7,17563.8,20,Credit Card,Cancelled
TXN001669,CUST1720,Home & Kitchen,Cookware Set,Kochi,9,11629.63,10,Cash on Delivery,Delivered
TXN001670,CUST1859,Clothing,T-Shirt,Kochi,3,49310.23,0,Cash on Delivery,Delivered
TXN001671,CUST1397,Home & Kitchen,Vacuum Cleaner,Mumbai,7,7717.83,15,UPI,Delivered
TXN001672,CUST0645,Books,Machine Learning Basics,Mumbai,6,18388.94,25,Cash on Delivery,Delivered
TXN001673,CUST1516,Sports,Dumbbells,Kochi,7,10032.32,25,Debit Card,Delivered
TXN001674,CUST1277,Sports,Yoga Mat,Kochi,7,11250.35,20,Credit Card,Delivered
TXN001675,CUST2956,Sports,Yoga Mat,Bengaluru,10,12429.69,5,UPI,Pending
TXN001676,CUST1329,Home & Kitchen,Cookware Set,Mumbai,1,32019.57,25,Cash on Delivery,Delivered
TXN001677,CUST2325,Books,Python Programming,Pune,3,3894.86,10,Cash on Delivery,Delivered
TXN001678,CUST2443,Clothing,Shoes,Bengaluru,10,28669.24,0,UPI,Shipped
TXN001679,CUST0348,Clothing,Jeans,Chennai,1,40982.38,5,UPI,Delivered
TXN001680,CUST0216,Home & Kitchen,Vacuum Cleaner,Bengaluru,5,38349.54,0,UPI,Delivered
TXN001681,CUST0638,Sports,Cricket Bat,Delhi,3,7643.47,0,Debit Card,Cancelled
TXN001682,CUST0645,Electronics,Smartwatch,Delhi,1,45745.11,10,Debit Card,Delivered
TXN001683,CUST2531,Home & Kitchen,Table Lamp,Coimbatore,2,38527.51,0,UPI,Delivered
TXN001684,CUST0204,Home & Kitchen,Mixer,Mumbai,10,364.6,20,Cash on Delivery,Delivered
TXN001685,CUST2761,Books,Machine Learning Basics,Kochi,5,36894.94,5,Credit Card,Delivered
TXN001686,CUST0335,Clothing,T-Shirt,Hyderabad,3,36897.34,0,Debit Card,Delivered
TXN001687,CUST1115,Home & Kitchen,Table Lamp,Mumbai,6,24891.12,25,Credit Card,Delivered
TXN001688,CUST1815,Home & Kitchen,Vacuum Cleaner,Pune,9,2394.52,25,Credit Card,Delivered
TXN001689,CUST2712,Sports,Yoga Mat,Bengaluru,6,29037.31,0,Debit Card,Cancelled
TXN001690,CUST1737,Sports,Yoga Mat,Hyderabad,2,38310.76,15,Credit Card,Shipped
TXN001691,CUST1990,Electronics,Smartphone,Hyderabad,2,13616.62,15,Cash on Delivery,Delivered
TXN001692,CUST2487,Books,Python Programming,Kochi,8,33386.7,20,Debit Card,Delivered
TXN001693,CUST1811,Electronics,Headphones,Kochi,8,17760.92,25,Debit Card,Delivered
TXN001694,CUST1697,Sports,Football,Mumbai,6,28735.36,15,Credit Card,Delivered
TXN001695,CUST1119,Clothing,Shoes,Hyderabad,10,19289.83,0,Credit Card,Cancelled
TXN001696,CUST0883,Sports,Yoga Mat,Hyderabad,7,15257.7,25,UPI,Cancelled
TXN001697,CUST2099,Books,Python Programming,Delhi,1,42810.13,0,Debit Card,Delivered
TXN001698,CUST0467,Sports,Cricket Bat,Chennai,9,37716.53,5,Credit Card,Delivered
TXN001699,CUST1414,Books,Novel,Kochi,5,17337.91,25,Cash on Delivery,Delivered
TXN001700,CUST1761,Books,Novel,Bengaluru,9,21788.12,15,Debit Card,Cancelled
TXN001701,CUST0455,Books,Data Science Guide,Mumbai,2,34616.0,10,UPI,Delivered
TXN001702,CUST1161,Books,Python Programming,Kochi,8,40572.83,15,Cash on Delivery,Delivered
TXN001703,CUST2778,Books,Data Science Guide,Delhi,7,34248.63,0,UPI,Shipped
TXN001704,CUST2780,Clothing,Shoes,Pune,4,27092.49,5,UPI,Shipped
TXN001705,CUST2430,Electronics,Smartphone,Kochi,3,47723.85,15,Cash on Delivery,Delivered
TXN001706,CUST1994,Home & Kitchen,Table Lamp,Pune,4,38729.77,5,UPI,Delivered
TXN001707,CUST2159,Electronics,Smartphone,Coimbatore,4,5868.03,15,UPI,Delivered
TXN001708,CUST2733,Books,Data Science Guide,Hyderabad,10,27951.14,20,UPI,Delivered
TXN001709,CUST1264,Clothing,Jacket,Hyderabad,10,20536.88,0,UPI,Delivered
TXN001710,CUST0187,Sports,Football,Mumbai,8,39767.29,0,UPI,Delivered
TXN001711,CUST0904,Clothing,Shoes,Chennai,4,2328.69,10,Debit Card,Delivered
TXN001712,CUST1619,Books,Novel,Chennai,5,20595.11,0,Credit Card,Delivered
TXN001713,CUST2455,Clothing,Jacket,Mumbai,2,15981.99,10,Debit Card,Pending
TXN001714,CUST0225,Clothing,Jacket,Mumbai,4,7145.18,0,Debit Card,Delivered
TXN001715,CUST0032,Books,Machine Learning Basics,Delhi,7,19002.33,15,Credit Card,Delivered
TXN001716,CUST0838,Clothing,Shoes,Pune,3,33672.73,15,Credit Card,Pending
TXN001717,CUST1235,Home & Kitchen,Cookware Set,Mumbai,1,18147.73,20,Cash on Delivery,Shipped
TXN001718,CUST0866,Home & Kitchen,Vacuum Cleaner,Pune,8,29042.33,15,UPI,Delivered
TXN001719,CUST0563,Clothing,T-Shirt,Kochi,8,29681.31,5,Credit Card,Delivered
TXN001720,CUST1047,Sports,Dumbbells,Kochi,6,29396.85,15,Cash on Delivery,Delivered
TXN001721,CUST1186,Books,Novel,Coimbatore,7,26523.64,10,Cash on Delivery,Delivered
TXN001722,CUST1344,Home & Kitchen,Cookware Set,Pune,10,5937.71,25,Debit Card,Pending
TXN001723,CUST0492,Sports,Football,Delhi,2,11000.95,20,Cash on Delivery,Delivered
TXN001724,CUST0032,Clothing,Jacket,Kochi,5,40023.35,25,UPI,Delivered
TXN001725,CUST2038,Sports,Dumbbells,Hyderabad,7,25168.04,25,Debit Card,Pending
TXN001726,CUST1764,Electronics,Smartphone,Hyderabad,9,35333.21,5,Credit Card,Shipped
TXN001727,CUST0720,Home & Kitchen,Vacuum Cleaner,Kochi,1,28538.46,5,Debit Card,Delivered
TXN001728,CUST0530,Clothing,Jeans,Kochi,3,2030.64,0,Debit Card,Pending
TXN001729,CUST1558,Books,Python Programming,Kochi,6,39831.07,10,UPI,Delivered
TXN001730,CUST2182,Clothing,Jeans,Pune,7,3309.78,25,UPI,Delivered
TXN001731,CUST2883,Books,Machine Learning Basics,Hyderabad,6,47164.39,15,Debit Card,Cancelled
TXN001732,CUST0943,Clothing,T-Shirt,Hyderabad,1,10847.31,15,Credit Card,Delivered
TXN001733,CUST2050,Sports,Football,Bengaluru,4,25669.07,0,UPI,Delivered
TXN001734,CUST2289,Sports,Dumbbells,Kochi,6,3273.04,15,Debit Card,Delivered
TXN001735,CUST2737,Sports,Dumbbells,Coimbatore,8,44757.13,5,UPI,Pending
TXN001736,CUST1451,Electronics,Headphones,Kochi,10,48999.02,15,UPI,Shipped
TXN001737,CUST0296,Books,Python Programming,Delhi,4,7400.0,25,Cash on Delivery,Delivered
TXN001738,CUST1627,Sports,Football,Delhi,7,14859.75,15,Credit Card,Delivered
TXN001739,CUST0174,Electronics,Laptop,Hyderabad,3,892.13,5,Debit Card,Delivered
TXN001740,CUST1787,Books,Novel,Kochi,8,39369.58,10,Debit Card,Delivered
TXN001741,CUST0077,Clothing,Jacket,Chennai,1,15642.07,25,Cash on Delivery,Delivered
TXN001742,CUST1884,Electronics,Smartphone,Delhi,4,29482.99,10,Debit Card,Delivered
TXN001743,CUST0319,Home & Kitchen,Table Lamp,Kochi,8,2057.0,5,Debit Card,Delivered
TXN001744,CUST1283,Electronics,Smartwatch,Coimbatore,10,35801.47,5,Cash on Delivery,Delivered
TXN001745,CUST2359,Electronics,Smartwatch,Mumbai,4,26517.26,25,Cash on Delivery,Delivered
TXN001746,CUST1759,Books,Data Science Guide,Kochi,2,36276.51,20,Debit Card,Delivered
TXN001747,CUST2349,Clothing,Jacket,Coimbatore,2,39499.26,20,Cash on Delivery,Shipped
TXN001748,CUST1657,Home & Kitchen,Table Lamp,Hyderabad,4,4553.22,15,UPI,Delivered
TXN001749,CUST2907,Sports,Dumbbells,Hyderabad,4,28946.8,25,UPI,Delivered
TXN001750,CUST2623,Sports,Football,Bengaluru,2,32532.21,25,UPI,Cancelled
TXN001751,CUST1711,Electronics,Smartphone,Pune,7,25884.27,15,UPI,Delivered
TXN001752,CUST1186,Books,Python Programming,Delhi,6,9202.23,20,Cash on Delivery,Delivered
TXN001753,CUST0472,Books,Python Programming,Pune,3,39800.3,15,Credit Card,Delivered
TXN001754,CUST1660,Sports,Football,Kochi,8,49873.17,10,Credit Card,Delivered
TXN001755,CUST0086,Home & Kitchen,Cookware Set,Pune,8,48466.59,10,Debit Card,Delivered
TXN001756,CUST1331,Clothing,Jacket,Delhi,1,38898.73,0,Credit Card,Delivered
TXN001757,CUST0704,Home & Kitchen,Mixer,Delhi,3,20963.58,20,UPI,Shipped
TXN001758,CUST2532,Clothing,Jeans,Kochi,5,16931.29,10,Cash on Delivery,Delivered
TXN001759,CUST1885,Sports,Cricket Bat,Hyderabad,2,3520.44,0,UPI,Delivered
TXN001760,CUST2825,Clothing,Jacket,Delhi,5,20872.69,5,UPI,Delivered
TXN001761,CUST1483,Books,Novel,Chennai,10,7886.83,25,Cash on Delivery,Delivered
TXN001762,CUST0361,Electronics,Smartphone,Chennai,3,12791.3,10,UPI,Delivered
TXN001763,CUST1789,Electronics,Smartwatch,Mumbai,9,44605.15,0,UPI,Delivered
TXN001764,CUST0434,Sports,Dumbbells,Delhi,1,48429.43,15,Cash on Delivery,Delivered
TXN001765,CUST0997,Books,Machine Learning Basics,Bengaluru,4,47433.09,25,Cash on Delivery,Delivered
TXN001766,CUST1785,Home & Kitchen,Vacuum Cleaner,Mumbai,10,9748.45,0,Debit Card,Cancelled
TXN001767,CUST2413,Books,Novel,Hyderabad,6,45054.62,10,Debit Card,Delivered
TXN001768,CUST1641,Electronics,Smartphone,Delhi,9,7161.11,15,UPI,Delivered
TXN001769,CUST2147,Electronics,Smartwatch,Chennai,3,25432.24,15,Debit Card,Delivered
TXN001770,CUST0323,Books,Data Science Guide,Bengaluru,3,32218.8,0,Credit Card,Cancelled
TXN001771,CUST1622,Books,Data Science Guide,Kochi,5,23177.1,0,Credit Card,Shipped
TXN001772,CUST1271,Electronics,Laptop,Mumbai,7,47596.69,10,UPI,Shipped
TXN001773,CUST1391,Home & Kitchen,Cookware Set,Bengaluru,5,16727.31,15,Debit Card,Shipped
TXN001774,CUST0908,Sports,Yoga Mat,Delhi,8,26416.15,20,UPI,Shipped
TXN001775,CUST1365,Sports,Cricket Bat,Coimbatore,5,3864.95,0,Debit Card,Pending
TXN001776,CUST0689,Books,Machine Learning Basics,Bengaluru,7,42626.01,20,Cash on Delivery,Delivered
TXN001777,CUST0313,Sports,Football,Bengaluru,6,20726.83,20,Cash on Delivery,Delivered
TXN001778,CUST2091,Electronics,Smartwatch,Hyderabad,10,35056.55,15,Cash on Delivery,Pending
TXN001779,CUST2594,Electronics,Laptop,Chennai,2,34144.06,10,Cash on Delivery,Pending
TXN001780,CUST0468,Books,Novel,Kochi,3,33845.52,20,UPI,Cancelled
TXN001781,CUST2174,Books,Python Programming,Delhi,4,25396.22,10,UPI,Delivered
TXN001782,CUST2089,Books,Data Science Guide,Bengaluru,5,13948.19,0,UPI,Shipped
TXN001783,CUST0795,Home & Kitchen,Cookware Set,Delhi,9,31292.22,15,Credit Card,Pending
TXN001784,CUST1432,Sports,Football,Chennai,6,48093.4,5,Cash on Delivery,Delivered
TXN001785,CUST1439,Books,Data Science Guide,Hyderabad,1,41714.07,15,Cash on Delivery,Delivered
TXN001786,CUST2980,Clothing,T-Shirt,Delhi,3,5527.53,5,Cash on Delivery,Cancelled
TXN001787,CUST2644,Clothing,Jeans,Pune,7,1257.05,25,Debit Card,Delivered
TXN001788,CUST0605,Electronics,Smartwatch,Chennai,8,24998.67,0,Debit Card,Delivered
TXN001789,CUST0968,Sports,Cricket Bat,Chennai,7,38813.88,10,Credit Card,Delivered
TXN001790,CUST0422,Books,Machine Learning Basics,Kochi,5,15763.74,0,Credit Card,Delivered
TXN001791,CUST0600,Clothing,Jeans,Mumbai,10,35091.79,15,Debit Card,Shipped
TXN001792,CUST1049,Sports,Football,Hyderabad,8,46602.87,5,Debit Card,Delivered
TXN001793,CUST0809,Electronics,Smartwatch,Hyderabad,9,23003.33,25,UPI,Delivered
TXN001794,CUST0711,Home & Kitchen,Mixer,Kochi,7,12283.57,5,UPI,Delivered
TXN001795,CUST2468,Sports,Football,Pune,9,45896.12,15,Debit Card,Cancelled
TXN001796,CUST0627,Sports,Cricket Bat,Delhi,1,23665.97,15,Cash on Delivery,Pending
TXN001797,CUST2685,Home & Kitchen,Mixer,Coimbatore,9,20451.18,0,Debit Card,Delivered
TXN001798,CUST0309,Sports,Dumbbells,Pune,3,17732.74,20,UPI,Cancelled
TXN001799,CUST0726,Electronics,Smartwatch,Mumbai,6,21208.55,5,Credit Card,Delivered
TXN001800,CUST2573,Electronics,Headphones,Hyderabad,8,33715.53,15,Debit Card,Delivered
TXN001801,CUST2024,Home & Kitchen,Cookware Set,Chennai,3,21742.61,0,Debit Card,Delivered
TXN001802,CUST1901,Books,Data Science Guide,Hyderabad,4,16278.77,20,Cash on Delivery,Cancelled
TXN001803,CUST2310,Clothing,Jacket,Pune,7,37207.52,10,Credit Card,Delivered
TXN001804,CUST2374,Books,Novel,Coimbatore,7,10228.27,15,Cash on Delivery,Shipped
TXN001805,CUST1839,Sports,Dumbbells,Bengaluru,4,10176.49,20,Credit Card,Delivered
TXN001806,CUST2790,Clothing,T-Shirt,Bengaluru,9,34852.13,10,Cash on Delivery,Delivered
TXN001807,CUST2313,Home & Kitchen,Table Lamp,Kochi,3,43348.66,25,Credit Card,Delivered
TXN001808,CUST2634,Home & Kitchen,Mixer,Hyderabad,8,12136.42,10,Debit Card,Cancelled
TXN001809,CUST2603,Clothing,Jacket,Hyderabad,8,9637.14,0,Debit Card,Delivered
TXN001810,CUST2559,Electronics,Smartphone,Mumbai,4,33548.26,5,Debit Card,Delivered
TXN001811,CUST1324,Clothing,Jacket,Hyderabad,7,31078.05,15,UPI,Pending
TXN001812,CUST2570,Sports,Yoga Mat,Coimbatore,4,22417.89,20,Credit Card,Delivered
TXN001813,CUST1295,Electronics,Headphones,Hyderabad,1,4883.45,25,Credit Card,Pending
TXN001814,CUST0619,Home & Kitchen,Vacuum Cleaner,Delhi,1,4680.09,25,Cash on Delivery,Delivered
TXN001815,CUST1802,Clothing,Shoes,Pune,1,38889.36,10,UPI,Delivered
TXN001816,CUST0280,Books,Data Science Guide,Kochi,2,22643.28,25,Cash on Delivery,Delivered
TXN001817,CUST1921,Books,Machine Learning Basics,Coimbatore,6,42912.56,5,UPI,Delivered
TXN001818,CUST1812,Sports,Cricket Bat,Mumbai,10,28779.21,10,Cash on Delivery,Delivered
TXN001819,CUST2587,Books,Data Science Guide,Delhi,5,30975.03,15,UPI,Delivered
TXN001820,CUST1241,Clothing,T-Shirt,Delhi,2,46716.3,15,Cash on Delivery,Delivered
TXN001821,CUST1126,Clothing,T-Shirt,Pune,8,8314.33,25,Cash on Delivery,Delivered
TXN001822,CUST2423,Books,Python Programming,Bengaluru,9,27196.91,0,UPI,Delivered
TXN001823,CUST0231,Clothing,Jacket,Coimbatore,7,3001.12,15,Credit Card,Pending
TXN001824,CUST1442,Sports,Football,Pune,9,18010.36,15,Cash on Delivery,Delivered
TXN001825,CUST2079,Electronics,Headphones,Delhi,4,7490.12,15,UPI,Delivered
TXN001826,CUST0304,Sports,Dumbbells,Mumbai,7,9473.01,5,UPI,Delivered
TXN001827,CUST1272,Sports,Yoga Mat,Pune,5,46746.26,20,Credit Card,Delivered
TXN001828,CUST1892,Clothing,T-Shirt,Bengaluru,5,30573.06,20,Credit Card,Delivered
TXN001829,CUST1852,Electronics,Smartwatch,Delhi,3,44618.69,25,Credit Card,Delivered
TXN001830,CUST0155,Clothing,Jeans,Pune,9,22231.66,15,Credit Card,Delivered
TXN001831,CUST0234,Home & Kitchen,Vacuum Cleaner,Coimbatore,10,29922.4,20,Cash on Delivery,Delivered
TXN001832,CUST1511,Clothing,Shoes,Bengaluru,5,1701.52,25,Cash on Delivery,Delivered
TXN001833,CUST1176,Clothing,Jacket,Coimbatore,6,23528.16,15,Debit Card,Delivered
TXN001834,CUST0315,Clothing,Jacket,Coimbatore,3,28246.43,20,Cash on Delivery,Pending
TXN001835,CUST2641,Electronics,Headphones,Coimbatore,10,937.21,20,Debit Card,Delivered
TXN001836,CUST0370,Clothing,T-Shirt,Pune,7,39495.51,25,Debit Card,Delivered
TXN001837,CUST2520,Electronics,Smartphone,Bengaluru,9,14841.61,10,Cash on Delivery,Delivered
TXN001838,CUST2434,Books,Python Programming,Pune,9,22679.11,25,Debit Card,Delivered
TXN001839,CUST2077,Home & Kitchen,Cookware Set,Pune,10,26827.95,5,Credit Card,Shipped
TXN001840,CUST1575,Electronics,Headphones,Pune,10,49610.64,10,Debit Card,Shipped
TXN001841,CUST1896,Books,Machine Learning Basics,Delhi,5,5049.29,10,Cash on Delivery,Cancelled
TXN001842,CUST2378,Electronics,Headphones,Hyderabad,7,27808.45,20,UPI,Delivered
TXN001843,CUST2271,Electronics,Headphones,Chennai,3,26576.65,0,Cash on Delivery,Shipped
TXN001844,CUST0169,Home & Kitchen,Cookware Set,Delhi,6,3538.59,0,UPI,Delivered
TXN001845,CUST1843,Sports,Yoga Mat,Bengaluru,8,31733.52,5,UPI,Delivered
TXN001846,CUST2342,Sports,Football,Chennai,8,14414.04,15,Debit Card,Delivered
TXN001847,CUST2670,Electronics,Smartwatch,Chennai,2,5278.02,20,Debit Card,Delivered
TXN001848,CUST0772,Clothing,T-Shirt,Chennai,6,9014.23,5,UPI,Delivered
TXN001849,CUST1317,Books,Python Programming,Hyderabad,7,41197.8,10,Debit Card,Delivered
TXN001850,CUST2479,Clothing,Jeans,Pune,7,5295.83,20,Credit Card,Delivered
TXN001851,CUST1949,Clothing,T-Shirt,Kochi,3,23399.68,10,Cash on Delivery,Delivered
TXN001852,CUST2054,Electronics,Smartphone,Mumbai,9,9844.13,5,Debit Card,Delivered
TXN001853,CUST0618,Electronics,Laptop,Bengaluru,2,8199.76,0,UPI,Pending
TXN001854,CUST0254,Electronics,Laptop,Kochi,3,10365.02,5,UPI,Delivered
TXN001855,CUST1846,Electronics,Smartwatch,Hyderabad,2,24689.87,25,Cash on Delivery,Pending
TXN001856,CUST0424,Sports,Cricket Bat,Hyderabad,9,11965.64,20,Debit Card,Pending
TXN001857,CUST1407,Electronics,Smartphone,Mumbai,4,4926.97,20,Debit Card,Delivered
TXN001858,CUST2926,Sports,Yoga Mat,Chennai,2,40089.9,15,UPI,Delivered
TXN001859,CUST0346,Sports,Yoga Mat,Pune,3,27037.09,0,Cash on Delivery,Delivered
TXN001860,CUST2067,Electronics,Smartwatch,Mumbai,4,7927.0,20,UPI,Delivered
TXN001861,CUST2647,Home & Kitchen,Cookware Set,Kochi,10,23624.35,0,Cash on Delivery,Cancelled
TXN001862,CUST0707,Books,Data Science Guide,Kochi,6,3511.29,20,Debit Card,Delivered
TXN001863,CUST0161,Clothing,T-Shirt,Mumbai,5,29063.45,0,Debit Card,Pending
TXN001864,CUST1015,Sports,Football,Hyderabad,3,17081.21,25,Cash on Delivery,Delivered
TXN001865,CUST2899,Books,Data Science Guide,Bengaluru,10,5266.07,5,UPI,Shipped
TXN001866,CUST1794,Home & Kitchen,Table Lamp,Coimbatore,8,9263.83,0,UPI,Delivered
TXN001867,CUST1800,Clothing,Jacket,Pune,8,17350.56,10,UPI,Pending
TXN001868,CUST2147,Clothing,Jacket,Kochi,7,40339.73,25,Cash on Delivery,Pending
TXN001869,CUST2142,Sports,Yoga Mat,Kochi,3,8770.41,5,Cash on Delivery,Delivered
TXN001870,CUST2498,Electronics,Smartwatch,Mumbai,1,5572.24,20,UPI,Delivered
TXN001871,CUST0651,Home & Kitchen,Mixer,Pune,5,25845.36,20,UPI,Delivered
TXN001872,CUST1491,Sports,Dumbbells,Mumbai,1,27978.98,15,Cash on Delivery,Pending
TXN001873,CUST1528,Home & Kitchen,Mixer,Chennai,6,4603.04,25,Cash on Delivery,Delivered
TXN001874,CUST1159,Electronics,Smartwatch,Pune,7,14295.78,10,UPI,Delivered
TXN001875,CUST1587,Electronics,Smartwatch,Chennai,5,13211.93,25,UPI,Delivered
TXN001876,CUST1675,Sports,Cricket Bat,Kochi,4,9392.46,15,Debit Card,Delivered
TXN001877,CUST1386,Electronics,Laptop,Hyderabad,2,15850.34,25,Credit Card,Delivered
TXN001878,CUST2781,Books,Machine Learning Basics,Chennai,5,1951.71,5,Cash on Delivery,Delivered
TXN001879,CUST2449,Clothing,Jeans,Pune,9,32612.33,15,Credit Card,Delivered
TXN001880,CUST0215,Sports,Yoga Mat,Delhi,4,49425.51,5,Cash on Delivery,Delivered
TXN001881,CUST2585,Home & Kitchen,Mixer,Pune,2,31738.93,15,Debit Card,Delivered
TXN001882,CUST2652,Books,Python Programming,Mumbai,6,18117.71,0,Cash on Delivery,Delivered
TXN001883,CUST1371,Sports,Football,Chennai,8,33428.72,5,Cash on Delivery,Delivered
TXN001884,CUST0270,Electronics,Smartwatch,Bengaluru,2,28618.64,5,Credit Card,Delivered
TXN001885,CUST1351,Electronics,Smartwatch,Delhi,9,42353.22,0,Debit Card,Cancelled
TXN001886,CUST0388,Electronics,Smartphone,Hyderabad,7,31131.54,0,Debit Card,Delivered
TXN001887,CUST2286,Electronics,Laptop,Coimbatore,2,31740.41,10,Debit Card,Delivered
TXN001888,CUST2779,Home & Kitchen,Table Lamp,Mumbai,5,11161.04,0,Debit Card,Delivered
TXN001889,CUST1584,Books,Novel,Mumbai,5,20839.8,15,Cash on Delivery,Delivered
TXN001890,CUST1164,Clothing,Shoes,Bengaluru,7,17286.36,0,Credit Card,Delivered
TXN001891,CUST1033,Home & Kitchen,Table Lamp,Coimbatore,5,670.12,0,Debit Card,Shipped
TXN001892,CUST2965,Home & Kitchen,Vacuum Cleaner,Kochi,6,15732.71,5,UPI,Delivered
TXN001893,CUST2690,Clothing,Jeans,Coimbatore,9,24354.5,5,Debit Card,Delivered
TXN001894,CUST2469,Clothing,Jeans,Hyderabad,3,30032.45,25,Credit Card,Pending
TXN001895,CUST0616,Electronics,Smartphone,Hyderabad,3,46734.99,0,Credit Card,Delivered
TXN001896,CUST1366,Home & Kitchen,Cookware Set,Delhi,8,12031.78,10,Credit Card,Delivered
TXN001897,CUST0334,Sports,Football,Kochi,10,7706.21,5,Credit Card,Delivered
TXN001898,CUST2387,Clothing,T-Shirt,Mumbai,6,43485.34,15,UPI,Delivered
TXN001899,CUST2719,Clothing,Shoes,Chennai,10,47098.19,25,Debit Card,Cancelled
TXN001900,CUST0580,Books,Machine Learning Basics,Hyderabad,3,24448.92,15,Cash on Delivery,Delivered
TXN001901,CUST1433,Sports,Yoga Mat,Bengaluru,2,5849.31,0,Cash on Delivery,Delivered
TXN001902,CUST1271,Sports,Football,Bengaluru,2,24320.88,0,UPI,Delivered
TXN001903,CUST2688,Clothing,Jacket,Bengaluru,2,5561.22,10,Debit Card,Delivered
TXN001904,CUST2861,Electronics,Headphones,Pune,5,44170.96,0,Debit Card,Pending
TXN001905,CUST2713,Books,Python Programming,Kochi,5,35436.69,25,Cash on Delivery,Delivered
TXN001906,CUST1606,Sports,Football,Kochi,1,12132.74,20,UPI,Shipped
TXN001907,CUST0529,Clothing,Jeans,Hyderabad,2,44345.87,20,Cash on Delivery,Delivered
TXN001908,CUST2438,Sports,Cricket Bat,Hyderabad,2,31931.3,0,UPI,Cancelled
TXN001909,CUST2904,Books,Data Science Guide,Bengaluru,4,47667.84,25,Credit Card,Delivered
TXN001910,CUST0348,Books,Machine Learning Basics,Kochi,7,49025.94,20,Debit Card,Delivered
TXN001911,CUST1269,Home & Kitchen,Mixer,Kochi,3,263.76,15,Debit Card,Shipped
TXN001912,CUST2290,Clothing,Jeans,Hyderabad,5,6098.69,25,Debit Card,Delivered
TXN001913,CUST1543,Books,Machine Learning Basics,Pune,9,27391.42,25,Debit Card,Cancelled
TXN001914,CUST2636,Home & Kitchen,Cookware Set,Chennai,5,47797.06,0,Debit Card,Delivered
TXN001915,CUST1346,Home & Kitchen,Vacuum Cleaner,Chennai,9,49712.26,15,Debit Card,Delivered
TXN001916,CUST0524,Sports,Cricket Bat,Delhi,1,28413.66,15,Credit Card,Pending
TXN001917,CUST2745,Sports,Football,Kochi,9,8772.69,20,Debit Card,Pending
TXN001918,CUST2879,Home & Kitchen,Cookware Set,Mumbai,5,8236.2,10,Credit Card,Cancelled
TXN001919,CUST2808,Sports,Cricket Bat,Chennai,8,38216.5,15,Debit Card,Cancelled
TXN001920,CUST2157,Books,Python Programming,Delhi,5,29637.69,20,Debit Card,Delivered
TXN001921,CUST0383,Electronics,Headphones,Coimbatore,6,27483.82,10,UPI,Delivered
TXN001922,CUST2647,Books,Machine Learning Basics,Mumbai,8,23341.67,25,Debit Card,Pending
TXN001923,CUST2747,Home & Kitchen,Vacuum Cleaner,Kochi,2,36284.22,20,Cash on Delivery,Delivered
TXN001924,CUST1735,Home & Kitchen,Mixer,Chennai,3,42916.9,20,UPI,Shipped
TXN001925,CUST2083,Books,Machine Learning Basics,Pune,9,15217.61,0,UPI,Delivered
TXN001926,CUST1483,Sports,Football,Coimbatore,5,11123.8,25,UPI,Delivered
TXN001927,CUST0075,Sports,Dumbbells,Delhi,5,33542.94,25,Cash on Delivery,Delivered
TXN001928,CUST1486,Home & Kitchen,Vacuum Cleaner,Chennai,9,45745.15,5,Credit Card,Delivered
TXN001929,CUST1266,Clothing,Jacket,Kochi,10,17473.06,10,UPI,Delivered
TXN001930,CUST0739,Sports,Cricket Bat,Chennai,3,13695.17,20,UPI,Delivered
TXN001931,CUST0878,Books,Python Programming,Hyderabad,4,11383.12,15,UPI,Shipped
TXN001932,CUST1400,Sports,Yoga Mat,Coimbatore,7,12799.1,15,Debit Card,Delivered
TXN001933,CUST1992,Books,Data Science Guide,Chennai,2,6833.17,5,Credit Card,Delivered
TXN001934,CUST0787,Home & Kitchen,Vacuum Cleaner,Bengaluru,8,29879.23,10,Cash on Delivery,Shipped
TXN001935,CUST0928,Sports,Football,Pune,5,14113.22,0,Cash on Delivery,Shipped
TXN001936,CUST0564,Books,Machine Learning Basics,Hyderabad,1,30785.72,10,Credit Card,Delivered
TXN001937,CUST0635,Home & Kitchen,Mixer,Hyderabad,3,4243.31,15,Credit Card,Pending
TXN001938,CUST0317,Clothing,T-Shirt,Chennai,9,5861.29,15,Credit Card,Delivered
TXN001939,CUST1212,Books,Novel,Pune,5,26853.48,0,Debit Card,Shipped
TXN001940,CUST0415,Clothing,Jacket,Hyderabad,8,25625.39,0,UPI,Pending
TXN001941,CUST2080,Clothing,Jeans,Mumbai,1,13648.35,15,Debit Card,Delivered
TXN001942,CUST2211,Electronics,Smartwatch,Coimbatore,7,41373.83,20,Credit Card,Cancelled
TXN001943,CUST2157,Sports,Football,Mumbai,7,9433.65,20,Debit Card,Shipped
TXN001944,CUST0155,Books,Machine Learning Basics,Delhi,8,18096.99,0,Cash on Delivery,Delivered
TXN001945,CUST2712,Clothing,Jacket,Mumbai,3,27820.03,25,Debit Card,Delivered
TXN001946,CUST1380,Electronics,Laptop,Pune,1,43373.83,20,Credit Card,Delivered
TXN001947,CUST2532,Home & Kitchen,Table Lamp,Bengaluru,9,20985.69,0,UPI,Delivered
TXN001948,CUST0537,Books,Data Science Guide,Hyderabad,1,19990.19,10,Debit Card,Pending
TXN001949,CUST2447,Clothing,Shoes,Pune,6,29018.92,10,Credit Card,Delivered
TXN001950,CUST1544,Sports,Football,Hyderabad,9,15903.1,10,Debit Card,Delivered
TXN001951,CUST0632,Electronics,Smartwatch,Kochi,2,35487.75,0,Cash on Delivery,Cancelled
TXN001952,CUST0665,Clothing,Jacket,Bengaluru,4,12509.93,0,Debit Card,Shipped
TXN001953,CUST0741,Sports,Football,Hyderabad,2,41177.48,20,Debit Card,Cancelled
TXN001954,CUST2838,Clothing,Shoes,Mumbai,4,13690.44,20,UPI,Delivered
TXN001955,CUST2559,Books,Python Programming,Kochi,2,49635.79,20,Debit Card,Delivered
TXN001956,CUST0679,Books,Novel,Kochi,1,15891.48,5,Debit Card,Delivered
TXN001957,CUST2954,Books,Data Science Guide,Delhi,3,43953.42,0,Cash on Delivery,Delivered
TXN001958,CUST1793,Electronics,Smartwatch,Kochi,8,19928.06,25,Cash on Delivery,Delivered
TXN001959,CUST0179,Books,Data Science Guide,Kochi,5,12378.14,10,Cash on Delivery,Pending
TXN001960,CUST1683,Sports,Football,Chennai,4,11385.55,10,UPI,Delivered
TXN001961,CUST1493,Clothing,Jeans,Bengaluru,5,42524.54,5,Cash on Delivery,Delivered
TXN001962,CUST2771,Home & Kitchen,Table Lamp,Mumbai,6,15506.77,5,Cash on Delivery,Delivered
TXN001963,CUST2948,Sports,Football,Pune,6,16994.29,10,Debit Card,Cancelled
TXN001964,CUST0973,Sports,Yoga Mat,Mumbai,5,9929.95,0,Debit Card,Delivered
TXN001965,CUST1820,Books,Python Programming,Mumbai,6,48070.1,10,UPI,Delivered
TXN001966,CUST2501,Electronics,Headphones,Chennai,9,12312.72,10,Cash on Delivery,Delivered
TXN001967,CUST1168,Clothing,Jeans,Coimbatore,5,12447.44,25,Credit Card,Delivered
TXN001968,CUST1839,Electronics,Laptop,Hyderabad,6,47200.5,5,Debit Card,Pending
TXN001969,CUST0959,Clothing,Shoes,Hyderabad,4,45054.85,5,Credit Card,Delivered
TXN001970,CUST2188,Clothing,Jeans,Pune,3,12520.65,20,Credit Card,Delivered
TXN001971,CUST0980,Electronics,Smartphone,Kochi,6,43249.81,5,Cash on Delivery,Pending
TXN001972,CUST1268,Sports,Football,Delhi,5,12566.18,25,Credit Card,Delivered
TXN001973,CUST1922,Clothing,T-Shirt,Pune,4,4314.76,25,UPI,Delivered
TXN001974,CUST0795,Electronics,Smartwatch,Coimbatore,5,41036.03,10,UPI,Delivered
TXN001975,CUST1507,Clothing,Jeans,Hyderabad,7,38600.75,25,Debit Card,Delivered
TXN001976,CUST2779,Home & Kitchen,Table Lamp,Delhi,1,14803.89,20,Credit Card,Pending
TXN001977,CUST2337,Sports,Dumbbells,Pune,1,4597.94,10,UPI,Delivered
TXN001978,CUST1805,Books,Python Programming,Delhi,1,10401.3,0,UPI,Delivered
TXN001979,CUST1892,Clothing,Jeans,Mumbai,2,38575.72,0,Credit Card,Delivered
TXN001980,CUST1155,Home & Kitchen,Mixer,Bengaluru,9,48240.92,5,UPI,Shipped
TXN001981,CUST1565,Books,Python Programming,Mumbai,5,13024.2,20,Credit Card,Cancelled
TXN001982,CUST2060,Books,Novel,Chennai,9,40931.11,25,UPI,Shipped
TXN001983,CUST2161,Clothing,Shoes,Kochi,5,11473.84,15,Credit Card,Delivered
TXN001984,CUST1715,Electronics,Smartphone,Hyderabad,7,34012.06,0,UPI,Cancelled
TXN001985,CUST0664,Clothing,T-Shirt,Delhi,6,4272.31,25,UPI,Delivered
TXN001986,CUST0818,Home & Kitchen,Mixer,Pune,2,29306.25,0,UPI,Delivered
TXN001987,CUST2477,Books,Python Programming,Kochi,3,13532.58,0,Cash on Delivery,Cancelled
TXN001988,CUST0567,Clothing,Jeans,Bengaluru,5,46299.71,0,Cash on Delivery,Pending
TXN001989,CUST1025,Electronics,Laptop,Pune,4,14558.57,5,UPI,Pending
TXN001990,CUST0214,Clothing,T-Shirt,Hyderabad,6,19982.19,20,Cash on Delivery,Shipped
TXN001991,CUST2627,Sports,Yoga Mat,Delhi,8,42049.89,0,Credit Card,Shipped
TXN001992,CUST1969,Electronics,Laptop,Delhi,8,21969.9,25,Cash on Delivery,Delivered
TXN001993,CUST1521,Home & Kitchen,Mixer,Mumbai,3,11996.77,25,Debit Card,Delivered
TXN001994,CUST2272,Books,Python Programming,Bengaluru,4,27422.46,5,Debit Card,Delivered
TXN001995,CUST0421,Clothing,T-Shirt,Bengaluru,1,42015.56,20,UPI,Delivered
TXN001996,CUST2914,Electronics,Headphones,Hyderabad,2,21715.56,20,Cash on Delivery,Shipped
TXN001997,CUST2114,Sports,Cricket Bat,Delhi,9,6731.14,15,Debit Card,Shipped
TXN001998,CUST0511,Electronics,Laptop,Kochi,10,19216.04,10,UPI,Delivered
TXN001999,CUST1168,Sports,Football,Bengaluru,10,47728.31,0,Debit Card,Pending
TXN002000,CUST0344,Home & Kitchen,Table Lamp,Bengaluru,2,3693.88,5,UPI,Delivered
TXN002001,CUST0657,Books,Novel,Pune,6,20481.41,20,Debit Card,Cancelled
TXN002002,CUST1118,Home & Kitchen,Cookware Set,Hyderabad,7,32436.64,15,Debit Card,Shipped
TXN002003,CUST1841,Clothing,Jacket,Mumbai,6,4018.03,10,Cash on Delivery,Delivered
TXN002004,CUST2103,Electronics,Headphones,Pune,8,17313.13,20,UPI,Delivered
TXN002005,CUST0604,Sports,Dumbbells,Pune,9,47034.86,20,Debit Card,Delivered
TXN002006,CUST1792,Sports,Football,Coimbatore,8,1628.72,0,UPI,Pending
TXN002007,CUST0376,Electronics,Laptop,Chennai,5,37611.92,10,Cash on Delivery,Delivered
TXN002008,CUST0910,Electronics,Smartphone,Coimbatore,8,42084.61,10,Debit Card,Delivered
TXN002009,CUST1848,Clothing,Jacket,Bengaluru,10,13925.33,5,Credit Card,Delivered
TXN002010,CUST1432,Home & Kitchen,Mixer,Delhi,10,10814.25,15,Credit Card,Delivered
TXN002011,CUST0110,Sports,Cricket Bat,Chennai,9,45749.56,25,Credit Card,Shipped
TXN002012,CUST1700,Clothing,T-Shirt,Chennai,8,38223.68,5,UPI,Pending
TXN002013,CUST0219,Home & Kitchen,Mixer,Delhi,2,5757.7,15,Cash on Delivery,Delivered
TXN002014,CUST1624,Clothing,Jacket,Chennai,2,10688.64,5,UPI,Delivered
TXN002015,CUST2057,Sports,Cricket Bat,Delhi,3,31105.62,15,UPI,Delivered
TXN002016,CUST1532,Electronics,Smartwatch,Chennai,7,21028.9,25,Credit Card,Delivered
TXN002017,CUST0966,Electronics,Laptop,Pune,9,25258.3,0,Cash on Delivery,Delivered
TXN002018,CUST1582,Home & Kitchen,Mixer,Kochi,8,47581.97,15,Debit Card,Delivered
TXN002019,CUST0335,Books,Data Science Guide,Hyderabad,9,21069.75,25,UPI,Delivered
TXN002020,CUST1536,Home & Kitchen,Mixer,Hyderabad,6,44095.93,5,Credit Card,Delivered
TXN002021,CUST0920,Books,Data Science Guide,Coimbatore,1,33071.16,10,UPI,Delivered
TXN002022,CUST0116,Clothing,Shoes,Pune,4,6168.81,20,UPI,Delivered
TXN002023,CUST1306,Clothing,Shoes,Chennai,6,37250.9,25,Cash on Delivery,Delivered
TXN002024,CUST0406,Sports,Football,Mumbai,6,26058.43,25,Debit Card,Pending
TXN002025,CUST2928,Books,Machine Learning Basics,Delhi,8,11332.35,25,UPI,Delivered
TXN002026,CUST2663,Sports,Yoga Mat,Pune,1,14548.51,15,UPI,Pending
TXN002027,CUST1374,Electronics,Laptop,Chennai,2,27910.89,15,Debit Card,Shipped
TXN002028,CUST0599,Books,Novel,Hyderabad,2,30124.95,10,Cash on Delivery,Delivered
TXN002029,CUST0564,Home & Kitchen,Mixer,Hyderabad,6,48412.0,0,UPI,Delivered
TXN002030,CUST0157,Electronics,Smartwatch,Delhi,7,42750.53,5,Cash on Delivery,Delivered
TXN002031,CUST1176,Electronics,Laptop,Mumbai,2,10371.38,0,Cash on Delivery,Delivered
TXN002032,CUST1936,Home & Kitchen,Mixer,Chennai,5,38722.2,15,UPI,Delivered
TXN002033,CUST2852,Electronics,Laptop,Chennai,6,513.76,15,Debit Card,Delivered
TXN002034,CUST0569,Books,Python Programming,Mumbai,4,6577.44,25,UPI,Pending
TXN002035,CUST2890,Sports,Yoga Mat,Mumbai,1,10065.05,25,UPI,Delivered
TXN002036,CUST1922,Electronics,Headphones,Mumbai,3,29900.25,0,Credit Card,Delivered
TXN002037,CUST1838,Books,Python Programming,Hyderabad,10,9814.78,5,Debit Card,Pending
TXN002038,CUST2521,Clothing,Jacket,Delhi,9,18327.12,15,Credit Card,Shipped
TXN002039,CUST0022,Books,Python Programming,Pune,6,12214.71,15,Debit Card,Delivered
TXN002040,CUST0325,Sports,Yoga Mat,Kochi,2,16937.09,0,UPI,Delivered
TXN002041,CUST0078,Books,Python Programming,Mumbai,9,47128.33,20,Cash on Delivery,Delivered
TXN002042,CUST1049,Home & Kitchen,Mixer,Delhi,4,49869.08,25,Credit Card,Delivered
TXN002043,CUST0884,Sports,Football,Coimbatore,8,34317.53,10,Credit Card,Shipped
TXN002044,CUST0613,Clothing,Jeans,Chennai,10,28658.16,15,Credit Card,Delivered
TXN002045,CUST2248,Home & Kitchen,Table Lamp,Chennai,7,35451.55,5,Credit Card,Delivered
TXN002046,CUST2979,Books,Machine Learning Basics,Kochi,3,38605.44,20,Debit Card,Delivered
TXN002047,CUST2494,Sports,Football,Kochi,8,36976.74,0,Cash on Delivery,Delivered
TXN002048,CUST2162,Clothing,Shoes,Bengaluru,4,4186.44,0,Cash on Delivery,Delivered
TXN002049,CUST1734,Home & Kitchen,Cookware Set,Coimbatore,2,15583.64,5,UPI,Pending
TXN002050,CUST0456,Clothing,Jacket,Pune,5,17237.23,25,UPI,Delivered
TXN002051,CUST1181,Books,Machine Learning Basics,Kochi,1,18525.8,25,Credit Card,Delivered
TXN002052,CUST0974,Clothing,Jacket,Mumbai,8,17281.26,20,UPI,Delivered
TXN002053,CUST1234,Electronics,Smartphone,Mumbai,8,39375.91,5,UPI,Cancelled
TXN002054,CUST0500,Home & Kitchen,Vacuum Cleaner,Pune,3,37405.47,15,Debit Card,Shipped
TXN002055,CUST0196,Clothing,Shoes,Hyderabad,1,329.56,20,UPI,Pending
TXN002056,CUST0977,Books,Machine Learning Basics,Coimbatore,4,14889.44,10,UPI,Pending
TXN002057,CUST1720,Books,Machine Learning Basics,Mumbai,9,31220.82,10,UPI,Shipped
TXN002058,CUST2618,Clothing,T-Shirt,Kochi,9,6101.25,5,Cash on Delivery,Delivered
TXN002059,CUST2552,Books,Python Programming,Bengaluru,1,3652.79,10,Cash on Delivery,Delivered
TXN002060,CUST1873,Sports,Football,Delhi,7,41437.07,5,UPI,Delivered
TXN002061,CUST0258,Sports,Football,Chennai,6,22688.95,15,Credit Card,Delivered
TXN002062,CUST0455,Sports,Yoga Mat,Coimbatore,7,42798.8,25,Cash on Delivery,Shipped
TXN002063,CUST2048,Electronics,Laptop,Chennai,7,41195.28,15,Debit Card,Delivered
TXN002064,CUST2445,Clothing,Shoes,Delhi,8,44679.19,5,Debit Card,Delivered
TXN002065,CUST2196,Electronics,Smartwatch,Coimbatore,8,2508.9,15,Debit Card,Delivered
TXN002066,CUST0068,Books,Novel,Kochi,10,9387.89,10,UPI,Delivered
TXN002067,CUST2589,Electronics,Smartphone,Delhi,2,14877.54,15,Credit Card,Delivered
TXN002068,CUST2111,Books,Python Programming,Mumbai,4,6897.9,10,Debit Card,Delivered
TXN002069,CUST2356,Books,Novel,Pune,4,24324.94,25,Credit Card,Delivered
TXN002070,CUST0991,Home & Kitchen,Vacuum Cleaner,Mumbai,10,39968.95,25,Debit Card,Shipped
TXN002071,CUST2944,Sports,Football,Kochi,8,47563.97,10,Credit Card,Delivered
TXN002072,CUST0589,Books,Python Programming,Pune,3,44489.75,0,UPI,Delivered
TXN002073,CUST1194,Home & Kitchen,Vacuum Cleaner,Mumbai,3,22921.1,15,UPI,Pending
TXN002074,CUST1759,Sports,Football,Delhi,2,31860.91,15,Debit Card,Delivered
TXN002075,CUST0007,Books,Data Science Guide,Delhi,1,11611.74,5,Debit Card,Cancelled
TXN002076,CUST2519,Books,Novel,Delhi,8,20210.15,5,Cash on Delivery,Cancelled
TXN002077,CUST1446,Electronics,Headphones,Chennai,9,43572.01,20,Debit Card,Shipped
TXN002078,CUST0986,Electronics,Headphones,Kochi,9,1556.96,10,Cash on Delivery,Cancelled
TXN002079,CUST2338,Sports,Dumbbells,Delhi,8,26684.69,25,Cash on Delivery,Delivered
TXN002080,CUST1707,Books,Novel,Mumbai,5,43652.64,25,UPI,Delivered
TXN002081,CUST0768,Clothing,Shoes,Bengaluru,1,6188.29,0,UPI,Delivered
TXN002082,CUST2722,Electronics,Smartwatch,Kochi,9,49129.06,10,Cash on Delivery,Delivered
TXN002083,CUST2738,Sports,Yoga Mat,Delhi,6,718.33,15,Debit Card,Delivered
TXN002084,CUST0351,Books,Data Science Guide,Bengaluru,7,44317.39,20,Cash on Delivery,Delivered
TXN002085,CUST2145,Books,Data Science Guide,Pune,8,17748.26,10,Debit Card,Pending
TXN002086,CUST1478,Clothing,Shoes,Mumbai,5,6721.26,20,UPI,Delivered
TXN002087,CUST0278,Sports,Dumbbells,Delhi,6,7952.17,10,Debit Card,Delivered
TXN002088,CUST2155,Books,Novel,Chennai,7,35088.82,15,Cash on Delivery,Delivered
TXN002089,CUST2229,Electronics,Smartwatch,Chennai,7,43548.91,15,Debit Card,Pending
TXN002090,CUST2079,Clothing,Jeans,Pune,2,32089.21,10,Cash on Delivery,Cancelled
TXN002091,CUST2080,Sports,Dumbbells,Bengaluru,1,46443.38,25,Debit Card,Delivered
TXN002092,CUST2270,Clothing,T-Shirt,Hyderabad,8,42139.69,25,Cash on Delivery,Cancelled
TXN002093,CUST0084,Electronics,Smartwatch,Chennai,5,550.69,0,UPI,Delivered
TXN002094,CUST1600,Sports,Football,Kochi,10,33504.54,15,Cash on Delivery,Delivered
TXN002095,CUST1926,Clothing,T-Shirt,Chennai,2,15301.27,5,UPI,Delivered
TXN002096,CUST0179,Home & Kitchen,Cookware Set,Chennai,3,22779.55,0,Cash on Delivery,Delivered
TXN002097,CUST2604,Electronics,Headphones,Mumbai,6,4792.13,10,Cash on Delivery,Shipped
TXN002098,CUST1585,Electronics,Smartphone,Chennai,10,14176.75,0,Credit Card,Delivered
TXN002099,CUST1530,Electronics,Laptop,Coimbatore,6,31671.03,5,Credit Card,Delivered
TXN002100,CUST1039,Home & Kitchen,Mixer,Delhi,8,10997.27,15,Credit Card,Pending
TXN002101,CUST0067,Home & Kitchen,Vacuum Cleaner,Pune,5,32412.08,15,Credit Card,Pending
TXN002102,CUST1463,Books,Novel,Chennai,5,46159.31,25,Debit Card,Delivered
TXN002103,CUST0277,Clothing,Jeans,Hyderabad,7,346.52,15,UPI,Delivered
TXN002104,CUST1413,Books,Python Programming,Kochi,10,39309.96,25,UPI,Delivered
TXN002105,CUST0988,Clothing,T-Shirt,Hyderabad,5,32101.81,5,Credit Card,Delivered
TXN002106,CUST2692,Home & Kitchen,Vacuum Cleaner,Chennai,9,2426.97,0,Debit Card,Pending
TXN002107,CUST2574,Home & Kitchen,Vacuum Cleaner,Chennai,6,39529.34,10,Cash on Delivery,Delivered
TXN002108,CUST0425,Books,Data Science Guide,Coimbatore,7,11303.6,10,Cash on Delivery,Pending
TXN002109,CUST2384,Sports,Yoga Mat,Chennai,8,13364.44,0,UPI,Delivered
TXN002110,CUST1362,Books,Novel,Chennai,5,4766.43,15,UPI,Delivered
TXN002111,CUST0547,Clothing,Jeans,Delhi,4,26765.55,25,Debit Card,Pending
TXN002112,CUST0182,Books,Novel,Hyderabad,8,24961.36,10,Cash on Delivery,Delivered
TXN002113,CUST1444,Electronics,Laptop,Coimbatore,10,17424.01,15,Debit Card,Delivered
TXN002114,CUST2237,Clothing,Jeans,Hyderabad,9,8520.82,20,Cash on Delivery,Shipped
TXN002115,CUST1387,Clothing,Jeans,Coimbatore,1,41913.88,20,Credit Card,Delivered
TXN002116,CUST2633,Sports,Cricket Bat,Hyderabad,3,43831.28,10,Credit Card,Delivered
TXN002117,CUST0718,Home & Kitchen,Cookware Set,Chennai,4,27074.92,0,Debit Card,Delivered
TXN002118,CUST2805,Clothing,T-Shirt,Hyderabad,7,12286.84,0,UPI,Delivered
TXN002119,CUST1904,Home & Kitchen,Cookware Set,Hyderabad,6,4895.89,0,Debit Card,Shipped
TXN002120,CUST2849,Books,Novel,Coimbatore,10,43440.35,15,Debit Card,Shipped
TXN002121,CUST1961,Electronics,Smartphone,Pune,10,4893.03,20,Cash on Delivery,Delivered
TXN002122,CUST2588,Sports,Dumbbells,Bengaluru,1,757.68,15,Cash on Delivery,Cancelled
TXN002123,CUST0747,Home & Kitchen,Vacuum Cleaner,Coimbatore,4,23522.94,5,Cash on Delivery,Delivered
TXN002124,CUST0553,Clothing,T-Shirt,Coimbatore,6,36590.42,5,Cash on Delivery,Cancelled
TXN002125,CUST0259,Home & Kitchen,Mixer,Coimbatore,3,22931.1,10,UPI,Pending
TXN002126,CUST2933,Clothing,T-Shirt,Mumbai,2,2665.39,5,UPI,Delivered
TXN002127,CUST1875,Home & Kitchen,Table Lamp,Pune,2,34532.45,0,Credit Card,Shipped
TXN002128,CUST0152,Clothing,Jeans,Mumbai,10,32152.4,10,Debit Card,Delivered
TXN002129,CUST1202,Books,Python Programming,Mumbai,4,34108.33,20,Credit Card,Delivered
TXN002130,CUST0826,Clothing,Jeans,Coimbatore,1,10639.0,25,Cash on Delivery,Delivered
TXN002131,CUST0180,Clothing,Jacket,Bengaluru,10,39805.35,20,Debit Card,Shipped
TXN002132,CUST0818,Electronics,Laptop,Coimbatore,2,24010.49,5,Cash on Delivery,Pending
TXN002133,CUST0172,Clothing,T-Shirt,Chennai,10,26864.01,5,Debit Card,Delivered
TXN002134,CUST1293,Electronics,Laptop,Bengaluru,2,27336.92,20,UPI,Delivered
TXN002135,CUST1271,Sports,Cricket Bat,Mumbai,4,14411.64,5,Cash on Delivery,Delivered
TXN002136,CUST2112,Electronics,Smartphone,Kochi,4,12581.69,5,Debit Card,Delivered
TXN002137,CUST1632,Books,Novel,Hyderabad,1,337.83,15,Debit Card,Delivered
TXN002138,CUST2225,Electronics,Laptop,Hyderabad,7,19890.86,25,Cash on Delivery,Delivered
TXN002139,CUST1940,Sports,Football,Pune,7,24306.64,25,UPI,Delivered
TXN002140,CUST1038,Books,Novel,Kochi,10,37165.91,20,UPI,Delivered
TXN002141,CUST0150,Home & Kitchen,Cookware Set,Delhi,10,3424.69,20,UPI,Delivered
TXN002142,CUST2650,Home & Kitchen,Vacuum Cleaner,Pune,10,46207.07,5,Debit Card,Delivered
TXN002143,CUST0783,Electronics,Smartwatch,Bengaluru,1,13271.53,0,UPI,Cancelled
TXN002144,CUST1172,Electronics,Smartwatch,Mumbai,8,18399.36,15,Debit Card,Delivered
TXN002145,CUST1463,Sports,Yoga Mat,Bengaluru,10,2513.29,0,Credit Card,Delivered
TXN002146,CUST0196,Sports,Dumbbells,Bengaluru,7,32691.51,5,UPI,Delivered
TXN002147,CUST2686,Clothing,T-Shirt,Hyderabad,7,35475.25,20,Cash on Delivery,Delivered
TXN002148,CUST1360,Sports,Yoga Mat,Coimbatore,6,46446.68,0,Cash on Delivery,Shipped
TXN002149,CUST1120,Clothing,T-Shirt,Chennai,4,16907.77,25,Cash on Delivery,Delivered
TXN002150,CUST0510,Books,Data Science Guide,Delhi,8,12942.7,10,Cash on Delivery,Delivered
TXN002151,CUST1508,Electronics,Smartphone,Mumbai,2,36331.72,0,Credit Card,Shipped
TXN002152,CUST1790,Books,Python Programming,Bengaluru,7,35369.36,20,Credit Card,Cancelled
TXN002153,CUST1639,Sports,Football,Delhi,3,46862.49,25,UPI,Pending
TXN002154,CUST1802,Books,Data Science Guide,Bengaluru,3,10345.4,5,UPI,Delivered
TXN002155,CUST1584,Books,Python Programming,Kochi,7,35294.1,0,Cash on Delivery,Delivered
TXN002156,CUST1389,Books,Novel,Hyderabad,3,3436.74,5,Cash on Delivery,Delivered
TXN002157,CUST0766,Sports,Dumbbells,Chennai,5,24070.37,15,Cash on Delivery,Delivered
TXN002158,CUST2033,Books,Novel,Hyderabad,8,6057.6,10,Debit Card,Delivered
TXN002159,CUST2835,Clothing,Jacket,Delhi,4,32691.98,20,UPI,Pending
TXN002160,CUST2038,Sports,Yoga Mat,Mumbai,7,30113.19,20,Cash on Delivery,Delivered
TXN002161,CUST1505,Books,Data Science Guide,Bengaluru,7,2536.76,5,Cash on Delivery,Pending
TXN002162,CUST2127,Sports,Dumbbells,Chennai,2,16048.93,10,Cash on Delivery,Shipped
TXN002163,CUST1093,Home & Kitchen,Cookware Set,Kochi,8,19812.18,25,Credit Card,Shipped
TXN002164,CUST0339,Clothing,Jacket,Hyderabad,10,12478.21,20,Credit Card,Delivered
TXN002165,CUST2979,Books,Python Programming,Kochi,10,2029.64,0,Credit Card,Delivered
TXN002166,CUST1739,Home & Kitchen,Table Lamp,Delhi,9,16009.21,20,Debit Card,Cancelled
TXN002167,CUST0324,Home & Kitchen,Cookware Set,Hyderabad,6,39651.98,0,Debit Card,Delivered
TXN002168,CUST1764,Sports,Football,Bengaluru,5,18069.44,20,UPI,Delivered
TXN002169,CUST2468,Home & Kitchen,Table Lamp,Bengaluru,1,16236.15,0,Cash on Delivery,Delivered
TXN002170,CUST0740,Clothing,T-Shirt,Kochi,1,47093.48,15,UPI,Pending
TXN002171,CUST2235,Clothing,Jeans,Mumbai,9,2177.37,5,UPI,Delivered
TXN002172,CUST1204,Electronics,Smartwatch,Chennai,4,38387.68,25,Credit Card,Delivered
TXN002173,CUST1316,Clothing,Jeans,Coimbatore,1,24206.37,25,Cash on Delivery,Shipped
TXN002174,CUST0421,Home & Kitchen,Mixer,Hyderabad,10,47228.68,15,Credit Card,Cancelled
TXN002175,CUST0328,Clothing,Shoes,Bengaluru,3,19734.19,25,Credit Card,Delivered
TXN002176,CUST1344,Sports,Dumbbells,Delhi,6,35431.31,0,Cash on Delivery,Delivered
TXN002177,CUST2708,Electronics,Headphones,Hyderabad,8,3589.77,25,UPI,Delivered
TXN002178,CUST1211,Home & Kitchen,Table Lamp,Mumbai,10,46445.74,5,UPI,Delivered
TXN002179,CUST1256,Electronics,Smartwatch,Mumbai,2,17292.68,10,Credit Card,Pending
TXN002180,CUST1827,Home & Kitchen,Cookware Set,Bengaluru,8,26247.83,0,Cash on Delivery,Cancelled
TXN002181,CUST2469,Sports,Cricket Bat,Bengaluru,1,7010.23,25,UPI,Cancelled
TXN002182,CUST2940,Electronics,Headphones,Kochi,2,47283.34,20,Debit Card,Delivered
TXN002183,CUST1746,Books,Novel,Bengaluru,8,33681.22,20,UPI,Cancelled
TXN002184,CUST0683,Home & Kitchen,Cookware Set,Kochi,7,2791.98,10,Cash on Delivery,Pending
TXN002185,CUST2826,Books,Machine Learning Basics,Pune,5,7844.82,15,Cash on Delivery,Cancelled
TXN002186,CUST1819,Electronics,Smartphone,Coimbatore,10,20051.72,0,Cash on Delivery,Shipped
TXN002187,CUST1440,Books,Python Programming,Bengaluru,2,10916.87,20,Credit Card,Cancelled
TXN002188,CUST1832,Books,Python Programming,Hyderabad,9,15300.82,5,UPI,Delivered
TXN002189,CUST0174,Electronics,Headphones,Hyderabad,5,49874.81,10,Debit Card,Cancelled
TXN002190,CUST2978,Sports,Yoga Mat,Kochi,8,32966.57,15,Credit Card,Delivered
TXN002191,CUST1445,Books,Python Programming,Pune,4,46118.66,15,UPI,Delivered
TXN002192,CUST2519,Books,Data Science Guide,Pune,9,21846.34,5,Cash on Delivery,Pending
TXN002193,CUST1782,Sports,Yoga Mat,Chennai,10,35543.09,25,UPI,Delivered
TXN002194,CUST1125,Books,Data Science Guide,Delhi,7,23038.55,5,Cash on Delivery,Delivered
TXN002195,CUST2620,Books,Python Programming,Bengaluru,2,16478.4,25,Cash on Delivery,Pending
TXN002196,CUST0235,Books,Python Programming,Kochi,3,26006.74,10,UPI,Shipped
TXN002197,CUST0308,Clothing,Jeans,Hyderabad,2,21422.82,5,UPI,Shipped
TXN002198,CUST2750,Sports,Cricket Bat,Pune,5,49028.98,20,Debit Card,Pending
TXN002199,CUST2612,Books,Machine Learning Basics,Hyderabad,2,24858.7,15,UPI,Shipped
TXN002200,CUST1664,Sports,Football,Hyderabad,5,40574.55,25,UPI,Cancelled
TXN002201,CUST1489,Home & Kitchen,Cookware Set,Pune,9,33374.29,5,Credit Card,Delivered
TXN002202,CUST2102,Home & Kitchen,Mixer,Coimbatore,2,24033.4,0,Cash on Delivery,Delivered
TXN002203,CUST2783,Books,Data Science Guide,Pune,9,23760.09,5,Cash on Delivery,Delivered
TXN002204,CUST0656,Sports,Yoga Mat,Pune,7,17160.32,25,Debit Card,Delivered
TXN002205,CUST0128,Sports,Cricket Bat,Delhi,7,5438.39,15,Credit Card,Pending
TXN002206,CUST0585,Sports,Cricket Bat,Kochi,5,38097.32,20,Debit Card,Delivered
TXN002207,CUST2489,Clothing,Shoes,Kochi,8,45912.93,5,UPI,Cancelled
TXN002208,CUST2778,Home & Kitchen,Mixer,Pune,7,10975.95,20,Debit Card,Delivered
TXN002209,CUST1795,Sports,Cricket Bat,Mumbai,6,46291.11,0,Cash on Delivery,Delivered
TXN002210,CUST0143,Sports,Yoga Mat,Kochi,2,11691.98,25,Credit Card,Delivered
TXN002211,CUST0518,Clothing,T-Shirt,Kochi,6,26550.95,15,UPI,Pending
TXN002212,CUST0276,Clothing,Jacket,Kochi,2,17246.74,10,Credit Card,Delivered
TXN002213,CUST0967,Sports,Cricket Bat,Pune,1,5813.99,15,Credit Card,Delivered
TXN002214,CUST2643,Electronics,Headphones,Hyderabad,9,2736.63,25,Debit Card,Shipped
TXN002215,CUST1501,Sports,Yoga Mat,Bengaluru,5,18330.79,10,UPI,Delivered
TXN002216,CUST1484,Sports,Dumbbells,Hyderabad,10,2462.46,10,Credit Card,Delivered
TXN002217,CUST1569,Clothing,Jeans,Delhi,10,5299.9,15,Credit Card,Delivered
TXN002218,CUST2324,Clothing,Jacket,Mumbai,4,7200.65,25,Debit Card,Delivered
TXN002219,CUST0133,Sports,Dumbbells,Pune,8,195.59,10,Credit Card,Cancelled
TXN002220,CUST2479,Sports,Yoga Mat,Coimbatore,5,7747.29,25,Cash on Delivery,Delivered
TXN002221,CUST0629,Sports,Football,Chennai,7,28906.21,20,Cash on Delivery,Cancelled
TXN002222,CUST2782,Clothing,T-Shirt,Pune,3,40994.2,0,UPI,Delivered
TXN002223,CUST1843,Sports,Yoga Mat,Bengaluru,8,9752.15,5,UPI,Cancelled
TXN002224,CUST1520,Sports,Dumbbells,Chennai,8,4135.54,25,Debit Card,Delivered
TXN002225,CUST1524,Books,Python Programming,Coimbatore,3,36502.76,25,Credit Card,Delivered
TXN002226,CUST1819,Electronics,Laptop,Delhi,9,507.32,10,Debit Card,Delivered
TXN002227,CUST0315,Home & Kitchen,Mixer,Delhi,8,36734.69,25,Debit Card,Delivered
TXN002228,CUST2351,Electronics,Smartwatch,Coimbatore,1,6642.75,25,Cash on Delivery,Pending
TXN002229,CUST0564,Books,Novel,Hyderabad,8,11491.42,10,Credit Card,Delivered
TXN002230,CUST2169,Home & Kitchen,Mixer,Coimbatore,4,6091.49,15,Cash on Delivery,Delivered
TXN002231,CUST1504,Sports,Yoga Mat,Kochi,6,12442.17,25,Cash on Delivery,Delivered
TXN002232,CUST1631,Books,Data Science Guide,Kochi,10,39928.98,20,UPI,Pending
TXN002233,CUST1288,Sports,Football,Pune,9,6713.95,5,Debit Card,Pending
TXN002234,CUST2661,Clothing,Shoes,Bengaluru,5,49708.87,25,Cash on Delivery,Pending
TXN002235,CUST1142,Books,Python Programming,Kochi,7,16422.18,10,UPI,Delivered
TXN002236,CUST1023,Clothing,T-Shirt,Mumbai,1,46106.21,20,UPI,Delivered
TXN002237,CUST0465,Books,Data Science Guide,Pune,9,9582.65,5,Credit Card,Delivered
TXN002238,CUST0107,Books,Data Science Guide,Pune,6,9476.09,15,Credit Card,Pending
TXN002239,CUST0763,Clothing,Jeans,Pune,4,28310.25,25,Cash on Delivery,Pending
TXN002240,CUST2045,Home & Kitchen,Cookware Set,Chennai,6,2624.94,10,UPI,Delivered
TXN002241,CUST2121,Electronics,Headphones,Chennai,5,40070.04,15,UPI,Delivered
TXN002242,CUST1586,Sports,Dumbbells,Delhi,3,22036.8,25,UPI,Delivered
TXN002243,CUST2301,Books,Data Science Guide,Pune,7,34989.9,15,Debit Card,Pending
TXN002244,CUST0483,Sports,Yoga Mat,Hyderabad,3,8814.15,10,UPI,Pending
TXN002245,CUST1073,Clothing,Jacket,Kochi,2,32153.63,20,Debit Card,Delivered
TXN002246,CUST1067,Sports,Yoga Mat,Delhi,4,29744.13,20,Credit Card,Cancelled
TXN002247,CUST2884,Clothing,Shoes,Bengaluru,7,37807.5,15,Cash on Delivery,Cancelled
TXN002248,CUST1828,Sports,Cricket Bat,Coimbatore,5,14940.32,15,Credit Card,Delivered
TXN002249,CUST0879,Electronics,Smartwatch,Chennai,9,46664.96,25,Cash on Delivery,Delivered
TXN002250,CUST2507,Electronics,Laptop,Pune,10,48068.92,0,UPI,Delivered
TXN002251,CUST1170,Electronics,Laptop,Bengaluru,7,43419.37,5,Cash on Delivery,Delivered
TXN002252,CUST2843,Electronics,Smartphone,Delhi,9,28644.48,25,Cash on Delivery,Delivered
TXN002253,CUST2012,Electronics,Laptop,Delhi,9,21072.38,15,Credit Card,Delivered
TXN002254,CUST0820,Electronics,Smartwatch,Chennai,2,2993.82,15,Cash on Delivery,Delivered
TXN002255,CUST0503,Clothing,T-Shirt,Delhi,1,47366.67,5,UPI,Delivered
TXN002256,CUST0556,Books,Python Programming,Hyderabad,4,47593.89,10,Debit Card,Delivered
TXN002257,CUST0304,Sports,Football,Delhi,4,1032.55,20,UPI,Delivered
TXN002258,CUST1852,Electronics,Headphones,Mumbai,2,17908.69,10,Cash on Delivery,Delivered
TXN002259,CUST0708,Clothing,T-Shirt,Kochi,3,44013.81,5,Credit Card,Delivered
TXN002260,CUST2922,Clothing,Shoes,Coimbatore,3,4134.52,5,UPI,Delivered
TXN002261,CUST1824,Clothing,T-Shirt,Delhi,5,9908.66,0,Cash on Delivery,Delivered
TXN002262,CUST0360,Books,Novel,Kochi,1,48936.0,25,Credit Card,Delivered
TXN002263,CUST2794,Sports,Yoga Mat,Kochi,9,42379.71,25,Debit Card,Shipped
TXN002264,CUST1310,Books,Data Science Guide,Mumbai,8,45611.97,25,Credit Card,Delivered
TXN002265,CUST2736,Home & Kitchen,Vacuum Cleaner,Bengaluru,8,7193.51,25,Cash on Delivery,Delivered
TXN002266,CUST1424,Clothing,Jeans,Delhi,3,10644.67,0,Credit Card,Shipped
TXN002267,CUST2907,Home & Kitchen,Mixer,Hyderabad,2,30310.29,20,Cash on Delivery,Delivered
TXN002268,CUST0266,Electronics,Headphones,Bengaluru,1,25136.74,25,Credit Card,Delivered
TXN002269,CUST2253,Electronics,Headphones,Kochi,6,14995.32,15,Credit Card,Delivered
TXN002270,CUST2221,Books,Machine Learning Basics,Kochi,10,44203.93,5,Credit Card,Delivered
TXN002271,CUST1190,Sports,Cricket Bat,Pune,1,45079.29,0,Cash on Delivery,Delivered
TXN002272,CUST1229,Home & Kitchen,Mixer,Delhi,5,14655.03,10,Credit Card,Delivered
TXN002273,CUST0646,Sports,Football,Chennai,9,7872.08,25,Cash on Delivery,Pending
TXN002274,CUST2916,Books,Novel,Mumbai,9,7539.71,0,UPI,Delivered
TXN002275,CUST2907,Electronics,Headphones,Mumbai,4,24272.82,10,Debit Card,Pending
TXN002276,CUST2869,Sports,Dumbbells,Chennai,7,6732.63,0,UPI,Shipped
TXN002277,CUST2613,Sports,Yoga Mat,Coimbatore,7,23719.68,10,Debit Card,Cancelled
TXN002278,CUST0714,Electronics,Smartwatch,Kochi,4,23150.51,0,Cash on Delivery,Delivered
TXN002279,CUST1481,Home & Kitchen,Cookware Set,Pune,5,44217.1,0,UPI,Delivered
TXN002280,CUST2084,Electronics,Smartphone,Hyderabad,9,14880.9,25,Debit Card,Shipped
TXN002281,CUST0919,Sports,Dumbbells,Mumbai,7,28076.56,20,Debit Card,Delivered
TXN002282,CUST0498,Home & Kitchen,Mixer,Bengaluru,7,37200.64,15,UPI,Delivered
TXN002283,CUST0824,Home & Kitchen,Vacuum Cleaner,Kochi,10,29836.15,5,UPI,Delivered
TXN002284,CUST0569,Electronics,Headphones,Hyderabad,7,47707.99,15,Cash on Delivery,Delivered
TXN002285,CUST0970,Sports,Dumbbells,Mumbai,9,30153.65,20,Debit Card,Delivered
TXN002286,CUST2024,Books,Novel,Pune,5,45102.92,25,Cash on Delivery,Delivered
TXN002287,CUST0108,Sports,Football,Coimbatore,6,12328.31,10,Cash on Delivery,Delivered
TXN002288,CUST1479,Clothing,Shoes,Pune,3,28081.56,15,Credit Card,Delivered
TXN002289,CUST2270,Books,Machine Learning Basics,Bengaluru,1,27210.97,5,Cash on Delivery,Shipped
TXN002290,CUST2345,Home & Kitchen,Vacuum Cleaner,Pune,2,49473.66,25,Debit Card,Delivered
TXN002291,CUST1512,Books,Machine Learning Basics,Hyderabad,8,10304.87,5,Credit Card,Delivered
TXN002292,CUST1915,Home & Kitchen,Mixer,Kochi,1,7135.57,10,Cash on Delivery,Delivered
TXN002293,CUST2260,Home & Kitchen,Table Lamp,Bengaluru,10,30622.44,5,Cash on Delivery,Pending
TXN002294,CUST0532,Books,Novel,Kochi,7,11262.24,20,Debit Card,Delivered
TXN002295,CUST2507,Home & Kitchen,Vacuum Cleaner,Chennai,5,31993.85,15,Credit Card,Delivered
TXN002296,CUST0354,Home & Kitchen,Mixer,Delhi,6,48627.21,5,UPI,Delivered
TXN002297,CUST0270,Clothing,T-Shirt,Chennai,8,47330.65,15,UPI,Delivered
TXN002298,CUST1267,Sports,Football,Hyderabad,4,11632.04,0,Credit Card,Delivered
TXN002299,CUST1631,Sports,Cricket Bat,Delhi,6,8627.73,15,Credit Card,Cancelled
TXN002300,CUST2937,Clothing,Jeans,Chennai,3,28080.89,10,Credit Card,Delivered
TXN002301,CUST2945,Books,Python Programming,Delhi,7,29380.19,20,Credit Card,Delivered
TXN002302,CUST1961,Electronics,Headphones,Mumbai,2,33146.28,25,UPI,Delivered
TXN002303,CUST2154,Electronics,Smartwatch,Pune,8,37100.4,5,Cash on Delivery,Delivered
TXN002304,CUST1683,Electronics,Laptop,Bengaluru,7,30087.77,25,Debit Card,Cancelled
TXN002305,CUST1678,Clothing,Shoes,Delhi,8,5676.47,20,UPI,Cancelled
TXN002306,CUST2355,Clothing,T-Shirt,Mumbai,2,39528.88,15,Debit Card,Delivered
TXN002307,CUST0303,Home & Kitchen,Cookware Set,Pune,3,4067.91,5,UPI,Shipped
TXN002308,CUST0514,Electronics,Smartwatch,Pune,4,1097.64,20,Credit Card,Delivered
TXN002309,CUST1299,Books,Novel,Coimbatore,9,38505.94,10,UPI,Delivered
TXN002310,CUST2632,Books,Python Programming,Kochi,5,27463.04,0,UPI,Delivered
TXN002311,CUST0304,Electronics,Headphones,Chennai,6,34959.71,0,Credit Card,Delivered
TXN002312,CUST1844,Electronics,Smartwatch,Coimbatore,1,19199.09,10,Cash on Delivery,Delivered
TXN002313,CUST1909,Electronics,Smartwatch,Kochi,4,653.52,25,Credit Card,Cancelled
TXN002314,CUST2786,Clothing,Shoes,Kochi,4,16617.67,0,Cash on Delivery,Delivered
TXN002315,CUST2120,Clothing,T-Shirt,Hyderabad,10,30445.95,10,UPI,Delivered
TXN002316,CUST1412,Clothing,T-Shirt,Mumbai,8,11362.58,15,UPI,Cancelled
TXN002317,CUST0526,Sports,Football,Coimbatore,8,34421.44,25,Debit Card,Delivered
TXN002318,CUST2259,Books,Python Programming,Coimbatore,10,39740.61,25,Debit Card,Shipped
TXN002319,CUST2621,Books,Novel,Kochi,6,22767.92,10,UPI,Delivered
TXN002320,CUST2408,Home & Kitchen,Table Lamp,Pune,8,43798.49,0,Debit Card,Delivered
TXN002321,CUST0746,Clothing,Jeans,Mumbai,9,42755.35,15,Cash on Delivery,Cancelled
TXN002322,CUST0529,Sports,Dumbbells,Pune,5,43915.09,25,Credit Card,Cancelled
TXN002323,CUST1773,Sports,Yoga Mat,Bengaluru,1,33085.75,10,UPI,Delivered
TXN002324,CUST2060,Books,Python Programming,Delhi,1,15308.97,10,UPI,Delivered
TXN002325,CUST0227,Clothing,Jacket,Hyderabad,2,24114.44,25,Debit Card,Delivered
TXN002326,CUST0509,Home & Kitchen,Vacuum Cleaner,Hyderabad,2,35554.48,25,UPI,Delivered
TXN002327,CUST2123,Clothing,Shoes,Chennai,5,10607.13,15,UPI,Pending
TXN002328,CUST0627,Electronics,Laptop,Pune,7,36968.29,25,Cash on Delivery,Delivered
TXN002329,CUST1246,Clothing,Shoes,Delhi,7,27449.62,5,Cash on Delivery,Delivered
TXN002330,CUST0675,Electronics,Smartphone,Kochi,4,4891.27,0,Credit Card,Cancelled
TXN002331,CUST0664,Electronics,Headphones,Chennai,4,27908.59,25,UPI,Shipped
TXN002332,CUST1322,Home & Kitchen,Table Lamp,Hyderabad,10,3432.13,5,Debit Card,Delivered
TXN002333,CUST2906,Books,Python Programming,Delhi,3,813.93,15,Credit Card,Delivered
TXN002334,CUST0924,Clothing,Jeans,Coimbatore,2,44492.42,15,Debit Card,Delivered
TXN002335,CUST1418,Electronics,Smartwatch,Bengaluru,3,24546.81,20,UPI,Pending
TXN002336,CUST2126,Clothing,Jeans,Kochi,8,27210.15,20,Debit Card,Delivered
TXN002337,CUST1164,Books,Data Science Guide,Coimbatore,1,14068.89,15,Debit Card,Delivered
TXN002338,CUST0324,Books,Machine Learning Basics,Bengaluru,4,27182.96,20,Credit Card,Delivered
TXN002339,CUST1027,Sports,Cricket Bat,Kochi,7,8526.55,10,UPI,Delivered
TXN002340,CUST0805,Books,Novel,Pune,5,37307.73,5,Credit Card,Delivered
TXN002341,CUST2602,Home & Kitchen,Mixer,Mumbai,2,41185.12,15,UPI,Delivered
TXN002342,CUST2257,Electronics,Headphones,Chennai,1,42808.2,10,Cash on Delivery,Delivered
TXN002343,CUST1125,Sports,Dumbbells,Chennai,6,5421.97,0,Credit Card,Delivered
TXN002344,CUST0513,Home & Kitchen,Table Lamp,Mumbai,5,27931.94,0,UPI,Shipped
TXN002345,CUST2561,Clothing,Jeans,Delhi,3,40456.67,20,Cash on Delivery,Delivered
TXN002346,CUST1241,Electronics,Smartphone,Mumbai,9,6498.0,20,Cash on Delivery,Delivered
TXN002347,CUST2517,Books,Data Science Guide,Pune,3,5066.17,10,Cash on Delivery,Delivered
TXN002348,CUST2186,Electronics,Smartphone,Hyderabad,2,40865.41,0,Credit Card,Delivered
TXN002349,CUST0383,Clothing,Shoes,Mumbai,5,39857.13,25,Cash on Delivery,Delivered
TXN002350,CUST2059,Sports,Yoga Mat,Bengaluru,9,22489.79,15,UPI,Delivered
TXN002351,CUST2626,Sports,Yoga Mat,Hyderabad,8,5574.59,25,Credit Card,Delivered
TXN002352,CUST0691,Sports,Football,Mumbai,6,25854.55,5,Debit Card,Delivered
TXN002353,CUST2425,Books,Python Programming,Chennai,3,19800.68,20,Cash on Delivery,Delivered
TXN002354,CUST2379,Home & Kitchen,Cookware Set,Coimbatore,6,25975.52,10,Credit Card,Cancelled
TXN002355,CUST0632,Home & Kitchen,Mixer,Bengaluru,5,22050.77,25,Debit Card,Delivered
TXN002356,CUST0702,Electronics,Headphones,Pune,1,28468.87,20,Credit Card,Delivered
TXN002357,CUST2699,Books,Novel,Bengaluru,5,36383.77,10,Cash on Delivery,Cancelled
TXN002358,CUST2558,Sports,Cricket Bat,Kochi,7,38765.51,0,Cash on Delivery,Pending
TXN002359,CUST2952,Sports,Yoga Mat,Delhi,9,32484.21,20,Debit Card,Delivered
TXN002360,CUST2479,Clothing,Shoes,Coimbatore,1,10027.14,25,UPI,Delivered
TXN002361,CUST1383,Clothing,Shoes,Bengaluru,3,19916.44,10,Cash on Delivery,Delivered
TXN002362,CUST2309,Sports,Football,Kochi,8,3654.08,10,Debit Card,Delivered
TXN002363,CUST0169,Sports,Yoga Mat,Mumbai,6,22638.52,25,Cash on Delivery,Delivered
TXN002364,CUST0117,Books,Data Science Guide,Bengaluru,5,48519.94,20,UPI,Delivered
TXN002365,CUST0333,Home & Kitchen,Mixer,Bengaluru,10,32122.36,5,Debit Card,Delivered
TXN002366,CUST0187,Clothing,T-Shirt,Bengaluru,2,7815.16,15,UPI,Delivered
TXN002367,CUST2628,Home & Kitchen,Table Lamp,Delhi,3,13502.03,0,Cash on Delivery,Pending
TXN002368,CUST2363,Books,Machine Learning Basics,Bengaluru,2,3322.22,25,Debit Card,Delivered
TXN002369,CUST1085,Sports,Yoga Mat,Bengaluru,1,9202.45,25,Credit Card,Delivered
TXN002370,CUST2668,Home & Kitchen,Cookware Set,Delhi,7,24443.3,20,UPI,Shipped
TXN002371,CUST0864,Sports,Football,Kochi,3,17308.33,20,Cash on Delivery,Delivered
TXN002372,CUST2344,Sports,Yoga Mat,Hyderabad,7,10277.72,5,Cash on Delivery,Shipped
TXN002373,CUST1707,Electronics,Smartwatch,Coimbatore,7,7415.26,0,UPI,Pending
TXN002374,CUST2532,Home & Kitchen,Table Lamp,Kochi,8,32837.95,20,Debit Card,Delivered
TXN002375,CUST2618,Home & Kitchen,Table Lamp,Pune,1,27949.31,5,Credit Card,Delivered
TXN002376,CUST0125,Sports,Football,Hyderabad,5,42147.75,25,Cash on Delivery,Delivered
TXN002377,CUST2040,Books,Novel,Chennai,10,9244.32,15,UPI,Shipped
TXN002378,CUST2569,Electronics,Headphones,Delhi,9,42414.47,10,UPI,Shipped
TXN002379,CUST2235,Sports,Dumbbells,Delhi,7,28937.77,15,Credit Card,Delivered
TXN002380,CUST1187,Clothing,T-Shirt,Bengaluru,1,13384.54,15,Credit Card,Delivered
TXN002381,CUST2630,Clothing,Jeans,Bengaluru,8,13750.3,15,Cash on Delivery,Delivered
TXN002382,CUST1238,Electronics,Smartphone,Pune,3,19579.98,15,Credit Card,Delivered
TXN002383,CUST1979,Books,Data Science Guide,Chennai,4,23060.35,10,UPI,Shipped
TXN002384,CUST1004,Sports,Yoga Mat,Bengaluru,4,4217.0,25,Debit Card,Shipped
TXN002385,CUST2806,Home & Kitchen,Vacuum Cleaner,Mumbai,10,42115.76,0,Debit Card,Delivered
TXN002386,CUST1664,Electronics,Smartphone,Bengaluru,8,6164.9,0,UPI,Delivered
TXN002387,CUST1219,Books,Data Science Guide,Bengaluru,1,24224.65,25,UPI,Delivered
TXN002388,CUST1858,Home & Kitchen,Table Lamp,Mumbai,8,19210.11,5,UPI,Delivered
TXN002389,CUST0299,Clothing,Jeans,Chennai,9,25663.13,5,Cash on Delivery,Shipped
TXN002390,CUST2821,Clothing,Shoes,Mumbai,9,44385.38,20,UPI,Cancelled
TXN002391,CUST0246,Home & Kitchen,Vacuum Cleaner,Delhi,5,49455.51,15,Credit Card,Delivered
TXN002392,CUST0648,Electronics,Smartphone,Mumbai,4,1111.54,15,UPI,Delivered
TXN002393,CUST1801,Clothing,Shoes,Coimbatore,4,19722.65,10,UPI,Shipped
TXN002394,CUST1703,Sports,Yoga Mat,Delhi,9,40898.77,15,Cash on Delivery,Delivered
TXN002395,CUST1984,Home & Kitchen,Mixer,Bengaluru,8,16397.48,10,UPI,Delivered
TXN002396,CUST1903,Home & Kitchen,Table Lamp,Pune,10,32486.91,20,Credit Card,Delivered
TXN002397,CUST0836,Clothing,Jeans,Delhi,10,49613.73,5,Credit Card,Delivered
TXN002398,CUST1394,Electronics,Smartwatch,Chennai,7,32373.89,5,Credit Card,Delivered
TXN002399,CUST2485,Sports,Cricket Bat,Chennai,3,5648.45,20,UPI,Delivered
TXN002400,CUST0589,Electronics,Smartphone,Mumbai,4,42162.3,20,Cash on Delivery,Delivered
TXN002401,CUST1281,Books,Data Science Guide,Delhi,9,48336.21,25,Cash on Delivery,Delivered
TXN002402,CUST2943,Books,Data Science Guide,Bengaluru,8,35654.17,15,Cash on Delivery,Pending
TXN002403,CUST1308,Clothing,Shoes,Chennai,1,21011.5,5,Credit Card,Delivered
TXN002404,CUST1415,Clothing,Jeans,Hyderabad,3,47425.17,0,Cash on Delivery,Delivered
TXN002405,CUST1634,Clothing,Shoes,Bengaluru,10,48431.74,20,UPI,Delivered
TXN002406,CUST0536,Books,Data Science Guide,Hyderabad,2,46762.33,5,UPI,Delivered
TXN002407,CUST1518,Electronics,Headphones,Coimbatore,2,20649.77,5,Debit Card,Cancelled
TXN002408,CUST2110,Electronics,Laptop,Hyderabad,8,39506.41,10,Credit Card,Delivered
TXN002409,CUST2301,Clothing,Jeans,Kochi,6,32743.55,5,Debit Card,Delivered
TXN002410,CUST0435,Sports,Cricket Bat,Chennai,6,9067.36,20,Debit Card,Delivered
TXN002411,CUST1308,Electronics,Headphones,Mumbai,4,26822.19,15,Credit Card,Pending
TXN002412,CUST0991,Books,Machine Learning Basics,Coimbatore,1,37409.78,5,Credit Card,Delivered
TXN002413,CUST1911,Home & Kitchen,Mixer,Delhi,7,44806.02,0,Debit Card,Shipped
TXN002414,CUST0502,Home & Kitchen,Vacuum Cleaner,Bengaluru,8,43143.66,20,UPI,Pending
TXN002415,CUST1096,Home & Kitchen,Vacuum Cleaner,Chennai,2,7817.46,15,Debit Card,Shipped
TXN002416,CUST1842,Sports,Cricket Bat,Coimbatore,2,24452.86,25,Credit Card,Shipped
TXN002417,CUST1016,Clothing,Shoes,Coimbatore,1,23965.6,15,UPI,Delivered
TXN002418,CUST0578,Books,Novel,Kochi,4,44946.98,20,Debit Card,Delivered
TXN002419,CUST0397,Sports,Dumbbells,Chennai,6,196.67,25,Debit Card,Delivered
TXN002420,CUST0208,Books,Novel,Delhi,5,36961.81,15,Debit Card,Delivered
TXN002421,CUST1189,Books,Machine Learning Basics,Delhi,4,30970.21,0,Credit Card,Delivered
TXN002422,CUST1574,Clothing,Jacket,Mumbai,4,46086.42,5,Debit Card,Shipped
TXN002423,CUST2521,Home & Kitchen,Table Lamp,Pune,10,22900.18,20,Credit Card,Shipped
TXN002424,CUST1713,Clothing,Jacket,Hyderabad,7,32917.85,5,UPI,Delivered
TXN002425,CUST1017,Sports,Cricket Bat,Delhi,7,48640.08,5,Cash on Delivery,Delivered
TXN002426,CUST0655,Sports,Football,Kochi,2,37220.8,15,UPI,Pending
TXN002427,CUST1342,Sports,Dumbbells,Mumbai,7,3462.46,20,Debit Card,Pending
TXN002428,CUST2367,Clothing,Shoes,Hyderabad,2,8459.92,5,Credit Card,Delivered
TXN002429,CUST2954,Books,Machine Learning Basics,Coimbatore,4,41090.41,10,Debit Card,Delivered
TXN002430,CUST1281,Books,Data Science Guide,Chennai,1,16806.3,0,UPI,Delivered
TXN002431,CUST0778,Electronics,Laptop,Delhi,5,35325.31,25,Cash on Delivery,Delivered
TXN002432,CUST0653,Sports,Dumbbells,Mumbai,1,35021.2,15,Cash on Delivery,Delivered
TXN002433,CUST2041,Books,Novel,Coimbatore,4,49685.66,20,Credit Card,Pending
TXN002434,CUST2109,Electronics,Headphones,Delhi,9,23546.65,20,UPI,Delivered
TXN002435,CUST1913,Books,Novel,Bengaluru,8,36917.83,15,UPI,Shipped
TXN002436,CUST2043,Sports,Yoga Mat,Pune,6,2532.77,5,Credit Card,Shipped
TXN002437,CUST1264,Home & Kitchen,Mixer,Coimbatore,8,23183.29,15,Credit Card,Delivered
TXN002438,CUST2038,Sports,Cricket Bat,Kochi,5,9415.41,20,Credit Card,Delivered
TXN002439,CUST0095,Clothing,T-Shirt,Kochi,7,42044.52,10,Debit Card,Delivered
TXN002440,CUST0369,Books,Python Programming,Delhi,8,42011.43,5,Debit Card,Delivered
TXN002441,CUST1611,Books,Python Programming,Kochi,7,11894.58,25,Credit Card,Delivered
TXN002442,CUST2071,Clothing,Shoes,Coimbatore,4,15982.43,15,Credit Card,Delivered
TXN002443,CUST1873,Clothing,T-Shirt,Chennai,5,35153.64,20,Cash on Delivery,Shipped
TXN002444,CUST0987,Home & Kitchen,Table Lamp,Chennai,10,36939.47,25,Cash on Delivery,Delivered
TXN002445,CUST0882,Books,Python Programming,Pune,6,32915.82,20,Debit Card,Delivered
TXN002446,CUST2390,Books,Novel,Chennai,6,49835.06,20,Cash on Delivery,Delivered
TXN002447,CUST1446,Home & Kitchen,Mixer,Hyderabad,9,43447.29,10,Credit Card,Pending
TXN002448,CUST0200,Electronics,Headphones,Bengaluru,10,20911.24,5,UPI,Delivered
TXN002449,CUST0208,Home & Kitchen,Table Lamp,Chennai,2,16416.14,15,Credit Card,Pending
TXN002450,CUST1153,Sports,Football,Kochi,6,29882.8,5,Cash on Delivery,Delivered
TXN002451,CUST2028,Books,Data Science Guide,Bengaluru,3,40900.05,20,Debit Card,Cancelled
TXN002452,CUST2448,Clothing,Shoes,Chennai,2,23819.64,10,Credit Card,Delivered
TXN002453,CUST2680,Sports,Dumbbells,Hyderabad,6,36910.86,25,Credit Card,Delivered
TXN002454,CUST2755,Books,Python Programming,Kochi,4,1056.09,10,Cash on Delivery,Cancelled
TXN002455,CUST1928,Home & Kitchen,Cookware Set,Coimbatore,5,46299.42,20,UPI,Pending
TXN002456,CUST1171,Sports,Dumbbells,Delhi,5,38714.35,5,Credit Card,Pending
TXN002457,CUST2199,Books,Python Programming,Delhi,3,19770.09,25,Debit Card,Delivered
TXN002458,CUST0034,Electronics,Headphones,Chennai,4,19262.22,5,Debit Card,Delivered
TXN002459,CUST0441,Electronics,Smartwatch,Delhi,3,5234.05,10,UPI,Delivered
TXN002460,CUST1766,Clothing,Shoes,Chennai,7,40826.07,25,Cash on Delivery,Cancelled
TXN002461,CUST0549,Books,Novel,Chennai,1,38454.61,0,UPI,Delivered
TXN002462,CUST1084,Electronics,Smartphone,Kochi,6,31549.46,10,Debit Card,Cancelled
TXN002463,CUST2980,Home & Kitchen,Vacuum Cleaner,Pune,4,5162.68,25,Credit Card,Delivered
TXN002464,CUST1499,Books,Data Science Guide,Mumbai,1,13190.83,10,Debit Card,Delivered
TXN002465,CUST1652,Home & Kitchen,Vacuum Cleaner,Mumbai,1,22999.83,15,UPI,Delivered
TXN002466,CUST1499,Home & Kitchen,Vacuum Cleaner,Pune,5,13372.0,10,Debit Card,Delivered
TXN002467,CUST0186,Electronics,Headphones,Mumbai,5,21755.3,0,Cash on Delivery,Delivered
TXN002468,CUST1641,Books,Machine Learning Basics,Bengaluru,10,11375.28,25,UPI,Shipped
TXN002469,CUST0210,Sports,Dumbbells,Mumbai,7,17545.07,25,Debit Card,Delivered
TXN002470,CUST2336,Electronics,Laptop,Chennai,4,32649.61,10,Credit Card,Delivered
TXN002471,CUST2302,Electronics,Smartphone,Hyderabad,9,44628.82,5,Credit Card,Shipped
TXN002472,CUST0798,Books,Novel,Hyderabad,4,19313.03,15,UPI,Delivered
TXN002473,CUST1485,Books,Python Programming,Coimbatore,7,34626.22,15,Credit Card,Delivered
TXN002474,CUST2267,Home & Kitchen,Mixer,Kochi,5,6826.18,10,UPI,Pending
TXN002475,CUST1183,Books,Python Programming,Mumbai,5,27086.82,15,Credit Card,Shipped
TXN002476,CUST0302,Home & Kitchen,Cookware Set,Hyderabad,6,46093.04,15,Debit Card,Pending
TXN002477,CUST1583,Electronics,Headphones,Mumbai,8,1494.0,10,Credit Card,Shipped
TXN002478,CUST2066,Clothing,Jacket,Kochi,5,13451.11,0,Debit Card,Delivered
TXN002479,CUST1845,Sports,Yoga Mat,Coimbatore,3,6711.43,25,UPI,Delivered
TXN002480,CUST2253,Electronics,Laptop,Hyderabad,6,26702.76,10,Credit Card,Pending
TXN002481,CUST1146,Books,Novel,Chennai,2,34014.16,5,Cash on Delivery,Pending
TXN002482,CUST2553,Sports,Football,Bengaluru,8,2983.18,20,Cash on Delivery,Delivered
TXN002483,CUST2787,Clothing,Shoes,Pune,8,3607.19,0,Cash on Delivery,Pending
TXN002484,CUST2503,Clothing,Jeans,Pune,3,43494.5,10,Credit Card,Cancelled
TXN002485,CUST0487,Home & Kitchen,Table Lamp,Pune,8,22866.03,0,Debit Card,Delivered
TXN002486,CUST0528,Sports,Cricket Bat,Mumbai,9,23201.28,20,UPI,Shipped
TXN002487,CUST0397,Home & Kitchen,Table Lamp,Hyderabad,5,47234.56,15,Credit Card,Delivered
TXN002488,CUST1614,Electronics,Laptop,Kochi,5,16078.46,15,UPI,Delivered
TXN002489,CUST1529,Sports,Dumbbells,Kochi,6,44861.48,20,UPI,Delivered
TXN002490,CUST1389,Electronics,Laptop,Hyderabad,7,48715.31,15,Credit Card,Pending
TXN002491,CUST2285,Home & Kitchen,Table Lamp,Coimbatore,3,12160.54,0,Debit Card,Delivered
TXN002492,CUST1498,Sports,Yoga Mat,Chennai,5,25750.54,15,Cash on Delivery,Cancelled
TXN002493,CUST0591,Home & Kitchen,Cookware Set,Delhi,1,26764.37,20,UPI,Pending
TXN002494,CUST0816,Sports,Dumbbells,Hyderabad,10,43321.79,20,UPI,Delivered
TXN002495,CUST2468,Home & Kitchen,Cookware Set,Bengaluru,5,15265.02,25,Credit Card,Shipped
TXN002496,CUST2086,Clothing,T-Shirt,Coimbatore,4,39922.32,20,UPI,Pending
TXN002497,CUST1645,Home & Kitchen,Cookware Set,Hyderabad,1,48553.27,5,Credit Card,Delivered
TXN002498,CUST2049,Clothing,T-Shirt,Hyderabad,7,42032.8,0,UPI,Delivered
TXN002499,CUST0165,Home & Kitchen,Table Lamp,Coimbatore,1,45466.1,20,Debit Card,Delivered
TXN002500,CUST0186,Sports,Yoga Mat,Coimbatore,8,35446.89,25,Debit Card,Delivered
TXN002501,CUST0160,Sports,Football,Mumbai,10,45207.39,0,Cash on Delivery,Pending
TXN002502,CUST0562,Sports,Yoga Mat,Hyderabad,2,8326.05,25,Cash on Delivery,Cancelled
TXN002503,CUST2923,Books,Data Science Guide,Delhi,10,35646.83,5,Debit Card,Delivered
TXN002504,CUST1365,Electronics,Smartphone,Bengaluru,5,36620.68,0,Cash on Delivery,Pending
TXN002505,CUST1941,Sports,Cricket Bat,Chennai,6,22015.13,10,Cash on Delivery,Delivered
TXN002506,CUST2128,Clothing,T-Shirt,Chennai,9,4078.95,5,Cash on Delivery,Delivered
TXN002507,CUST1872,Sports,Dumbbells,Delhi,7,31159.94,5,Debit Card,Cancelled
TXN002508,CUST0611,Books,Python Programming,Kochi,6,2688.85,15,Cash on Delivery,Delivered
TXN002509,CUST2484,Clothing,Jeans,Coimbatore,5,19181.88,20,Credit Card,Delivered
TXN002510,CUST2112,Books,Python Programming,Coimbatore,6,19744.14,5,Cash on Delivery,Pending
TXN002511,CUST0573,Clothing,T-Shirt,Kochi,4,49946.23,0,Credit Card,Delivered
TXN002512,CUST1344,Home & Kitchen,Table Lamp,Coimbatore,1,15060.12,10,Cash on Delivery,Shipped
TXN002513,CUST2512,Electronics,Smartphone,Kochi,9,41040.65,0,Credit Card,Delivered
TXN002514,CUST1305,Electronics,Laptop,Hyderabad,5,2753.27,0,Cash on Delivery,Delivered
TXN002515,CUST0666,Books,Novel,Kochi,8,26535.32,10,Credit Card,Delivered
TXN002516,CUST1610,Electronics,Headphones,Coimbatore,7,26880.91,25,Cash on Delivery,Delivered
TXN002517,CUST2526,Books,Data Science Guide,Coimbatore,8,31474.62,15,Credit Card,Cancelled
TXN002518,CUST1226,Books,Data Science Guide,Hyderabad,1,40519.26,20,Debit Card,Delivered
TXN002519,CUST2432,Books,Data Science Guide,Kochi,9,38119.98,5,UPI,Delivered
TXN002520,CUST1378,Electronics,Headphones,Hyderabad,1,38074.31,20,UPI,Cancelled
TXN002521,CUST2078,Books,Data Science Guide,Delhi,3,21671.47,15,Debit Card,Delivered
TXN002522,CUST2088,Electronics,Laptop,Mumbai,8,36400.83,25,Debit Card,Pending
TXN002523,CUST2181,Books,Novel,Hyderabad,1,24616.65,10,Credit Card,Shipped
TXN002524,CUST2007,Sports,Yoga Mat,Bengaluru,1,3440.86,20,Credit Card,Delivered
TXN002525,CUST2903,Books,Python Programming,Coimbatore,6,44520.07,0,Cash on Delivery,Pending
TXN002526,CUST2306,Clothing,Jacket,Mumbai,5,44519.15,5,Cash on Delivery,Pending
TXN002527,CUST1228,Books,Python Programming,Chennai,6,16211.65,5,UPI,Cancelled
TXN002528,CUST1946,Home & Kitchen,Cookware Set,Delhi,3,45703.74,25,UPI,Delivered
TXN002529,CUST0069,Books,Python Programming,Kochi,10,37923.4,15,Credit Card,Cancelled
TXN002530,CUST1509,Clothing,T-Shirt,Mumbai,10,20099.98,15,Credit Card,Delivered
TXN002531,CUST1357,Clothing,T-Shirt,Hyderabad,6,16642.13,10,Debit Card,Delivered
TXN002532,CUST2760,Electronics,Smartwatch,Coimbatore,2,48759.62,15,Credit Card,Delivered
TXN002533,CUST0449,Sports,Cricket Bat,Coimbatore,8,35660.09,20,Cash on Delivery,Delivered
TXN002534,CUST1707,Books,Python Programming,Coimbatore,6,19002.62,5,Debit Card,Pending
TXN002535,CUST2391,Electronics,Laptop,Mumbai,4,32135.0,10,Credit Card,Delivered
TXN002536,CUST1261,Sports,Yoga Mat,Coimbatore,4,28619.16,15,Cash on Delivery,Cancelled
TXN002537,CUST2971,Books,Machine Learning Basics,Hyderabad,7,26274.55,0,Cash on Delivery,Delivered
TXN002538,CUST2819,Home & Kitchen,Cookware Set,Kochi,3,32270.62,5,UPI,Delivered
TXN002539,CUST2578,Books,Python Programming,Mumbai,3,26927.55,10,Debit Card,Shipped
TXN002540,CUST0110,Clothing,T-Shirt,Coimbatore,6,32774.04,5,UPI,Delivered
TXN002541,CUST2445,Clothing,Shoes,Chennai,9,45387.67,20,Debit Card,Delivered
TXN002542,CUST1944,Home & Kitchen,Vacuum Cleaner,Chennai,1,49663.92,25,Debit Card,Delivered
TXN002543,CUST1088,Electronics,Laptop,Bengaluru,5,35493.41,15,UPI,Delivered
TXN002544,CUST2686,Sports,Dumbbells,Coimbatore,1,46398.26,25,UPI,Delivered
TXN002545,CUST2370,Books,Python Programming,Coimbatore,1,42934.67,15,Credit Card,Cancelled
TXN002546,CUST2366,Clothing,Shoes,Mumbai,3,14822.37,15,Debit Card,Delivered
TXN002547,CUST0933,Electronics,Smartphone,Mumbai,3,46652.11,0,Credit Card,Pending
TXN002548,CUST2955,Home & Kitchen,Table Lamp,Pune,4,3633.37,20,Debit Card,Delivered
TXN002549,CUST0211,Clothing,T-Shirt,Kochi,3,16563.1,0,Cash on Delivery,Delivered
TXN002550,CUST2391,Home & Kitchen,Table Lamp,Coimbatore,6,32033.25,20,Credit Card,Cancelled
TXN002551,CUST1968,Books,Python Programming,Bengaluru,4,26393.08,20,UPI,Delivered
TXN002552,CUST0699,Sports,Football,Kochi,8,27166.38,20,Cash on Delivery,Shipped
TXN002553,CUST2148,Clothing,Shoes,Coimbatore,1,39764.93,15,UPI,Cancelled
TXN002554,CUST2577,Clothing,Shoes,Kochi,8,9815.71,15,Cash on Delivery,Delivered
TXN002555,CUST2954,Books,Machine Learning Basics,Hyderabad,1,49105.57,15,Cash on Delivery,Delivered
TXN002556,CUST2539,Electronics,Smartwatch,Mumbai,1,21929.17,0,Credit Card,Delivered
TXN002557,CUST1558,Sports,Football,Coimbatore,7,47497.18,10,UPI,Delivered
TXN002558,CUST0606,Clothing,Jeans,Kochi,1,19217.48,25,Credit Card,Delivered
TXN002559,CUST2789,Sports,Yoga Mat,Mumbai,9,30129.15,20,Cash on Delivery,Shipped
TXN002560,CUST0993,Clothing,T-Shirt,Coimbatore,8,22570.54,0,Debit Card,Delivered
TXN002561,CUST0130,Sports,Football,Delhi,1,33829.16,15,Debit Card,Delivered
TXN002562,CUST2346,Home & Kitchen,Mixer,Mumbai,2,9262.87,25,Cash on Delivery,Pending
TXN002563,CUST2870,Clothing,T-Shirt,Kochi,2,20091.36,15,UPI,Delivered
TXN002564,CUST0451,Sports,Yoga Mat,Bengaluru,2,3512.22,10,UPI,Delivered
TXN002565,CUST0782,Electronics,Headphones,Delhi,6,29945.26,15,UPI,Delivered
TXN002566,CUST0078,Home & Kitchen,Table Lamp,Hyderabad,4,48137.82,20,Debit Card,Delivered
TXN002567,CUST1807,Home & Kitchen,Mixer,Coimbatore,8,2390.74,5,Credit Card,Delivered
TXN002568,CUST1285,Electronics,Laptop,Pune,1,33015.54,25,UPI,Delivered
TXN002569,CUST1716,Sports,Yoga Mat,Hyderabad,10,38777.39,15,Credit Card,Pending
TXN002570,CUST0621,Books,Python Programming,Mumbai,4,10734.11,10,UPI,Delivered
TXN002571,CUST1692,Electronics,Laptop,Delhi,10,13726.41,25,UPI,Cancelled
TXN002572,CUST2829,Sports,Cricket Bat,Hyderabad,5,10158.9,5,UPI,Delivered
TXN002573,CUST0836,Electronics,Smartphone,Bengaluru,9,14940.89,25,Credit Card,Delivered
TXN002574,CUST1681,Electronics,Laptop,Pune,5,5593.12,20,Credit Card,Delivered
TXN002575,CUST2056,Clothing,Jeans,Mumbai,3,18580.36,20,Credit Card,Delivered
TXN002576,CUST2505,Sports,Yoga Mat,Delhi,4,18509.57,20,Cash on Delivery,Delivered
TXN002577,CUST1932,Books,Python Programming,Hyderabad,10,40382.65,10,Debit Card,Delivered
TXN002578,CUST2980,Clothing,Jeans,Delhi,7,40067.82,5,Cash on Delivery,Delivered
TXN002579,CUST0256,Electronics,Smartphone,Delhi,1,39856.5,20,Debit Card,Pending
TXN002580,CUST2891,Electronics,Headphones,Hyderabad,6,28395.09,15,Cash on Delivery,Shipped
TXN002581,CUST0566,Electronics,Laptop,Chennai,8,16361.45,5,Debit Card,Delivered
TXN002582,CUST2125,Sports,Football,Coimbatore,1,20607.13,20,Credit Card,Shipped
TXN002583,CUST0850,Sports,Cricket Bat,Kochi,8,15955.4,5,Debit Card,Delivered
TXN002584,CUST2298,Clothing,Jeans,Mumbai,7,29138.2,25,UPI,Delivered
TXN002585,CUST1332,Books,Machine Learning Basics,Mumbai,1,46905.16,15,Credit Card,Delivered
TXN002586,CUST2713,Clothing,Jacket,Pune,9,14296.39,0,Cash on Delivery,Delivered
TXN002587,CUST1960,Home & Kitchen,Table Lamp,Pune,3,22996.71,20,UPI,Delivered
TXN002588,CUST2153,Electronics,Laptop,Pune,2,32790.33,15,UPI,Shipped
TXN002589,CUST1544,Electronics,Smartphone,Mumbai,7,42250.28,10,Credit Card,Delivered
TXN002590,CUST1286,Electronics,Headphones,Delhi,3,12741.36,25,UPI,Delivered
TXN002591,CUST0710,Clothing,Jacket,Pune,1,14086.47,20,Credit Card,Delivered
TXN002592,CUST1883,Clothing,Shoes,Hyderabad,10,44269.76,0,Debit Card,Delivered
TXN002593,CUST2184,Electronics,Smartwatch,Coimbatore,3,4104.88,25,Credit Card,Cancelled
TXN002594,CUST1403,Clothing,Shoes,Bengaluru,6,30311.84,15,Credit Card,Delivered
TXN002595,CUST2238,Sports,Dumbbells,Mumbai,3,43036.73,25,Cash on Delivery,Delivered
TXN002596,CUST1452,Sports,Football,Hyderabad,5,46094.96,15,UPI,Shipped
TXN002597,CUST2769,Clothing,Jacket,Coimbatore,9,733.09,5,Cash on Delivery,Delivered
TXN002598,CUST2953,Electronics,Laptop,Coimbatore,7,18546.33,20,Cash on Delivery,Delivered
TXN002599,CUST2789,Clothing,Jeans,Chennai,2,12937.51,0,Cash on Delivery,Pending
TXN002600,CUST2635,Clothing,Jacket,Kochi,1,28444.83,10,Cash on Delivery,Delivered
TXN002601,CUST2840,Clothing,Shoes,Hyderabad,7,31679.83,5,Cash on Delivery,Pending
TXN002602,CUST1083,Home & Kitchen,Mixer,Mumbai,4,49988.75,20,UPI,Delivered
TXN002603,CUST2499,Sports,Yoga Mat,Pune,7,25686.85,0,UPI,Delivered
TXN002604,CUST1984,Books,Data Science Guide,Delhi,6,27618.2,5,UPI,Delivered
TXN002605,CUST0788,Books,Data Science Guide,Pune,7,20774.24,0,Cash on Delivery,Cancelled
TXN002606,CUST1010,Home & Kitchen,Table Lamp,Coimbatore,4,7469.09,25,UPI,Delivered
TXN002607,CUST1143,Clothing,Shoes,Coimbatore,3,15235.9,0,Cash on Delivery,Shipped
TXN002608,CUST2286,Home & Kitchen,Table Lamp,Bengaluru,5,12424.55,5,UPI,Delivered
TXN002609,CUST1223,Home & Kitchen,Table Lamp,Pune,3,40080.86,5,UPI,Cancelled
TXN002610,CUST0922,Electronics,Headphones,Kochi,3,27336.24,20,UPI,Pending
TXN002611,CUST1220,Sports,Yoga Mat,Kochi,4,14880.06,5,UPI,Delivered
TXN002612,CUST1184,Books,Python Programming,Chennai,8,24505.74,25,Credit Card,Delivered
TXN002613,CUST2888,Clothing,Shoes,Kochi,2,11021.36,20,UPI,Pending
TXN002614,CUST0850,Books,Novel,Coimbatore,4,9337.84,0,UPI,Delivered
TXN002615,CUST2828,Books,Data Science Guide,Coimbatore,3,43011.12,5,Credit Card,Delivered
TXN002616,CUST2888,Sports,Yoga Mat,Kochi,7,47246.06,20,Debit Card,Delivered
TXN002617,CUST2003,Books,Machine Learning Basics,Delhi,2,4092.73,20,Debit Card,Delivered
TXN002618,CUST1299,Books,Python Programming,Delhi,1,38267.65,10,Credit Card,Delivered
TXN002619,CUST1966,Home & Kitchen,Table Lamp,Kochi,10,22720.25,20,Debit Card,Delivered
TXN002620,CUST1429,Sports,Football,Bengaluru,1,19509.68,20,UPI,Delivered
TXN002621,CUST2296,Electronics,Smartphone,Hyderabad,6,34501.62,10,Cash on Delivery,Delivered
TXN002622,CUST2956,Clothing,Jacket,Bengaluru,3,13386.06,15,Cash on Delivery,Shipped
TXN002623,CUST1121,Books,Novel,Bengaluru,7,1127.0,25,UPI,Delivered
TXN002624,CUST1179,Clothing,Jacket,Kochi,8,10778.74,5,UPI,Delivered
TXN002625,CUST0500,Electronics,Headphones,Delhi,5,9327.76,10,Debit Card,Delivered
TXN002626,CUST2349,Clothing,Shoes,Pune,5,1799.06,20,Credit Card,Delivered
TXN002627,CUST2772,Electronics,Smartphone,Pune,2,16133.64,20,Cash on Delivery,Cancelled
TXN002628,CUST2225,Home & Kitchen,Mixer,Kochi,8,23778.47,5,UPI,Delivered
TXN002629,CUST1556,Books,Data Science Guide,Pune,10,36817.85,25,Credit Card,Shipped
TXN002630,CUST1617,Electronics,Headphones,Hyderabad,1,16350.5,0,Credit Card,Delivered
TXN002631,CUST1414,Clothing,Shoes,Delhi,10,9807.56,10,UPI,Delivered
TXN002632,CUST0600,Books,Data Science Guide,Kochi,9,11607.93,15,Credit Card,Pending
TXN002633,CUST1190,Home & Kitchen,Vacuum Cleaner,Chennai,1,44569.74,5,Cash on Delivery,Delivered
TXN002634,CUST0173,Books,Data Science Guide,Mumbai,1,10315.55,5,Cash on Delivery,Delivered
TXN002635,CUST1179,Electronics,Smartphone,Mumbai,1,43974.11,10,Credit Card,Delivered
TXN002636,CUST2926,Home & Kitchen,Cookware Set,Kochi,7,22410.24,20,UPI,Delivered
TXN002637,CUST0324,Clothing,Jacket,Kochi,4,46726.58,20,Credit Card,Delivered
TXN002638,CUST1419,Home & Kitchen,Vacuum Cleaner,Chennai,7,20463.8,15,Debit Card,Delivered
TXN002639,CUST1812,Home & Kitchen,Cookware Set,Pune,5,8966.38,10,UPI,Delivered
TXN002640,CUST2687,Sports,Yoga Mat,Mumbai,7,27496.59,5,UPI,Cancelled
TXN002641,CUST1051,Home & Kitchen,Mixer,Hyderabad,10,29426.56,10,UPI,Pending
TXN002642,CUST1963,Home & Kitchen,Mixer,Kochi,7,31810.92,0,Cash on Delivery,Shipped
TXN002643,CUST0877,Books,Machine Learning Basics,Delhi,4,20633.69,5,UPI,Delivered
TXN002644,CUST0828,Clothing,T-Shirt,Mumbai,2,2525.21,15,UPI,Delivered
TXN002645,CUST2207,Books,Machine Learning Basics,Hyderabad,8,31373.32,15,Cash on Delivery,Delivered
TXN002646,CUST1111,Books,Data Science Guide,Delhi,2,46658.2,5,Cash on Delivery,Cancelled
TXN002647,CUST2303,Electronics,Smartwatch,Kochi,9,47882.18,20,Cash on Delivery,Delivered
TXN002648,CUST2852,Books,Machine Learning Basics,Hyderabad,5,29884.58,5,UPI,Delivered
TXN002649,CUST1113,Sports,Football,Chennai,9,1092.36,5,UPI,Delivered
TXN002650,CUST0563,Sports,Cricket Bat,Kochi,9,5391.32,0,Cash on Delivery,Delivered
TXN002651,CUST0448,Electronics,Smartwatch,Bengaluru,8,41716.13,5,Cash on Delivery,Pending
TXN002652,CUST2522,Clothing,Jacket,Chennai,8,41504.25,25,Debit Card,Pending
TXN002653,CUST2404,Clothing,Jeans,Mumbai,4,47306.18,25,Cash on Delivery,Shipped
TXN002654,CUST0981,Books,Data Science Guide,Delhi,4,28232.34,10,Credit Card,Delivered
TXN002655,CUST0994,Books,Python Programming,Hyderabad,2,43204.43,10,Debit Card,Delivered
TXN002656,CUST0208,Books,Machine Learning Basics,Mumbai,4,41261.86,15,Cash on Delivery,Delivered
TXN002657,CUST2744,Clothing,T-Shirt,Mumbai,4,29512.1,20,Cash on Delivery,Delivered
TXN002658,CUST2176,Home & Kitchen,Table Lamp,Kochi,6,39203.51,15,Cash on Delivery,Shipped
TXN002659,CUST0925,Sports,Dumbbells,Bengaluru,3,6372.96,0,Cash on Delivery,Delivered
TXN002660,CUST2614,Home & Kitchen,Vacuum Cleaner,Pune,2,31996.22,5,Credit Card,Pending
TXN002661,CUST0954,Home & Kitchen,Vacuum Cleaner,Mumbai,8,47677.2,15,Cash on Delivery,Shipped
TXN002662,CUST0216,Clothing,Jeans,Bengaluru,2,8181.68,5,UPI,Delivered
TXN002663,CUST0411,Home & Kitchen,Cookware Set,Delhi,8,37227.73,15,Debit Card,Delivered
TXN002664,CUST1693,Electronics,Smartphone,Delhi,7,16107.21,5,Cash on Delivery,Delivered
TXN002665,CUST1353,Books,Novel,Hyderabad,3,40873.49,15,UPI,Delivered
TXN002666,CUST2939,Electronics,Smartwatch,Pune,6,34890.83,25,Credit Card,Delivered
TXN002667,CUST1935,Sports,Cricket Bat,Bengaluru,6,46316.1,25,Debit Card,Delivered
TXN002668,CUST0412,Books,Machine Learning Basics,Chennai,10,35625.58,25,Cash on Delivery,Delivered
TXN002669,CUST2791,Home & Kitchen,Table Lamp,Delhi,5,20574.5,10,Debit Card,Delivered
TXN002670,CUST0564,Sports,Cricket Bat,Kochi,8,643.54,0,Cash on Delivery,Cancelled
TXN002671,CUST0022,Books,Python Programming,Pune,5,39666.55,15,Credit Card,Delivered
TXN002672,CUST2255,Home & Kitchen,Table Lamp,Hyderabad,7,20482.4,10,Credit Card,Delivered
TXN002673,CUST0647,Electronics,Laptop,Chennai,6,33564.64,20,Debit Card,Delivered
TXN002674,CUST1667,Books,Machine Learning Basics,Delhi,7,5342.82,15,Debit Card,Delivered
TXN002675,CUST2675,Home & Kitchen,Table Lamp,Delhi,9,44559.33,5,Debit Card,Shipped
TXN002676,CUST1949,Electronics,Laptop,Hyderabad,3,21839.32,0,Credit Card,Shipped
TXN002677,CUST1956,Sports,Cricket Bat,Hyderabad,10,45992.62,10,UPI,Delivered
TXN002678,CUST2665,Sports,Yoga Mat,Coimbatore,7,35380.17,10,Debit Card,Delivered
TXN002679,CUST0817,Sports,Cricket Bat,Kochi,10,6160.97,0,Cash on Delivery,Delivered
TXN002680,CUST1177,Sports,Cricket Bat,Mumbai,3,29001.91,15,Credit Card,Delivered
TXN002681,CUST1316,Clothing,Shoes,Mumbai,2,45505.73,5,Debit Card,Cancelled
TXN002682,CUST1170,Books,Machine Learning Basics,Chennai,7,40018.53,20,Credit Card,Pending
TXN002683,CUST2646,Books,Data Science Guide,Mumbai,4,20957.22,15,Debit Card,Shipped
TXN002684,CUST0243,Clothing,Shoes,Chennai,1,47757.71,0,Credit Card,Cancelled
TXN002685,CUST0367,Home & Kitchen,Mixer,Pune,6,13501.95,15,Credit Card,Delivered
TXN002686,CUST2672,Home & Kitchen,Mixer,Delhi,6,18817.87,15,Debit Card,Delivered
TXN002687,CUST2352,Sports,Yoga Mat,Coimbatore,6,37510.74,0,Cash on Delivery,Delivered
TXN002688,CUST0952,Electronics,Smartphone,Coimbatore,2,11721.94,0,Credit Card,Delivered
TXN002689,CUST2192,Home & Kitchen,Mixer,Kochi,1,25817.19,20,Cash on Delivery,Delivered
TXN002690,CUST2962,Electronics,Smartwatch,Kochi,3,36466.58,0,Cash on Delivery,Delivered
TXN002691,CUST0153,Books,Python Programming,Delhi,2,32233.99,0,Credit Card,Delivered
TXN002692,CUST0718,Electronics,Smartwatch,Hyderabad,6,7852.96,0,Credit Card,Delivered
TXN002693,CUST1712,Books,Machine Learning Basics,Kochi,6,31520.05,10,Credit Card,Delivered
TXN002694,CUST0721,Clothing,Jacket,Kochi,5,28678.26,0,Cash on Delivery,Cancelled
TXN002695,CUST0149,Clothing,Jacket,Bengaluru,10,27936.46,0,Credit Card,Pending
TXN002696,CUST1627,Sports,Yoga Mat,Bengaluru,10,41319.75,0,Credit Card,Delivered
TXN002697,CUST2030,Home & Kitchen,Table Lamp,Mumbai,5,9276.41,20,Credit Card,Delivered
TXN002698,CUST0764,Sports,Cricket Bat,Hyderabad,9,37603.14,15,Credit Card,Cancelled
TXN002699,CUST1186,Books,Machine Learning Basics,Chennai,5,38070.21,0,Debit Card,Delivered
TXN002700,CUST0154,Sports,Dumbbells,Pune,10,36160.01,0,Credit Card,Delivered
TXN002701,CUST0038,Electronics,Smartphone,Coimbatore,6,25347.82,20,Cash on Delivery,Delivered
TXN002702,CUST1223,Books,Novel,Mumbai,4,19837.38,15,Cash on Delivery,Cancelled
TXN002703,CUST2327,Clothing,Jacket,Kochi,10,19794.39,20,UPI,Cancelled
TXN002704,CUST2469,Home & Kitchen,Table Lamp,Delhi,1,36717.05,25,Debit Card,Shipped
TXN002705,CUST0440,Books,Novel,Hyderabad,4,24945.05,5,Debit Card,Delivered
TXN002706,CUST1373,Books,Python Programming,Kochi,2,16987.84,5,UPI,Delivered
TXN002707,CUST1166,Electronics,Headphones,Coimbatore,10,31310.94,5,Cash on Delivery,Delivered
TXN002708,CUST1862,Home & Kitchen,Mixer,Chennai,3,41866.86,0,Cash on Delivery,Delivered
TXN002709,CUST2627,Clothing,T-Shirt,Chennai,7,3169.29,20,Credit Card,Delivered
TXN002710,CUST2226,Books,Data Science Guide,Bengaluru,7,48609.63,0,UPI,Delivered
TXN002711,CUST2148,Books,Python Programming,Mumbai,1,4922.93,5,Cash on Delivery,Delivered
TXN002712,CUST2024,Electronics,Smartphone,Kochi,8,25635.73,15,UPI,Shipped
TXN002713,CUST0550,Sports,Football,Delhi,7,28054.46,15,UPI,Delivered
TXN002714,CUST2066,Clothing,T-Shirt,Coimbatore,1,6996.71,25,Debit Card,Pending
TXN002715,CUST1918,Home & Kitchen,Vacuum Cleaner,Kochi,8,45788.13,20,Cash on Delivery,Delivered
TXN002716,CUST1118,Books,Novel,Pune,2,23626.21,25,Cash on Delivery,Delivered
TXN002717,CUST0790,Books,Data Science Guide,Chennai,8,7241.71,15,Credit Card,Delivered
TXN002718,CUST0462,Clothing,Jeans,Kochi,3,35609.46,5,Cash on Delivery,Pending
TXN002719,CUST1355,Sports,Cricket Bat,Coimbatore,10,33203.88,25,Debit Card,Delivered
TXN002720,CUST0666,Books,Data Science Guide,Delhi,7,48146.99,25,Cash on Delivery,Delivered
TXN002721,CUST2995,Clothing,Jacket,Coimbatore,6,22131.66,25,Credit Card,Delivered
TXN002722,CUST1880,Electronics,Smartphone,Mumbai,5,13463.02,20,Cash on Delivery,Delivered
TXN002723,CUST2656,Sports,Cricket Bat,Bengaluru,10,3093.7,20,UPI,Delivered
TXN002724,CUST1054,Home & Kitchen,Vacuum Cleaner,Coimbatore,2,36682.76,5,Debit Card,Delivered
TXN002725,CUST2944,Books,Python Programming,Hyderabad,2,30902.16,5,Credit Card,Delivered
TXN002726,CUST0763,Clothing,T-Shirt,Kochi,1,48633.28,5,Credit Card,Pending
TXN002727,CUST0058,Electronics,Smartphone,Bengaluru,9,35637.03,25,UPI,Delivered
TXN002728,CUST1381,Home & Kitchen,Vacuum Cleaner,Delhi,8,46664.76,5,Debit Card,Delivered
TXN002729,CUST1209,Clothing,T-Shirt,Bengaluru,8,49579.78,20,Cash on Delivery,Delivered
TXN002730,CUST2326,Clothing,Jacket,Coimbatore,1,21478.71,15,Debit Card,Shipped
TXN002731,CUST2763,Home & Kitchen,Vacuum Cleaner,Coimbatore,5,7599.72,5,Debit Card,Pending
TXN002732,CUST0792,Electronics,Smartwatch,Hyderabad,6,9872.95,10,Debit Card,Delivered
TXN002733,CUST0719,Electronics,Headphones,Chennai,2,15986.92,20,Debit Card,Delivered
TXN002734,CUST2503,Sports,Football,Kochi,10,25493.9,0,Debit Card,Delivered
TXN002735,CUST2617,Books,Data Science Guide,Hyderabad,5,6208.76,15,Debit Card,Cancelled
TXN002736,CUST1661,Home & Kitchen,Table Lamp,Coimbatore,6,15155.72,20,UPI,Pending
TXN002737,CUST1752,Home & Kitchen,Mixer,Pune,9,15458.91,5,Credit Card,Pending
TXN002738,CUST2111,Home & Kitchen,Cookware Set,Bengaluru,10,303.87,25,UPI,Delivered
TXN002739,CUST1344,Electronics,Headphones,Hyderabad,1,17773.02,10,Cash on Delivery,Delivered
TXN002740,CUST0356,Books,Data Science Guide,Hyderabad,10,5895.99,0,Credit Card,Delivered
TXN002741,CUST1642,Sports,Dumbbells,Kochi,3,21542.6,15,Credit Card,Delivered
TXN002742,CUST2742,Clothing,Shoes,Pune,9,9907.18,5,Cash on Delivery,Delivered
TXN002743,CUST0391,Clothing,T-Shirt,Pune,1,41123.5,20,Credit Card,Delivered
TXN002744,CUST0757,Home & Kitchen,Cookware Set,Pune,1,4118.22,20,Cash on Delivery,Delivered
TXN002745,CUST0576,Books,Novel,Kochi,1,43296.46,15,Debit Card,Pending
TXN002746,CUST1956,Electronics,Smartwatch,Chennai,7,29068.28,10,Debit Card,Pending
TXN002747,CUST1326,Books,Machine Learning Basics,Coimbatore,5,22986.17,25,Credit Card,Delivered
TXN002748,CUST1017,Books,Machine Learning Basics,Coimbatore,6,27532.14,5,Credit Card,Pending
TXN002749,CUST0028,Electronics,Smartwatch,Delhi,8,18867.85,15,Debit Card,Delivered
TXN002750,CUST1069,Home & Kitchen,Cookware Set,Kochi,2,6467.83,15,Debit Card,Delivered
TXN002751,CUST1572,Books,Python Programming,Chennai,2,38317.4,20,Cash on Delivery,Delivered
TXN002752,CUST0965,Clothing,Jacket,Delhi,3,46402.79,15,Credit Card,Shipped
TXN002753,CUST1830,Electronics,Headphones,Delhi,3,47508.37,0,Credit Card,Delivered
TXN002754,CUST1094,Sports,Cricket Bat,Delhi,3,33568.5,0,UPI,Delivered
TXN002755,CUST1351,Home & Kitchen,Vacuum Cleaner,Kochi,4,20576.34,5,Debit Card,Delivered
TXN002756,CUST1237,Electronics,Laptop,Mumbai,3,23970.16,15,Debit Card,Delivered
TXN002757,CUST2386,Sports,Football,Delhi,2,32882.59,20,Credit Card,Shipped
TXN002758,CUST2961,Sports,Cricket Bat,Hyderabad,9,41171.32,25,UPI,Shipped
TXN002759,CUST2347,Books,Python Programming,Bengaluru,6,18790.9,5,Cash on Delivery,Cancelled
TXN002760,CUST0047,Books,Novel,Hyderabad,3,45847.38,10,Cash on Delivery,Shipped
TXN002761,CUST1072,Books,Python Programming,Hyderabad,9,16281.18,20,Debit Card,Delivered
TXN002762,CUST2678,Electronics,Laptop,Coimbatore,4,26589.9,10,UPI,Delivered
TXN002763,CUST1473,Electronics,Smartphone,Mumbai,4,48071.95,5,UPI,Cancelled
TXN002764,CUST2838,Home & Kitchen,Cookware Set,Kochi,8,46916.13,0,Cash on Delivery,Delivered
TXN002765,CUST0968,Books,Novel,Delhi,7,34817.68,20,Debit Card,Delivered
TXN002766,CUST0255,Sports,Dumbbells,Coimbatore,7,16295.55,25,Credit Card,Cancelled
TXN002767,CUST2736,Clothing,Jeans,Chennai,10,11029.85,20,UPI,Delivered
TXN002768,CUST0485,Home & Kitchen,Table Lamp,Chennai,7,4099.15,5,Credit Card,Delivered
TXN002769,CUST1907,Electronics,Smartphone,Kochi,10,35461.85,20,Debit Card,Delivered
TXN002770,CUST1257,Home & Kitchen,Vacuum Cleaner,Coimbatore,5,25222.19,20,Cash on Delivery,Cancelled
TXN002771,CUST0655,Home & Kitchen,Cookware Set,Bengaluru,7,28657.16,5,UPI,Pending
TXN002772,CUST1661,Home & Kitchen,Vacuum Cleaner,Kochi,4,23672.37,15,Credit Card,Delivered
TXN002773,CUST2811,Home & Kitchen,Vacuum Cleaner,Coimbatore,8,24199.03,5,UPI,Shipped
TXN002774,CUST2059,Clothing,Shoes,Coimbatore,9,28606.55,20,UPI,Delivered
TXN002775,CUST2882,Books,Data Science Guide,Mumbai,3,45721.67,25,UPI,Delivered
TXN002776,CUST1274,Sports,Cricket Bat,Kochi,7,1565.38,25,Debit Card,Delivered
TXN002777,CUST2828,Home & Kitchen,Cookware Set,Chennai,10,40101.68,5,Credit Card,Delivered
TXN002778,CUST0481,Home & Kitchen,Cookware Set,Chennai,9,19586.76,20,UPI,Delivered
TXN002779,CUST2617,Home & Kitchen,Vacuum Cleaner,Delhi,1,37271.72,10,Credit Card,Delivered
TXN002780,CUST1209,Books,Novel,Hyderabad,2,47431.46,10,Debit Card,Delivered
TXN002781,CUST1506,Electronics,Smartwatch,Kochi,7,15383.72,0,UPI,Delivered
TXN002782,CUST2518,Electronics,Laptop,Coimbatore,2,4568.78,5,UPI,Delivered
TXN002783,CUST0905,Clothing,Shoes,Kochi,7,11691.69,5,UPI,Delivered
TXN002784,CUST0898,Electronics,Laptop,Coimbatore,1,11182.43,10,Credit Card,Delivered
TXN002785,CUST0548,Home & Kitchen,Mixer,Bengaluru,3,37118.29,10,Credit Card,Delivered
TXN002786,CUST1959,Home & Kitchen,Vacuum Cleaner,Kochi,5,3186.72,10,UPI,Delivered
TXN002787,CUST0628,Home & Kitchen,Table Lamp,Pune,6,2641.59,25,Credit Card,Delivered
TXN002788,CUST1864,Clothing,Jeans,Pune,9,34711.07,25,Credit Card,Delivered
TXN002789,CUST2482,Home & Kitchen,Vacuum Cleaner,Chennai,9,27880.31,0,UPI,Delivered
TXN002790,CUST1531,Electronics,Smartphone,Bengaluru,3,20946.6,0,UPI,Delivered
TXN002791,CUST1704,Books,Data Science Guide,Mumbai,8,28810.88,15,Cash on Delivery,Pending
TXN002792,CUST2876,Books,Novel,Delhi,4,36788.87,25,Cash on Delivery,Delivered
TXN002793,CUST2250,Sports,Cricket Bat,Bengaluru,7,5263.22,5,UPI,Delivered
TXN002794,CUST1929,Electronics,Smartphone,Chennai,6,27708.99,0,Debit Card,Delivered
TXN002795,CUST2202,Home & Kitchen,Cookware Set,Mumbai,8,41238.4,20,UPI,Cancelled
TXN002796,CUST2721,Books,Python Programming,Coimbatore,6,18185.22,5,UPI,Shipped
TXN002797,CUST0895,Electronics,Smartwatch,Mumbai,4,38174.6,15,UPI,Delivered
TXN002798,CUST1014,Books,Data Science Guide,Hyderabad,2,42286.5,10,UPI,Delivered
TXN002799,CUST2787,Home & Kitchen,Vacuum Cleaner,Kochi,7,41064.37,15,UPI,Delivered
TXN002800,CUST2441,Books,Python Programming,Bengaluru,4,32552.78,5,UPI,Delivered
TXN002801,CUST0336,Sports,Dumbbells,Chennai,9,35895.49,10,UPI,Delivered
TXN002802,CUST2153,Sports,Dumbbells,Bengaluru,9,39404.99,15,UPI,Shipped
TXN002803,CUST1830,Books,Machine Learning Basics,Coimbatore,7,36712.09,15,Cash on Delivery,Shipped
TXN002804,CUST2164,Electronics,Headphones,Pune,5,22638.84,5,Cash on Delivery,Delivered
TXN002805,CUST2883,Electronics,Smartphone,Coimbatore,3,8040.14,0,Cash on Delivery,Delivered
TXN002806,CUST1482,Electronics,Smartphone,Chennai,3,15555.56,20,Debit Card,Delivered
TXN002807,CUST0320,Books,Machine Learning Basics,Hyderabad,9,10441.6,15,Credit Card,Delivered
TXN002808,CUST2311,Electronics,Smartwatch,Delhi,9,18136.06,20,Debit Card,Pending
TXN002809,CUST0460,Home & Kitchen,Cookware Set,Kochi,4,24517.62,25,Debit Card,Delivered
TXN002810,CUST0253,Sports,Football,Kochi,1,47956.43,25,UPI,Delivered
TXN002811,CUST2244,Home & Kitchen,Table Lamp,Mumbai,10,47977.19,5,Cash on Delivery,Delivered
TXN002812,CUST2071,Electronics,Smartwatch,Mumbai,5,38502.47,5,UPI,Delivered
TXN002813,CUST0829,Home & Kitchen,Vacuum Cleaner,Coimbatore,8,49009.0,0,UPI,Delivered
TXN002814,CUST2346,Electronics,Smartphone,Bengaluru,10,49900.99,10,Cash on Delivery,Pending
TXN002815,CUST2199,Books,Novel,Pune,4,44274.31,20,UPI,Delivered
TXN002816,CUST0614,Home & Kitchen,Vacuum Cleaner,Bengaluru,10,4067.23,15,Credit Card,Delivered
TXN002817,CUST0674,Books,Machine Learning Basics,Hyderabad,10,21359.6,10,Credit Card,Shipped
TXN002818,CUST1344,Books,Python Programming,Delhi,4,26752.59,25,Debit Card,Pending
TXN002819,CUST2132,Clothing,T-Shirt,Kochi,9,6291.72,25,Cash on Delivery,Delivered
TXN002820,CUST1810,Electronics,Smartwatch,Bengaluru,9,40450.67,20,Credit Card,Delivered
TXN002821,CUST0477,Sports,Dumbbells,Kochi,7,7519.3,20,Debit Card,Delivered
TXN002822,CUST2787,Electronics,Laptop,Mumbai,10,19228.11,10,UPI,Delivered
TXN002823,CUST0842,Sports,Yoga Mat,Kochi,8,3538.72,10,Debit Card,Delivered
TXN002824,CUST2937,Electronics,Laptop,Pune,4,26277.2,0,Debit Card,Cancelled
TXN002825,CUST2389,Books,Novel,Kochi,8,29892.37,15,Credit Card,Delivered
TXN002826,CUST2003,Home & Kitchen,Cookware Set,Bengaluru,6,36785.32,15,Debit Card,Delivered
TXN002827,CUST0373,Home & Kitchen,Vacuum Cleaner,Pune,3,17039.13,15,Cash on Delivery,Delivered
TXN002828,CUST2091,Clothing,Shoes,Kochi,7,29567.52,25,UPI,Delivered
TXN002829,CUST1825,Sports,Dumbbells,Delhi,3,36733.95,25,Cash on Delivery,Shipped
TXN002830,CUST0228,Sports,Cricket Bat,Mumbai,7,38125.55,10,UPI,Delivered
TXN002831,CUST1858,Sports,Cricket Bat,Kochi,5,15151.93,0,Cash on Delivery,Delivered
TXN002832,CUST0541,Books,Data Science Guide,Pune,4,3478.43,5,UPI,Delivered
TXN002833,CUST2103,Sports,Cricket Bat,Bengaluru,3,1977.21,0,Cash on Delivery,Delivered
TXN002834,CUST1702,Home & Kitchen,Cookware Set,Mumbai,8,38426.21,25,UPI,Delivered
TXN002835,CUST1872,Books,Python Programming,Coimbatore,4,19333.4,10,Credit Card,Delivered
TXN002836,CUST2310,Electronics,Smartphone,Coimbatore,8,6783.74,0,Debit Card,Delivered
TXN002837,CUST0237,Sports,Cricket Bat,Hyderabad,10,9306.0,10,Debit Card,Delivered
TXN002838,CUST2289,Sports,Yoga Mat,Coimbatore,3,38330.91,20,Debit Card,Delivered
TXN002839,CUST1894,Electronics,Laptop,Bengaluru,10,29985.21,20,Debit Card,Delivered
TXN002840,CUST2756,Sports,Cricket Bat,Delhi,9,25120.02,5,UPI,Cancelled
TXN002841,CUST1263,Electronics,Smartphone,Mumbai,6,31188.08,25,Cash on Delivery,Delivered
TXN002842,CUST2963,Books,Machine Learning Basics,Pune,5,6961.23,20,Cash on Delivery,Delivered
TXN002843,CUST0090,Home & Kitchen,Cookware Set,Chennai,5,16020.21,5,Credit Card,Delivered
TXN002844,CUST1622,Electronics,Smartwatch,Coimbatore,3,18765.77,15,Debit Card,Delivered
TXN002845,CUST1043,Clothing,Shoes,Coimbatore,2,15793.44,10,Debit Card,Delivered
TXN002846,CUST0013,Electronics,Smartwatch,Chennai,6,43234.37,15,Credit Card,Shipped
TXN002847,CUST0893,Sports,Cricket Bat,Pune,1,29112.92,15,Debit Card,Delivered
TXN002848,CUST2369,Books,Data Science Guide,Pune,7,36493.14,5,Credit Card,Shipped
TXN002849,CUST0300,Books,Machine Learning Basics,Chennai,5,11911.63,10,Debit Card,Pending
TXN002850,CUST0186,Electronics,Smartwatch,Pune,4,13277.29,5,Cash on Delivery,Cancelled
TXN002851,CUST1736,Home & Kitchen,Cookware Set,Bengaluru,9,11344.27,0,Credit Card,Delivered
TXN002852,CUST1412,Clothing,Jeans,Pune,10,34430.18,15,Cash on Delivery,Delivered
TXN002853,CUST2869,Books,Data Science Guide,Mumbai,1,17517.15,10,Debit Card,Delivered
TXN002854,CUST0262,Sports,Yoga Mat,Pune,4,20313.7,15,Cash on Delivery,Delivered
TXN002855,CUST2217,Sports,Yoga Mat,Kochi,3,35485.17,0,Cash on Delivery,Shipped
TXN002856,CUST0247,Home & Kitchen,Vacuum Cleaner,Kochi,6,48592.76,25,UPI,Delivered
TXN002857,CUST0283,Books,Python Programming,Coimbatore,5,8177.58,0,Debit Card,Delivered
TXN002858,CUST1934,Electronics,Smartphone,Delhi,7,3227.55,25,UPI,Cancelled
TXN002859,CUST0130,Sports,Football,Bengaluru,1,9822.81,10,Credit Card,Delivered
TXN002860,CUST1176,Home & Kitchen,Table Lamp,Bengaluru,5,36774.54,10,UPI,Shipped
TXN002861,CUST1675,Books,Machine Learning Basics,Pune,2,9811.9,0,Debit Card,Delivered
TXN002862,CUST0738,Books,Data Science Guide,Delhi,2,29259.18,15,UPI,Delivered
TXN002863,CUST0555,Books,Data Science Guide,Delhi,2,29556.8,20,UPI,Pending
TXN002864,CUST2628,Books,Machine Learning Basics,Hyderabad,9,14791.71,15,Debit Card,Delivered
TXN002865,CUST2988,Books,Python Programming,Delhi,10,3529.44,20,Cash on Delivery,Delivered
TXN002866,CUST2646,Sports,Football,Pune,3,20020.11,5,Credit Card,Delivered
TXN002867,CUST1722,Home & Kitchen,Cookware Set,Pune,4,9420.59,10,UPI,Delivered
TXN002868,CUST1534,Books,Machine Learning Basics,Chennai,5,9305.21,0,Debit Card,Delivered
TXN002869,CUST1567,Clothing,Shoes,Coimbatore,4,26177.18,5,UPI,Delivered
TXN002870,CUST1838,Clothing,Jeans,Kochi,4,33688.74,15,Credit Card,Delivered
TXN002871,CUST1547,Home & Kitchen,Mixer,Hyderabad,5,3863.21,20,Credit Card,Delivered
TXN002872,CUST1539,Electronics,Smartwatch,Pune,10,28958.24,25,Credit Card,Shipped
TXN002873,CUST0329,Electronics,Smartwatch,Chennai,9,12385.46,10,UPI,Delivered
TXN002874,CUST2797,Electronics,Headphones,Hyderabad,9,33697.57,20,Cash on Delivery,Delivered
TXN002875,CUST2711,Clothing,T-Shirt,Coimbatore,6,40529.77,15,Cash on Delivery,Delivered
TXN002876,CUST2209,Electronics,Laptop,Hyderabad,3,40369.98,15,Cash on Delivery,Pending
TXN002877,CUST0545,Sports,Yoga Mat,Chennai,6,18556.08,0,Debit Card,Delivered
TXN002878,CUST2677,Books,Python Programming,Mumbai,10,28406.76,5,Cash on Delivery,Cancelled
TXN002879,CUST1425,Clothing,Jeans,Kochi,4,39705.39,10,Cash on Delivery,Delivered
TXN002880,CUST0486,Home & Kitchen,Mixer,Pune,3,3134.43,0,Credit Card,Cancelled
TXN002881,CUST0732,Home & Kitchen,Vacuum Cleaner,Kochi,6,30320.65,20,Debit Card,Pending
TXN002882,CUST2201,Books,Novel,Coimbatore,6,41842.45,5,Credit Card,Pending
TXN002883,CUST1610,Clothing,T-Shirt,Bengaluru,2,18680.61,10,UPI,Delivered
TXN002884,CUST2167,Electronics,Smartwatch,Coimbatore,9,22824.86,20,UPI,Delivered
TXN002885,CUST0522,Electronics,Laptop,Coimbatore,8,34966.53,10,Credit Card,Delivered
TXN002886,CUST2982,Sports,Dumbbells,Coimbatore,6,3487.45,10,Debit Card,Delivered
TXN002887,CUST0913,Sports,Cricket Bat,Mumbai,1,19343.23,25,Cash on Delivery,Delivered
TXN002888,CUST0015,Electronics,Smartphone,Pune,2,14855.97,25,Cash on Delivery,Delivered
TXN002889,CUST0094,Home & Kitchen,Mixer,Chennai,4,948.01,5,Debit Card,Delivered
TXN002890,CUST1223,Home & Kitchen,Vacuum Cleaner,Pune,7,9879.04,25,Cash on Delivery,Delivered
TXN002891,CUST1897,Sports,Football,Bengaluru,9,19854.59,20,Cash on Delivery,Delivered
TXN002892,CUST2759,Books,Data Science Guide,Chennai,10,9951.69,25,Credit Card,Delivered
TXN002893,CUST2946,Electronics,Laptop,Hyderabad,5,30159.68,0,UPI,Delivered
TXN002894,CUST2231,Sports,Cricket Bat,Hyderabad,10,22487.77,0,Debit Card,Delivered
TXN002895,CUST1738,Sports,Cricket Bat,Hyderabad,2,2070.12,0,Debit Card,Delivered
TXN002896,CUST2179,Electronics,Headphones,Chennai,1,13824.51,10,Cash on Delivery,Pending
TXN002897,CUST1554,Electronics,Headphones,Delhi,10,1071.89,15,Cash on Delivery,Pending
TXN002898,CUST0941,Home & Kitchen,Table Lamp,Mumbai,1,17970.95,5,UPI,Delivered
TXN002899,CUST1014,Books,Novel,Delhi,5,13029.59,0,Debit Card,Delivered
TXN002900,CUST1887,Books,Machine Learning Basics,Pune,7,34440.52,5,Credit Card,Pending
TXN002901,CUST1418,Electronics,Headphones,Hyderabad,9,15439.61,25,UPI,Shipped
TXN002902,CUST0636,Clothing,Shoes,Mumbai,9,18820.42,10,Credit Card,Delivered
TXN002903,CUST1130,Sports,Yoga Mat,Chennai,8,36294.16,5,UPI,Delivered
TXN002904,CUST0773,Sports,Yoga Mat,Hyderabad,1,24097.79,0,Credit Card,Delivered
TXN002905,CUST2970,Electronics,Smartwatch,Chennai,5,27867.07,0,Credit Card,Delivered
TXN002906,CUST0463,Clothing,T-Shirt,Mumbai,6,42083.2,10,Credit Card,Pending
TXN002907,CUST0132,Home & Kitchen,Vacuum Cleaner,Chennai,6,10423.73,10,Debit Card,Delivered
TXN002908,CUST2705,Electronics,Headphones,Chennai,4,49460.36,20,Cash on Delivery,Pending
TXN002909,CUST1718,Electronics,Headphones,Bengaluru,1,45015.24,10,Debit Card,Delivered
TXN002910,CUST2519,Sports,Dumbbells,Pune,3,14398.99,15,Credit Card,Delivered
TXN002911,CUST0065,Electronics,Smartphone,Delhi,10,44657.63,15,Cash on Delivery,Delivered
TXN002912,CUST0986,Electronics,Headphones,Kochi,4,37722.41,0,Credit Card,Delivered
TXN002913,CUST0845,Electronics,Smartphone,Delhi,4,46544.75,25,UPI,Delivered
TXN002914,CUST0276,Sports,Football,Delhi,4,34587.65,10,Cash on Delivery,Delivered
TXN002915,CUST0414,Home & Kitchen,Table Lamp,Coimbatore,5,33756.42,15,Debit Card,Delivered
TXN002916,CUST2433,Home & Kitchen,Cookware Set,Bengaluru,9,272.87,15,Credit Card,Delivered
TXN002917,CUST0138,Electronics,Laptop,Kochi,4,23783.12,20,Cash on Delivery,Delivered
TXN002918,CUST1829,Sports,Yoga Mat,Hyderabad,9,10093.4,25,Debit Card,Pending
TXN002919,CUST2449,Home & Kitchen,Table Lamp,Hyderabad,9,16271.66,25,UPI,Delivered
TXN002920,CUST2753,Home & Kitchen,Mixer,Hyderabad,1,48942.9,10,Credit Card,Delivered
TXN002921,CUST2881,Home & Kitchen,Cookware Set,Delhi,5,4366.55,20,Debit Card,Delivered
TXN002922,CUST0200,Sports,Dumbbells,Pune,9,36152.07,25,Cash on Delivery,Delivered
TXN002923,CUST1003,Sports,Yoga Mat,Delhi,4,8729.95,25,UPI,Cancelled
TXN002924,CUST0182,Electronics,Laptop,Kochi,5,469.33,5,Credit Card,Delivered
TXN002925,CUST1648,Books,Python Programming,Pune,4,25120.79,20,Debit Card,Delivered
TXN002926,CUST1798,Home & Kitchen,Cookware Set,Bengaluru,2,8144.64,25,UPI,Delivered
TXN002927,CUST0960,Books,Novel,Pune,10,48276.77,5,UPI,Delivered
TXN002928,CUST2211,Sports,Cricket Bat,Kochi,2,10264.47,5,Debit Card,Delivered
TXN002929,CUST0890,Sports,Yoga Mat,Chennai,2,9682.56,25,Credit Card,Pending
TXN002930,CUST0232,Sports,Dumbbells,Delhi,1,1705.13,10,Debit Card,Delivered
TXN002931,CUST0574,Books,Data Science Guide,Hyderabad,3,16558.0,5,UPI,Delivered
TXN002932,CUST2064,Sports,Yoga Mat,Chennai,10,1303.17,5,UPI,Delivered
TXN002933,CUST1185,Electronics,Headphones,Delhi,1,24994.44,20,Cash on Delivery,Delivered
TXN002934,CUST0960,Sports,Yoga Mat,Mumbai,4,25329.97,10,Credit Card,Pending
TXN002935,CUST2997,Clothing,Shoes,Coimbatore,1,2756.84,10,Debit Card,Shipped
TXN002936,CUST2360,Books,Novel,Delhi,4,12079.11,5,Credit Card,Delivered
TXN002937,CUST1307,Clothing,Jacket,Mumbai,3,41622.11,20,Credit Card,Delivered
TXN002938,CUST2366,Sports,Yoga Mat,Kochi,9,23180.98,20,UPI,Delivered
TXN002939,CUST2450,Electronics,Laptop,Bengaluru,1,21787.04,20,Cash on Delivery,Cancelled
TXN002940,CUST2755,Home & Kitchen,Mixer,Mumbai,8,34968.97,20,Debit Card,Delivered
TXN002941,CUST1314,Sports,Yoga Mat,Bengaluru,9,35772.61,0,Debit Card,Delivered
TXN002942,CUST0971,Electronics,Smartphone,Delhi,7,38121.93,25,Cash on Delivery,Shipped
TXN002943,CUST1237,Books,Novel,Bengaluru,1,41541.07,5,Cash on Delivery,Pending
TXN002944,CUST0587,Clothing,Shoes,Mumbai,4,11689.31,5,UPI,Delivered
TXN002945,CUST2705,Clothing,Jacket,Pune,10,3412.39,5,UPI,Cancelled
TXN002946,CUST2136,Clothing,Jacket,Coimbatore,1,19075.22,10,Debit Card,Delivered
TXN002947,CUST0906,Books,Python Programming,Chennai,4,42769.39,10,Cash on Delivery,Delivered
TXN002948,CUST1694,Electronics,Smartphone,Chennai,3,3993.63,20,Credit Card,Shipped
TXN002949,CUST1231,Books,Novel,Coimbatore,2,28840.09,25,Credit Card,Delivered
TXN002950,CUST1128,Clothing,Jeans,Hyderabad,1,35084.04,10,Cash on Delivery,Pending
TXN002951,CUST0250,Sports,Dumbbells,Chennai,6,24122.22,15,Debit Card,Pending
TXN002952,CUST2281,Home & Kitchen,Cookware Set,Kochi,7,12833.25,5,Credit Card,Cancelled
TXN002953,CUST2424,Books,Machine Learning Basics,Delhi,6,16382.84,5,Credit Card,Shipped
TXN002954,CUST0718,Books,Data Science Guide,Hyderabad,9,3675.44,0,Cash on Delivery,Delivered
TXN002955,CUST2565,Electronics,Headphones,Delhi,9,14699.92,0,UPI,Delivered
TXN002956,CUST2781,Electronics,Smartwatch,Mumbai,2,2314.46,15,Credit Card,Delivered
TXN002957,CUST1750,Books,Machine Learning Basics,Kochi,2,36343.62,0,UPI,Shipped
TXN002958,CUST2277,Clothing,T-Shirt,Mumbai,9,44909.96,25,Credit Card,Delivered
TXN002959,CUST2031,Home & Kitchen,Vacuum Cleaner,Hyderabad,1,31712.31,20,Debit Card,Cancelled
TXN002960,CUST0193,Electronics,Smartphone,Hyderabad,5,32869.49,20,UPI,Pending
TXN002961,CUST1411,Clothing,Shoes,Kochi,1,23659.9,5,Debit Card,Delivered
TXN002962,CUST2636,Sports,Cricket Bat,Kochi,7,7886.22,20,UPI,Delivered
TXN002963,CUST2750,Electronics,Laptop,Hyderabad,9,485.48,0,Cash on Delivery,Delivered
TXN002964,CUST1562,Clothing,Jacket,Hyderabad,6,17264.4,15,Cash on Delivery,Delivered
TXN002965,CUST2149,Clothing,T-Shirt,Bengaluru,2,37599.28,25,Credit Card,Cancelled
TXN002966,CUST1306,Home & Kitchen,Mixer,Pune,6,48025.54,20,Debit Card,Delivered
TXN002967,CUST2853,Home & Kitchen,Table Lamp,Hyderabad,9,21611.14,5,UPI,Shipped
TXN002968,CUST1706,Sports,Yoga Mat,Kochi,3,18333.01,5,Debit Card,Delivered
TXN002969,CUST1673,Clothing,T-Shirt,Pune,9,22353.33,25,Debit Card,Delivered
TXN002970,CUST0612,Clothing,Shoes,Hyderabad,8,21445.97,0,Credit Card,Delivered
TXN002971,CUST1229,Home & Kitchen,Vacuum Cleaner,Mumbai,7,31331.4,20,Cash on Delivery,Shipped
TXN002972,CUST1542,Electronics,Smartphone,Delhi,8,36733.96,0,UPI,Delivered
TXN002973,CUST0754,Electronics,Smartphone,Pune,10,39269.41,5,Credit Card,Pending
TXN002974,CUST2204,Books,Machine Learning Basics,Mumbai,6,32515.28,15,Debit Card,Delivered
TXN002975,CUST1940,Home & Kitchen,Cookware Set,Chennai,3,21942.43,20,Cash on Delivery,Delivered
TXN002976,CUST0988,Books,Machine Learning Basics,Kochi,7,47510.18,15,Cash on Delivery,Delivered
TXN002977,CUST0924,Home & Kitchen,Vacuum Cleaner,Bengaluru,4,35579.88,25,UPI,Delivered
TXN002978,CUST1232,Sports,Football,Bengaluru,10,21390.24,20,Cash on Delivery,Delivered
TXN002979,CUST2899,Clothing,T-Shirt,Delhi,5,22384.43,5,Debit Card,Delivered
TXN002980,CUST0592,Sports,Yoga Mat,Hyderabad,8,40917.24,20,Cash on Delivery,Delivered
TXN002981,CUST1897,Home & Kitchen,Cookware Set,Mumbai,7,22082.99,5,Debit Card,Delivered
TXN002982,CUST0237,Clothing,Jeans,Chennai,7,25862.05,10,UPI,Delivered
TXN002983,CUST2304,Electronics,Smartwatch,Mumbai,8,14648.46,5,Debit Card,Delivered
TXN002984,CUST1691,Electronics,Smartphone,Kochi,10,41961.85,5,Cash on Delivery,Pending
TXN002985,CUST1707,Books,Machine Learning Basics,Kochi,3,26162.05,25,Cash on Delivery,Delivered
TXN002986,CUST2283,Home & Kitchen,Cookware Set,Hyderabad,3,27671.54,20,UPI,Delivered
TXN002987,CUST2171,Home & Kitchen,Mixer,Hyderabad,2,44045.7,15,UPI,Pending
TXN002988,CUST0550,Electronics,Smartwatch,Kochi,1,46033.81,5,Cash on Delivery,Delivered
TXN002989,CUST1591,Sports,Yoga Mat,Coimbatore,10,41227.27,20,UPI,Delivered
TXN002990,CUST0995,Clothing,Jeans,Kochi,6,3361.98,5,Debit Card,Delivered
TXN002991,CUST1045,Sports,Dumbbells,Mumbai,6,22231.1,0,Credit Card,Cancelled
TXN002992,CUST0833,Sports,Dumbbells,Delhi,10,17232.21,0,Debit Card,Delivered
TXN002993,CUST1353,Electronics,Smartwatch,Mumbai,8,10754.39,0,Debit Card,Delivered
TXN002994,CUST2649,Electronics,Smartphone,Bengaluru,6,45456.8,0,UPI,Delivered
TXN002995,CUST0324,Electronics,Headphones,Chennai,6,44514.44,15,Credit Card,Delivered
TXN002996,CUST1843,Books,Machine Learning Basics,Pune,1,23318.36,25,Cash on Delivery,Shipped
TXN002997,CUST1520,Sports,Yoga Mat,Delhi,7,6814.59,5,UPI,Pending
TXN002998,CUST0379,Home & Kitchen,Cookware Set,Coimbatore,7,766.94,0,Debit Card,Delivered
TXN002999,CUST2194,Clothing,Shoes,Chennai,10,21979.51,20,Credit Card,Delivered
TXN003000,CUST2968,Books,Machine Learning Basics,Chennai,9,2093.76,0,UPI,Delivered
TXN003001,CUST0781,Home & Kitchen,Cookware Set,Pune,7,30516.84,10,Debit Card,Shipped
TXN003002,CUST0212,Sports,Football,Bengaluru,8,30459.6,10,Debit Card,Delivered
TXN003003,CUST1100,Electronics,Headphones,Bengaluru,4,44957.08,25,Cash on Delivery,Cancelled
TXN003004,CUST1545,Sports,Football,Bengaluru,9,9583.45,15,Cash on Delivery,Delivered
TXN003005,CUST2760,Clothing,Shoes,Delhi,1,18632.57,10,Credit Card,Cancelled
TXN003006,CUST2478,Books,Data Science Guide,Mumbai,8,42991.31,20,Debit Card,Delivered
TXN003007,CUST2470,Books,Machine Learning Basics,Chennai,3,23767.4,0,Debit Card,Delivered
TXN003008,CUST0162,Clothing,Jacket,Mumbai,1,3080.19,10,Cash on Delivery,Delivered
TXN003009,CUST0299,Home & Kitchen,Mixer,Mumbai,2,5628.12,10,Debit Card,Shipped
TXN003010,CUST0771,Home & Kitchen,Vacuum Cleaner,Bengaluru,6,40691.38,15,Cash on Delivery,Delivered
TXN003011,CUST2407,Books,Novel,Mumbai,5,37210.5,10,Debit Card,Delivered
TXN003012,CUST2967,Books,Data Science Guide,Chennai,3,43806.49,0,Cash on Delivery,Pending
TXN003013,CUST2751,Electronics,Smartwatch,Chennai,9,6031.17,25,Cash on Delivery,Shipped
TXN003014,CUST2290,Home & Kitchen,Table Lamp,Hyderabad,8,38044.8,25,Credit Card,Cancelled
TXN003015,CUST0889,Clothing,T-Shirt,Coimbatore,3,32789.71,25,Debit Card,Delivered
TXN003016,CUST1964,Home & Kitchen,Cookware Set,Delhi,2,11691.43,5,Debit Card,Shipped
TXN003017,CUST0856,Electronics,Smartwatch,Mumbai,8,48697.83,0,Cash on Delivery,Delivered
TXN003018,CUST1364,Books,Machine Learning Basics,Delhi,5,28560.71,10,Debit Card,Cancelled
TXN003019,CUST1242,Books,Machine Learning Basics,Delhi,9,45353.21,10,Cash on Delivery,Shipped
TXN003020,CUST0063,Electronics,Smartwatch,Delhi,1,42968.75,10,Credit Card,Delivered
TXN003021,CUST0868,Clothing,Jacket,Pune,10,16722.96,15,Credit Card,Delivered
TXN003022,CUST0779,Books,Novel,Kochi,3,26844.25,20,Cash on Delivery,Delivered
TXN003023,CUST0481,Sports,Dumbbells,Hyderabad,5,21625.28,0,UPI,Cancelled
TXN003024,CUST1962,Books,Novel,Delhi,2,35482.97,25,Credit Card,Delivered
TXN003025,CUST0994,Sports,Dumbbells,Kochi,3,29443.3,10,Debit Card,Delivered
TXN003026,CUST2850,Electronics,Smartwatch,Kochi,4,39264.19,5,Cash on Delivery,Pending
TXN003027,CUST2476,Electronics,Smartphone,Hyderabad,4,686.44,15,Cash on Delivery,Delivered
TXN003028,CUST2883,Books,Python Programming,Chennai,9,34420.88,20,Credit Card,Shipped
TXN003029,CUST0838,Home & Kitchen,Table Lamp,Pune,1,16021.35,10,Cash on Delivery,Delivered
TXN003030,CUST1625,Sports,Cricket Bat,Mumbai,9,11288.68,25,Credit Card,Delivered
TXN003031,CUST0981,Clothing,Jeans,Hyderabad,9,40081.94,0,Cash on Delivery,Shipped
TXN003032,CUST2262,Books,Machine Learning Basics,Coimbatore,6,4552.14,5,Credit Card,Delivered
TXN003033,CUST1318,Clothing,Jeans,Kochi,1,11500.16,25,Debit Card,Delivered
TXN003034,CUST1160,Books,Machine Learning Basics,Delhi,6,10266.34,15,UPI,Shipped
TXN003035,CUST1560,Home & Kitchen,Cookware Set,Kochi,8,21049.29,0,UPI,Delivered
TXN003036,CUST1910,Home & Kitchen,Vacuum Cleaner,Pune,5,16184.61,0,UPI,Delivered
TXN003037,CUST2186,Home & Kitchen,Mixer,Coimbatore,5,36051.37,15,UPI,Delivered
TXN003038,CUST2658,Home & Kitchen,Table Lamp,Chennai,1,34998.56,0,Credit Card,Shipped
TXN003039,CUST1472,Electronics,Laptop,Chennai,1,16341.0,5,Cash on Delivery,Delivered
TXN003040,CUST1264,Electronics,Smartwatch,Bengaluru,8,21905.34,5,UPI,Delivered
TXN003041,CUST1072,Sports,Cricket Bat,Delhi,5,10474.62,0,Cash on Delivery,Cancelled
TXN003042,CUST1474,Clothing,Shoes,Bengaluru,8,33574.66,10,Credit Card,Delivered
TXN003043,CUST2101,Books,Novel,Pune,10,19871.51,0,Credit Card,Delivered
TXN003044,CUST2037,Books,Python Programming,Coimbatore,2,6728.02,10,UPI,Delivered
TXN003045,CUST1909,Electronics,Smartphone,Kochi,4,6450.55,0,Debit Card,Shipped
TXN003046,CUST0404,Books,Python Programming,Mumbai,10,16183.8,25,UPI,Delivered
TXN003047,CUST2960,Electronics,Headphones,Bengaluru,9,37391.52,20,Cash on Delivery,Delivered
TXN003048,CUST1924,Sports,Cricket Bat,Chennai,3,1372.67,5,UPI,Cancelled
TXN003049,CUST1312,Clothing,Jacket,Delhi,6,12962.96,0,Credit Card,Delivered
TXN003050,CUST0833,Sports,Cricket Bat,Kochi,7,8208.06,5,Credit Card,Delivered
TXN003051,CUST1519,Home & Kitchen,Vacuum Cleaner,Coimbatore,3,47828.24,15,Cash on Delivery,Delivered
TXN003052,CUST1282,Home & Kitchen,Table Lamp,Hyderabad,1,35293.55,20,Cash on Delivery,Pending
TXN003053,CUST1696,Home & Kitchen,Vacuum Cleaner,Pune,2,11738.31,10,Cash on Delivery,Delivered
TXN003054,CUST0188,Sports,Cricket Bat,Pune,10,10452.28,15,UPI,Delivered
TXN003055,CUST2305,Books,Python Programming,Chennai,7,42915.72,20,UPI,Delivered
TXN003056,CUST0907,Clothing,T-Shirt,Hyderabad,7,9592.31,15,Debit Card,Delivered
TXN003057,CUST0598,Home & Kitchen,Cookware Set,Pune,1,49853.25,5,Cash on Delivery,Shipped
TXN003058,CUST0067,Home & Kitchen,Cookware Set,Mumbai,10,14186.93,25,Debit Card,Delivered
TXN003059,CUST1069,Home & Kitchen,Table Lamp,Kochi,7,4308.2,20,Debit Card,Delivered
TXN003060,CUST2267,Clothing,Jeans,Delhi,10,34578.0,15,Credit Card,Delivered
TXN003061,CUST2393,Home & Kitchen,Cookware Set,Kochi,6,30521.18,10,Debit Card,Delivered
TXN003062,CUST2373,Clothing,Jeans,Mumbai,6,49991.13,20,Credit Card,Delivered
TXN003063,CUST2950,Home & Kitchen,Vacuum Cleaner,Pune,7,40124.08,20,Cash on Delivery,Delivered
TXN003064,CUST1711,Sports,Yoga Mat,Mumbai,7,21498.94,15,Credit Card,Shipped
TXN003065,CUST1210,Sports,Cricket Bat,Kochi,1,33862.91,25,Cash on Delivery,Delivered
TXN003066,CUST0625,Clothing,Shoes,Pune,10,40910.69,0,UPI,Pending
TXN003067,CUST0804,Sports,Football,Delhi,5,25734.95,10,Debit Card,Delivered
TXN003068,CUST1352,Clothing,T-Shirt,Delhi,8,13716.29,10,Cash on Delivery,Delivered
TXN003069,CUST0943,Sports,Cricket Bat,Hyderabad,8,10584.27,15,UPI,Delivered
TXN003070,CUST1556,Sports,Cricket Bat,Mumbai,3,14834.54,25,UPI,Delivered
TXN003071,CUST2334,Clothing,Jeans,Coimbatore,3,42418.63,5,Cash on Delivery,Shipped
TXN003072,CUST1007,Books,Python Programming,Hyderabad,7,19083.58,5,Credit Card,Cancelled
TXN003073,CUST2046,Sports,Cricket Bat,Delhi,4,14404.54,0,Cash on Delivery,Shipped
TXN003074,CUST2256,Home & Kitchen,Cookware Set,Chennai,6,40313.77,0,Debit Card,Delivered
TXN003075,CUST2682,Books,Data Science Guide,Pune,9,1692.83,15,UPI,Delivered
TXN003076,CUST2806,Clothing,T-Shirt,Hyderabad,10,29738.52,25,Credit Card,Delivered
TXN003077,CUST1383,Books,Novel,Bengaluru,2,43694.23,5,Cash on Delivery,Pending
TXN003078,CUST1055,Electronics,Smartphone,Coimbatore,2,20563.18,10,Cash on Delivery,Delivered
TXN003079,CUST2002,Electronics,Smartwatch,Pune,6,13538.98,25,UPI,Cancelled
TXN003080,CUST2964,Sports,Dumbbells,Hyderabad,3,24636.28,5,Cash on Delivery,Delivered
TXN003081,CUST2629,Sports,Cricket Bat,Delhi,1,35902.11,25,Debit Card,Pending
TXN003082,CUST2010,Home & Kitchen,Mixer,Kochi,2,25878.62,15,Credit Card,Delivered
TXN003083,CUST1888,Books,Machine Learning Basics,Delhi,7,481.19,5,Debit Card,Cancelled
TXN003084,CUST0690,Electronics,Smartwatch,Coimbatore,4,4008.4,20,UPI,Delivered
TXN003085,CUST1443,Sports,Dumbbells,Bengaluru,2,36094.29,15,Credit Card,Delivered
TXN003086,CUST0694,Books,Data Science Guide,Hyderabad,8,20057.57,20,UPI,Delivered
TXN003087,CUST0574,Sports,Football,Kochi,4,39260.31,25,UPI,Delivered
TXN003088,CUST2951,Sports,Yoga Mat,Hyderabad,4,32509.55,15,Debit Card,Shipped
TXN003089,CUST2239,Electronics,Smartwatch,Mumbai,2,29117.64,10,Credit Card,Delivered
TXN003090,CUST2001,Electronics,Smartphone,Chennai,1,45078.62,15,UPI,Cancelled
TXN003091,CUST0754,Sports,Dumbbells,Delhi,1,1163.97,15,Debit Card,Delivered
TXN003092,CUST2221,Clothing,Jeans,Hyderabad,3,7836.21,15,Debit Card,Delivered
TXN003093,CUST2629,Sports,Cricket Bat,Hyderabad,6,31256.36,15,Credit Card,Delivered
TXN003094,CUST0241,Sports,Football,Pune,7,3384.82,0,Cash on Delivery,Delivered
TXN003095,CUST2147,Home & Kitchen,Cookware Set,Pune,9,32284.03,20,Cash on Delivery,Delivered
TXN003096,CUST0139,Home & Kitchen,Cookware Set,Hyderabad,5,49207.64,15,UPI,Delivered
TXN003097,CUST0305,Home & Kitchen,Cookware Set,Bengaluru,9,43952.52,15,Cash on Delivery,Delivered
TXN003098,CUST2738,Clothing,Jeans,Chennai,8,29586.75,25,Credit Card,Delivered
TXN003099,CUST0199,Clothing,Shoes,Hyderabad,1,44709.44,0,Cash on Delivery,Delivered
TXN003100,CUST0027,Sports,Dumbbells,Coimbatore,3,5901.78,5,Credit Card,Delivered
TXN003101,CUST1690,Home & Kitchen,Vacuum Cleaner,Delhi,8,22789.24,25,UPI,Pending
TXN003102,CUST0564,Clothing,Jacket,Mumbai,9,21490.94,25,Cash on Delivery,Delivered
TXN003103,CUST2584,Electronics,Smartphone,Pune,4,16888.73,0,Credit Card,Delivered
TXN003104,CUST0948,Sports,Dumbbells,Coimbatore,6,110.05,0,Credit Card,Cancelled
TXN003105,CUST0279,Books,Machine Learning Basics,Delhi,4,44562.35,0,Credit Card,Delivered
TXN003106,CUST2897,Sports,Yoga Mat,Kochi,9,38907.56,25,Debit Card,Cancelled
TXN003107,CUST0619,Books,Novel,Pune,2,32677.59,25,UPI,Delivered
TXN003108,CUST0038,Home & Kitchen,Table Lamp,Bengaluru,6,6535.45,15,Credit Card,Pending
TXN003109,CUST0896,Books,Python Programming,Pune,3,18972.44,0,Debit Card,Delivered
TXN003110,CUST2072,Home & Kitchen,Table Lamp,Chennai,10,46223.92,0,Debit Card,Delivered
TXN003111,CUST1868,Electronics,Smartwatch,Chennai,4,30884.79,25,Credit Card,Shipped
TXN003112,CUST1529,Books,Novel,Delhi,2,30210.19,25,UPI,Delivered
TXN003113,CUST0248,Sports,Football,Coimbatore,8,45665.02,0,Cash on Delivery,Delivered
TXN003114,CUST2531,Home & Kitchen,Mixer,Mumbai,10,28035.7,15,Debit Card,Delivered
TXN003115,CUST2613,Sports,Yoga Mat,Bengaluru,8,29921.4,10,Credit Card,Shipped
TXN003116,CUST2732,Clothing,Shoes,Delhi,1,17351.21,10,UPI,Delivered
TXN003117,CUST2526,Home & Kitchen,Mixer,Kochi,10,18634.9,5,UPI,Cancelled
TXN003118,CUST1980,Books,Novel,Bengaluru,6,34311.78,15,Credit Card,Pending
TXN003119,CUST2701,Home & Kitchen,Mixer,Chennai,1,16089.72,25,Debit Card,Delivered
TXN003120,CUST1999,Sports,Yoga Mat,Hyderabad,6,27999.49,0,Cash on Delivery,Delivered
TXN003121,CUST0065,Electronics,Smartphone,Hyderabad,7,14031.91,0,UPI,Delivered
TXN003122,CUST0028,Home & Kitchen,Table Lamp,Mumbai,2,8389.65,0,Cash on Delivery,Delivered
TXN003123,CUST2180,Books,Python Programming,Bengaluru,9,22774.68,10,UPI,Delivered
TXN003124,CUST2260,Clothing,Jacket,Delhi,8,10950.56,25,UPI,Delivered
TXN003125,CUST1685,Electronics,Laptop,Mumbai,9,44934.87,0,UPI,Delivered
TXN003126,CUST0049,Clothing,Shoes,Pune,10,15250.29,0,Debit Card,Delivered
TXN003127,CUST0069,Home & Kitchen,Table Lamp,Pune,4,29910.36,10,Debit Card,Delivered
TXN003128,CUST2169,Sports,Yoga Mat,Kochi,4,13245.75,0,Credit Card,Shipped
TXN003129,CUST2959,Sports,Cricket Bat,Coimbatore,8,12975.16,5,Cash on Delivery,Cancelled
TXN003130,CUST1126,Books,Data Science Guide,Hyderabad,1,17596.74,25,Cash on Delivery,Delivered
TXN003131,CUST2195,Sports,Yoga Mat,Delhi,8,45802.14,20,Credit Card,Shipped
TXN003132,CUST1175,Electronics,Laptop,Bengaluru,7,19635.74,5,Debit Card,Shipped
TXN003133,CUST0071,Sports,Yoga Mat,Mumbai,7,41081.2,15,Cash on Delivery,Delivered
TXN003134,CUST2058,Books,Novel,Delhi,9,9945.17,5,Credit Card,Delivered
TXN003135,CUST2859,Home & Kitchen,Mixer,Mumbai,10,2503.66,5,UPI,Pending
TXN003136,CUST2761,Home & Kitchen,Cookware Set,Mumbai,7,39105.73,10,Cash on Delivery,Shipped
TXN003137,CUST1764,Sports,Football,Mumbai,2,27139.56,15,Debit Card,Cancelled
TXN003138,CUST0735,Clothing,Jacket,Bengaluru,1,25235.92,25,Cash on Delivery,Delivered
TXN003139,CUST0439,Home & Kitchen,Vacuum Cleaner,Delhi,1,13683.07,25,UPI,Delivered
TXN003140,CUST0395,Sports,Dumbbells,Chennai,7,3708.62,5,Debit Card,Delivered
TXN003141,CUST2148,Books,Data Science Guide,Chennai,5,24194.72,20,Debit Card,Delivered
TXN003142,CUST0610,Sports,Yoga Mat,Bengaluru,4,43374.6,5,Credit Card,Delivered
TXN003143,CUST0988,Home & Kitchen,Vacuum Cleaner,Pune,5,6089.1,0,Debit Card,Delivered
TXN003144,CUST0787,Books,Novel,Bengaluru,10,46465.63,10,Credit Card,Delivered
TXN003145,CUST2539,Sports,Cricket Bat,Hyderabad,10,13808.98,0,Debit Card,Delivered
TXN003146,CUST2157,Electronics,Smartwatch,Mumbai,6,26656.1,15,UPI,Shipped
TXN003147,CUST1034,Books,Novel,Delhi,10,3418.77,15,UPI,Delivered
TXN003148,CUST1452,Electronics,Smartwatch,Delhi,6,21309.83,10,UPI,Delivered
TXN003149,CUST1095,Clothing,Jeans,Coimbatore,1,6382.3,5,UPI,Delivered
TXN003150,CUST1626,Books,Machine Learning Basics,Coimbatore,2,2493.89,15,UPI,Delivered
TXN003151,CUST0324,Electronics,Laptop,Kochi,3,48331.23,20,Cash on Delivery,Pending
TXN003152,CUST1529,Home & Kitchen,Vacuum Cleaner,Chennai,4,36531.72,10,UPI,Cancelled
TXN003153,CUST1664,Home & Kitchen,Vacuum Cleaner,Coimbatore,6,35980.98,0,Debit Card,Delivered
TXN003154,CUST1881,Clothing,Shoes,Coimbatore,9,4618.43,20,Credit Card,Pending
TXN003155,CUST2315,Books,Python Programming,Chennai,2,46474.59,25,Cash on Delivery,Delivered
TXN003156,CUST0997,Books,Python Programming,Hyderabad,8,23526.48,10,Debit Card,Delivered
TXN003157,CUST2856,Books,Python Programming,Pune,9,42628.97,20,UPI,Delivered
TXN003158,CUST0926,Clothing,Jeans,Chennai,2,728.79,10,UPI,Shipped
TXN003159,CUST1229,Books,Data Science Guide,Pune,9,14980.5,0,Debit Card,Delivered
TXN003160,CUST2802,Home & Kitchen,Mixer,Kochi,7,49802.75,5,Cash on Delivery,Delivered
TXN003161,CUST0331,Electronics,Smartphone,Coimbatore,9,21449.12,10,Credit Card,Delivered
TXN003162,CUST2678,Home & Kitchen,Table Lamp,Delhi,6,44435.83,15,Credit Card,Delivered
TXN003163,CUST2662,Home & Kitchen,Table Lamp,Coimbatore,2,16467.12,0,Credit Card,Delivered
TXN003164,CUST0130,Electronics,Headphones,Mumbai,8,26313.92,0,Credit Card,Delivered
TXN003165,CUST0383,Home & Kitchen,Cookware Set,Kochi,10,42725.53,20,UPI,Delivered
TXN003166,CUST1661,Clothing,Jeans,Pune,9,30330.45,15,Cash on Delivery,Pending
TXN003167,CUST1554,Electronics,Smartphone,Pune,8,36287.1,20,UPI,Delivered
TXN003168,CUST1545,Home & Kitchen,Cookware Set,Mumbai,2,11518.78,25,Cash on Delivery,Shipped
TXN003169,CUST2264,Sports,Dumbbells,Mumbai,8,7878.93,0,Credit Card,Delivered
TXN003170,CUST1950,Home & Kitchen,Table Lamp,Hyderabad,3,11592.29,10,Debit Card,Delivered
TXN003171,CUST0230,Clothing,T-Shirt,Bengaluru,3,24703.13,25,Debit Card,Delivered
TXN003172,CUST2609,Books,Python Programming,Mumbai,9,40068.14,15,UPI,Shipped
TXN003173,CUST0039,Home & Kitchen,Vacuum Cleaner,Pune,9,17764.29,0,Debit Card,Delivered
TXN003174,CUST2879,Books,Python Programming,Delhi,9,28284.31,15,UPI,Shipped
TXN003175,CUST0702,Sports,Cricket Bat,Pune,4,40260.14,25,UPI,Delivered
TXN003176,CUST0339,Home & Kitchen,Mixer,Pune,7,12014.95,10,Cash on Delivery,Pending
TXN003177,CUST2048,Electronics,Smartwatch,Hyderabad,8,44160.49,5,Credit Card,Shipped
TXN003178,CUST1778,Books,Machine Learning Basics,Bengaluru,5,47658.81,20,Credit Card,Delivered
TXN003179,CUST2642,Sports,Cricket Bat,Bengaluru,1,2044.61,20,Credit Card,Delivered
TXN003180,CUST1357,Electronics,Laptop,Mumbai,9,3049.64,25,Credit Card,Delivered
TXN003181,CUST2318,Electronics,Headphones,Kochi,6,4638.89,0,Cash on Delivery,Pending
TXN003182,CUST0391,Electronics,Smartphone,Coimbatore,3,38860.74,0,Credit Card,Delivered
TXN003183,CUST2164,Electronics,Smartwatch,Pune,3,9547.91,10,Credit Card,Pending
TXN003184,CUST0175,Home & Kitchen,Table Lamp,Chennai,10,36312.23,0,Debit Card,Pending
TXN003185,CUST0942,Home & Kitchen,Cookware Set,Coimbatore,1,22119.68,0,Credit Card,Delivered
TXN003186,CUST0866,Home & Kitchen,Cookware Set,Coimbatore,8,41829.12,0,Credit Card,Delivered
TXN003187,CUST2836,Sports,Football,Bengaluru,2,40446.92,15,UPI,Pending
TXN003188,CUST2322,Sports,Yoga Mat,Bengaluru,1,47987.16,15,UPI,Delivered
TXN003189,CUST1948,Sports,Dumbbells,Hyderabad,7,12626.79,5,Credit Card,Shipped
TXN003190,CUST1111,Clothing,Shoes,Hyderabad,9,11539.03,15,UPI,Delivered
TXN003191,CUST0191,Sports,Yoga Mat,Bengaluru,6,1672.25,20,Debit Card,Pending
TXN003192,CUST0305,Home & Kitchen,Cookware Set,Delhi,8,20579.76,25,Debit Card,Delivered
TXN003193,CUST2804,Home & Kitchen,Cookware Set,Delhi,8,23007.25,5,Debit Card,Pending
TXN003194,CUST1149,Clothing,Jeans,Chennai,9,48229.24,0,Cash on Delivery,Delivered
TXN003195,CUST2225,Clothing,Shoes,Bengaluru,7,41556.19,20,Debit Card,Delivered
TXN003196,CUST2309,Sports,Football,Mumbai,9,8422.91,5,Credit Card,Delivered
TXN003197,CUST2696,Books,Python Programming,Hyderabad,9,39944.62,25,Debit Card,Shipped
TXN003198,CUST0135,Clothing,T-Shirt,Bengaluru,1,8997.13,5,Debit Card,Delivered
TXN003199,CUST0735,Electronics,Smartphone,Delhi,6,3980.48,20,Debit Card,Shipped
TXN003200,CUST1289,Home & Kitchen,Cookware Set,Bengaluru,8,41870.43,5,Debit Card,Delivered
TXN003201,CUST0065,Electronics,Smartphone,Delhi,10,48800.38,20,UPI,Delivered
TXN003202,CUST0849,Home & Kitchen,Cookware Set,Bengaluru,9,4497.12,5,Debit Card,Delivered
TXN003203,CUST2405,Home & Kitchen,Mixer,Pune,4,40714.85,5,Debit Card,Delivered
TXN003204,CUST0591,Clothing,Jacket,Mumbai,2,42974.71,5,UPI,Pending
TXN003205,CUST2920,Clothing,Shoes,Kochi,9,6025.9,20,UPI,Delivered
TXN003206,CUST1632,Electronics,Smartphone,Chennai,9,14234.35,5,Cash on Delivery,Shipped
TXN003207,CUST0316,Home & Kitchen,Vacuum Cleaner,Pune,8,36709.67,25,Credit Card,Delivered
TXN003208,CUST1226,Electronics,Laptop,Mumbai,3,40405.74,25,Cash on Delivery,Delivered
TXN003209,CUST0666,Books,Novel,Delhi,5,17763.31,15,UPI,Delivered
TXN003210,CUST2310,Electronics,Laptop,Hyderabad,2,8080.48,15,UPI,Delivered
TXN003211,CUST0985,Sports,Football,Hyderabad,3,32452.39,15,UPI,Delivered
TXN003212,CUST2322,Electronics,Smartwatch,Coimbatore,1,35128.23,15,Cash on Delivery,Delivered
TXN003213,CUST1594,Sports,Yoga Mat,Mumbai,4,25230.03,15,Debit Card,Cancelled
TXN003214,CUST2774,Sports,Yoga Mat,Bengaluru,5,7332.56,25,Credit Card,Delivered
TXN003215,CUST2215,Sports,Football,Chennai,2,42239.89,0,Credit Card,Pending
TXN003216,CUST1359,Books,Python Programming,Bengaluru,3,32298.77,5,Debit Card,Delivered
TXN003217,CUST1573,Electronics,Smartwatch,Bengaluru,6,43471.3,25,Credit Card,Delivered
TXN003218,CUST0574,Electronics,Smartwatch,Mumbai,6,46655.16,25,Debit Card,Delivered
TXN003219,CUST2824,Books,Novel,Kochi,7,40304.32,10,Cash on Delivery,Cancelled
TXN003220,CUST2967,Home & Kitchen,Mixer,Chennai,9,47937.0,0,UPI,Delivered
TXN003221,CUST0322,Clothing,T-Shirt,Coimbatore,4,47717.46,20,Debit Card,Delivered
TXN003222,CUST2052,Electronics,Laptop,Pune,5,31005.29,0,Debit Card,Delivered
TXN003223,CUST1417,Clothing,Jacket,Bengaluru,2,36435.89,10,UPI,Delivered
TXN003224,CUST0220,Books,Python Programming,Chennai,6,35000.49,25,UPI,Shipped
TXN003225,CUST0401,Home & Kitchen,Mixer,Coimbatore,4,31094.7,0,Credit Card,Shipped
TXN003226,CUST1791,Home & Kitchen,Table Lamp,Pune,5,1065.82,5,Debit Card,Delivered
TXN003227,CUST0951,Home & Kitchen,Cookware Set,Bengaluru,7,17859.74,15,UPI,Delivered
TXN003228,CUST0312,Books,Python Programming,Chennai,6,5093.91,5,Credit Card,Pending
TXN003229,CUST1396,Sports,Yoga Mat,Pune,8,15082.93,0,Cash on Delivery,Delivered
TXN003230,CUST2479,Sports,Cricket Bat,Mumbai,6,3521.38,25,Debit Card,Cancelled
TXN003231,CUST2515,Clothing,Jeans,Kochi,10,46009.57,25,Cash on Delivery,Delivered
TXN003232,CUST2440,Sports,Yoga Mat,Hyderabad,8,22621.36,10,UPI,Delivered
TXN003233,CUST1625,Sports,Yoga Mat,Hyderabad,4,9549.29,20,UPI,Delivered
TXN003234,CUST1337,Home & Kitchen,Table Lamp,Bengaluru,7,29280.48,5,Debit Card,Shipped
TXN003235,CUST0122,Home & Kitchen,Vacuum Cleaner,Bengaluru,3,9902.9,10,Cash on Delivery,Delivered
TXN003236,CUST2598,Clothing,T-Shirt,Pune,1,40241.57,20,UPI,Delivered
TXN003237,CUST1120,Electronics,Laptop,Chennai,9,15365.36,15,Debit Card,Delivered
TXN003238,CUST1846,Clothing,Jacket,Hyderabad,9,15813.54,5,Debit Card,Delivered
TXN003239,CUST2010,Clothing,T-Shirt,Bengaluru,6,43510.55,25,Debit Card,Delivered
TXN003240,CUST0935,Books,Data Science Guide,Coimbatore,2,28004.22,5,UPI,Delivered
TXN003241,CUST1458,Books,Machine Learning Basics,Bengaluru,8,44376.38,25,UPI,Shipped
TXN003242,CUST2266,Clothing,Shoes,Hyderabad,10,20703.11,25,Debit Card,Delivered
TXN003243,CUST1538,Clothing,T-Shirt,Delhi,6,17261.99,15,Credit Card,Delivered
TXN003244,CUST1769,Clothing,T-Shirt,Kochi,7,25359.53,15,Debit Card,Shipped
TXN003245,CUST0761,Sports,Dumbbells,Hyderabad,1,3168.43,0,Debit Card,Cancelled
TXN003246,CUST2785,Books,Machine Learning Basics,Coimbatore,3,7794.62,20,Debit Card,Delivered
TXN003247,CUST2400,Clothing,T-Shirt,Chennai,1,11054.13,10,Credit Card,Delivered
TXN003248,CUST2707,Home & Kitchen,Mixer,Coimbatore,10,40852.2,15,Cash on Delivery,Cancelled
TXN003249,CUST1557,Home & Kitchen,Vacuum Cleaner,Delhi,1,36716.56,0,UPI,Delivered
TXN003250,CUST0352,Sports,Dumbbells,Delhi,1,9746.03,20,UPI,Delivered
TXN003251,CUST2534,Sports,Yoga Mat,Bengaluru,4,13909.7,20,Cash on Delivery,Delivered
TXN003252,CUST1210,Electronics,Laptop,Bengaluru,7,47218.67,5,Debit Card,Delivered
TXN003253,CUST1010,Electronics,Headphones,Hyderabad,7,4381.57,0,Debit Card,Delivered
TXN003254,CUST2921,Electronics,Smartphone,Mumbai,5,27418.01,0,UPI,Pending
TXN003255,CUST0302,Sports,Football,Kochi,6,26148.15,5,Debit Card,Shipped
TXN003256,CUST0337,Sports,Football,Coimbatore,2,36312.82,10,Cash on Delivery,Delivered
TXN003257,CUST1098,Sports,Yoga Mat,Hyderabad,5,13145.63,15,UPI,Delivered
TXN003258,CUST0632,Home & Kitchen,Mixer,Mumbai,7,46745.16,25,Credit Card,Delivered
TXN003259,CUST1557,Sports,Football,Hyderabad,9,20588.09,5,Debit Card,Pending
TXN003260,CUST2916,Home & Kitchen,Table Lamp,Kochi,6,14357.41,15,Cash on Delivery,Delivered
TXN003261,CUST2597,Electronics,Smartphone,Kochi,10,16909.78,25,UPI,Delivered
TXN003262,CUST0632,Electronics,Smartphone,Delhi,4,17501.25,0,UPI,Delivered
TXN003263,CUST1596,Electronics,Headphones,Bengaluru,3,10026.53,5,Credit Card,Delivered
TXN003264,CUST1298,Clothing,T-Shirt,Bengaluru,9,46409.89,25,Debit Card,Delivered
TXN003265,CUST1478,Clothing,Shoes,Kochi,7,8826.27,10,Credit Card,Delivered
TXN003266,CUST0437,Books,Python Programming,Hyderabad,6,44153.35,15,Cash on Delivery,Cancelled
TXN003267,CUST0375,Books,Novel,Kochi,7,20305.97,15,UPI,Delivered
TXN003268,CUST0022,Books,Data Science Guide,Bengaluru,8,13536.9,15,UPI,Delivered
TXN003269,CUST1263,Clothing,Jacket,Chennai,5,10005.6,0,Credit Card,Shipped
TXN003270,CUST1822,Clothing,T-Shirt,Hyderabad,3,25266.68,25,Credit Card,Cancelled
TXN003271,CUST1475,Books,Python Programming,Delhi,3,33496.0,15,Credit Card,Delivered
TXN003272,CUST1105,Books,Python Programming,Pune,2,44921.23,20,Debit Card,Delivered
TXN003273,CUST0419,Sports,Dumbbells,Hyderabad,8,32657.08,15,UPI,Delivered
TXN003274,CUST0543,Books,Data Science Guide,Hyderabad,1,24234.76,0,Debit Card,Delivered
TXN003275,CUST0358,Sports,Yoga Mat,Bengaluru,8,1770.46,5,Cash on Delivery,Cancelled
TXN003276,CUST0768,Home & Kitchen,Table Lamp,Delhi,3,45779.8,15,Debit Card,Delivered
TXN003277,CUST1766,Clothing,Shoes,Hyderabad,9,45128.23,15,Credit Card,Pending
TXN003278,CUST1839,Books,Machine Learning Basics,Bengaluru,2,18997.98,5,Cash on Delivery,Shipped
TXN003279,CUST2282,Clothing,Jeans,Kochi,10,1548.83,25,Cash on Delivery,Delivered
TXN003280,CUST2273,Clothing,T-Shirt,Coimbatore,9,36695.14,25,Debit Card,Delivered
TXN003281,CUST2099,Clothing,T-Shirt,Delhi,6,39604.88,20,Debit Card,Cancelled
TXN003282,CUST1672,Home & Kitchen,Mixer,Mumbai,1,27169.04,0,Credit Card,Pending
TXN003283,CUST0424,Electronics,Laptop,Chennai,5,20203.46,5,Credit Card,Delivered
TXN003284,CUST0108,Books,Novel,Mumbai,10,42571.53,0,Cash on Delivery,Delivered
TXN003285,CUST0368,Electronics,Smartphone,Pune,9,9706.57,25,Credit Card,Cancelled
TXN003286,CUST1450,Electronics,Smartwatch,Kochi,6,22033.95,5,UPI,Delivered
TXN003287,CUST2271,Electronics,Smartphone,Delhi,7,1321.86,10,UPI,Delivered
TXN003288,CUST0382,Clothing,Shoes,Hyderabad,4,8284.13,20,Cash on Delivery,Delivered
TXN003289,CUST2446,Sports,Dumbbells,Bengaluru,1,47047.48,10,Debit Card,Shipped
TXN003290,CUST2450,Clothing,Jeans,Pune,5,28946.35,25,Debit Card,Delivered
TXN003291,CUST1329,Clothing,Shoes,Delhi,2,40299.06,5,UPI,Delivered
TXN003292,CUST1578,Electronics,Smartwatch,Chennai,8,24376.37,25,Debit Card,Delivered
TXN003293,CUST0051,Clothing,Jeans,Delhi,4,41757.87,5,Credit Card,Shipped
TXN003294,CUST1196,Electronics,Smartphone,Pune,1,26993.63,0,UPI,Delivered
TXN003295,CUST1695,Sports,Dumbbells,Bengaluru,10,326.43,5,Cash on Delivery,Pending
TXN003296,CUST1589,Books,Python Programming,Mumbai,7,44994.98,25,Debit Card,Delivered
TXN003297,CUST0347,Electronics,Headphones,Coimbatore,2,7513.45,0,Cash on Delivery,Pending
TXN003298,CUST2969,Sports,Yoga Mat,Mumbai,3,22582.68,0,Cash on Delivery,Pending
TXN003299,CUST2292,Books,Data Science Guide,Bengaluru,9,23886.05,5,Debit Card,Delivered
TXN003300,CUST0995,Home & Kitchen,Vacuum Cleaner,Pune,9,2457.09,0,Debit Card,Delivered
TXN003301,CUST2343,Electronics,Smartwatch,Bengaluru,2,2748.21,25,UPI,Delivered
TXN003302,CUST2135,Electronics,Smartphone,Kochi,3,38151.34,20,UPI,Delivered
TXN003303,CUST0695,Home & Kitchen,Cookware Set,Chennai,9,15092.49,10,Cash on Delivery,Pending
TXN003304,CUST2808,Home & Kitchen,Cookware Set,Delhi,1,20540.45,5,Cash on Delivery,Delivered
TXN003305,CUST1560,Electronics,Smartphone,Kochi,2,28249.21,0,UPI,Delivered
TXN003306,CUST0695,Home & Kitchen,Mixer,Delhi,2,18731.97,0,Cash on Delivery,Delivered
TXN003307,CUST0569,Clothing,Jeans,Mumbai,10,38774.37,25,Credit Card,Delivered
TXN003308,CUST1102,Books,Novel,Pune,3,44234.79,0,Debit Card,Delivered
TXN003309,CUST1234,Books,Python Programming,Coimbatore,10,3079.92,0,Debit Card,Delivered
TXN003310,CUST1100,Books,Python Programming,Coimbatore,3,31806.63,20,Credit Card,Delivered
TXN003311,CUST2020,Clothing,Jeans,Chennai,10,15951.23,5,UPI,Delivered
TXN003312,CUST0598,Home & Kitchen,Mixer,Bengaluru,2,29205.44,5,UPI,Delivered
TXN003313,CUST0260,Sports,Cricket Bat,Chennai,8,24246.98,25,Cash on Delivery,Cancelled
TXN003314,CUST0685,Home & Kitchen,Mixer,Delhi,8,16750.56,20,Cash on Delivery,Shipped
TXN003315,CUST1781,Electronics,Laptop,Hyderabad,8,4831.3,20,UPI,Cancelled
TXN003316,CUST1131,Books,Novel,Hyderabad,2,28016.05,20,Cash on Delivery,Shipped
TXN003317,CUST1725,Home & Kitchen,Cookware Set,Hyderabad,9,5728.35,5,Credit Card,Shipped
TXN003318,CUST1228,Sports,Yoga Mat,Bengaluru,7,7890.39,15,Debit Card,Delivered
TXN003319,CUST1984,Electronics,Smartphone,Chennai,5,49110.55,25,Credit Card,Delivered
TXN003320,CUST0316,Clothing,Jacket,Kochi,7,15903.59,25,Debit Card,Delivered
TXN003321,CUST1480,Clothing,Jacket,Pune,8,29263.37,10,Debit Card,Delivered
TXN003322,CUST1031,Sports,Football,Mumbai,9,13684.37,20,Cash on Delivery,Shipped
TXN003323,CUST1011,Electronics,Headphones,Delhi,2,43288.92,20,Cash on Delivery,Delivered
TXN003324,CUST2953,Books,Data Science Guide,Hyderabad,6,14238.68,5,Debit Card,Pending
TXN003325,CUST2561,Home & Kitchen,Table Lamp,Pune,9,18407.57,25,Cash on Delivery,Delivered
TXN003326,CUST2031,Electronics,Smartwatch,Coimbatore,6,30458.54,5,Credit Card,Shipped
TXN003327,CUST2433,Clothing,T-Shirt,Kochi,2,43512.34,10,UPI,Pending
TXN003328,CUST2526,Sports,Cricket Bat,Chennai,1,40829.09,0,Cash on Delivery,Delivered
TXN003329,CUST0801,Sports,Cricket Bat,Delhi,3,13266.61,5,Cash on Delivery,Delivered
TXN003330,CUST1876,Home & Kitchen,Vacuum Cleaner,Delhi,5,41494.79,10,Cash on Delivery,Cancelled
TXN003331,CUST0439,Sports,Football,Coimbatore,7,35089.65,5,UPI,Shipped
TXN003332,CUST0555,Sports,Dumbbells,Kochi,10,49492.44,5,Credit Card,Cancelled
TXN003333,CUST1248,Electronics,Headphones,Coimbatore,10,46778.84,5,Debit Card,Pending
TXN003334,CUST0028,Books,Data Science Guide,Coimbatore,3,26703.52,15,Credit Card,Delivered
TXN003335,CUST1621,Home & Kitchen,Table Lamp,Hyderabad,9,37521.44,15,Cash on Delivery,Delivered
TXN003336,CUST1361,Electronics,Headphones,Kochi,10,28551.97,20,UPI,Shipped
TXN003337,CUST2541,Books,Machine Learning Basics,Hyderabad,4,29790.27,15,Credit Card,Delivered
TXN003338,CUST1557,Electronics,Headphones,Chennai,10,5164.89,10,Cash on Delivery,Delivered
TXN003339,CUST1350,Electronics,Laptop,Coimbatore,2,212.06,5,Cash on Delivery,Delivered
TXN003340,CUST1804,Sports,Yoga Mat,Mumbai,3,2504.5,15,Debit Card,Delivered
TXN003341,CUST1372,Books,Machine Learning Basics,Delhi,5,48334.87,25,UPI,Delivered
TXN003342,CUST1764,Home & Kitchen,Mixer,Kochi,3,6400.78,5,Debit Card,Delivered
TXN003343,CUST2667,Home & Kitchen,Mixer,Coimbatore,5,2315.05,0,Credit Card,Delivered
TXN003344,CUST2435,Books,Machine Learning Basics,Kochi,4,15551.25,20,Debit Card,Delivered
TXN003345,CUST0558,Sports,Dumbbells,Delhi,10,29450.18,15,Credit Card,Pending
TXN003346,CUST1231,Clothing,Shoes,Bengaluru,3,47428.19,25,Cash on Delivery,Shipped
TXN003347,CUST1314,Electronics,Headphones,Pune,6,35024.39,25,UPI,Delivered
TXN003348,CUST2471,Sports,Cricket Bat,Bengaluru,8,13890.01,5,UPI,Delivered
TXN003349,CUST2848,Books,Data Science Guide,Coimbatore,4,46959.0,0,Cash on Delivery,Pending
TXN003350,CUST0823,Electronics,Laptop,Delhi,9,1898.45,20,UPI,Delivered
TXN003351,CUST1963,Home & Kitchen,Cookware Set,Pune,6,48954.79,20,Debit Card,Delivered
TXN003352,CUST1287,Clothing,Jacket,Bengaluru,5,3026.17,0,Credit Card,Delivered
TXN003353,CUST0728,Home & Kitchen,Cookware Set,Coimbatore,3,37717.11,15,Credit Card,Delivered
TXN003354,CUST1632,Books,Python Programming,Delhi,5,2360.35,15,Credit Card,Delivered
TXN003355,CUST1308,Electronics,Headphones,Coimbatore,5,46584.92,5,Debit Card,Shipped
TXN003356,CUST1194,Books,Data Science Guide,Hyderabad,4,5522.43,10,Credit Card,Delivered
TXN003357,CUST2847,Electronics,Smartphone,Delhi,6,2618.9,5,UPI,Delivered
TXN003358,CUST2593,Sports,Football,Bengaluru,3,44474.33,5,Credit Card,Delivered
TXN003359,CUST2012,Clothing,Shoes,Coimbatore,10,4880.11,5,Debit Card,Pending
TXN003360,CUST2359,Sports,Dumbbells,Kochi,1,39916.77,0,UPI,Cancelled
TXN003361,CUST0993,Sports,Cricket Bat,Bengaluru,7,37377.03,20,Cash on Delivery,Delivered
TXN003362,CUST1335,Books,Python Programming,Coimbatore,7,29984.01,20,UPI,Delivered
TXN003363,CUST1541,Clothing,Shoes,Kochi,4,18960.34,10,Debit Card,Delivered
TXN003364,CUST1149,Electronics,Smartphone,Kochi,9,45787.47,15,UPI,Delivered
TXN003365,CUST1610,Electronics,Headphones,Chennai,2,43566.95,5,Credit Card,Delivered
TXN003366,CUST1496,Home & Kitchen,Vacuum Cleaner,Kochi,1,21369.73,0,Debit Card,Pending
TXN003367,CUST0467,Electronics,Smartwatch,Bengaluru,3,11663.08,0,Cash on Delivery,Delivered
TXN003368,CUST2310,Books,Machine Learning Basics,Bengaluru,7,13701.33,5,Credit Card,Shipped
TXN003369,CUST0819,Sports,Cricket Bat,Mumbai,9,11094.15,0,Debit Card,Pending
TXN003370,CUST2426,Sports,Cricket Bat,Pune,2,27108.47,0,Debit Card,Delivered
TXN003371,CUST2235,Sports,Yoga Mat,Hyderabad,6,43440.09,5,Cash on Delivery,Delivered
TXN003372,CUST0737,Clothing,Shoes,Bengaluru,3,38703.24,10,Cash on Delivery,Delivered
TXN003373,CUST2793,Electronics,Smartwatch,Delhi,5,39795.97,0,Debit Card,Delivered
TXN003374,CUST2254,Books,Python Programming,Pune,9,22469.6,20,Cash on Delivery,Delivered
TXN003375,CUST0111,Clothing,Shoes,Kochi,3,16190.0,25,Cash on Delivery,Delivered
TXN003376,CUST2979,Home & Kitchen,Table Lamp,Coimbatore,1,37892.05,20,Credit Card,Delivered
TXN003377,CUST1891,Books,Novel,Chennai,5,39685.58,25,Debit Card,Delivered
TXN003378,CUST2902,Books,Python Programming,Delhi,1,34798.15,25,UPI,Cancelled
TXN003379,CUST0859,Books,Data Science Guide,Pune,8,1702.15,20,Credit Card,Cancelled
TXN003380,CUST1796,Sports,Football,Delhi,7,29525.27,5,Debit Card,Shipped
TXN003381,CUST1194,Books,Novel,Delhi,2,17417.59,25,Debit Card,Shipped
TXN003382,CUST2838,Electronics,Laptop,Delhi,9,9890.02,20,Credit Card,Delivered
TXN003383,CUST0284,Books,Novel,Pune,5,34750.32,15,Cash on Delivery,Delivered
TXN003384,CUST1676,Sports,Cricket Bat,Chennai,7,13499.45,0,UPI,Cancelled
TXN003385,CUST2757,Books,Machine Learning Basics,Kochi,4,45650.77,10,UPI,Shipped
TXN003386,CUST2046,Home & Kitchen,Mixer,Mumbai,1,14974.15,25,Debit Card,Delivered
TXN003387,CUST0571,Home & Kitchen,Vacuum Cleaner,Hyderabad,8,27803.51,20,Debit Card,Delivered
TXN003388,CUST2595,Sports,Cricket Bat,Kochi,1,41405.33,5,UPI,Delivered
TXN003389,CUST1241,Electronics,Headphones,Bengaluru,3,20165.71,25,Debit Card,Pending
TXN003390,CUST0992,Electronics,Headphones,Pune,6,41450.03,10,UPI,Pending
TXN003391,CUST1035,Clothing,Jeans,Delhi,8,36212.45,5,Cash on Delivery,Pending
TXN003392,CUST2698,Sports,Cricket Bat,Kochi,8,46051.21,10,UPI,Delivered
TXN003393,CUST0632,Books,Machine Learning Basics,Bengaluru,2,16359.14,10,UPI,Delivered
TXN003394,CUST2930,Sports,Dumbbells,Pune,9,5340.9,0,UPI,Delivered
TXN003395,CUST1734,Clothing,Shoes,Bengaluru,4,21574.44,25,Debit Card,Delivered
TXN003396,CUST1545,Sports,Cricket Bat,Delhi,4,39312.09,25,Cash on Delivery,Shipped
TXN003397,CUST0303,Sports,Cricket Bat,Mumbai,2,22576.71,25,Credit Card,Delivered
TXN003398,CUST1840,Clothing,Shoes,Pune,1,13173.2,10,Credit Card,Delivered
TXN003399,CUST2450,Electronics,Headphones,Bengaluru,10,1477.4,15,UPI,Pending
TXN003400,CUST1963,Books,Novel,Coimbatore,7,15719.89,15,Debit Card,Delivered
TXN003401,CUST2385,Clothing,Shoes,Bengaluru,10,35697.72,15,Credit Card,Shipped
TXN003402,CUST1642,Home & Kitchen,Vacuum Cleaner,Hyderabad,3,7465.93,5,Credit Card,Delivered
TXN003403,CUST2189,Electronics,Laptop,Delhi,4,17109.88,0,UPI,Cancelled
TXN003404,CUST2076,Home & Kitchen,Table Lamp,Chennai,9,1109.55,5,UPI,Cancelled
TXN003405,CUST2834,Electronics,Smartwatch,Bengaluru,6,36115.57,25,Debit Card,Delivered
TXN003406,CUST1714,Books,Data Science Guide,Mumbai,1,44046.08,25,Credit Card,Delivered
TXN003407,CUST2227,Books,Data Science Guide,Coimbatore,9,28469.56,20,UPI,Delivered
TXN003408,CUST0151,Sports,Cricket Bat,Coimbatore,9,1391.02,25,Cash on Delivery,Delivered
TXN003409,CUST1473,Home & Kitchen,Vacuum Cleaner,Chennai,5,10959.5,15,Cash on Delivery,Delivered
TXN003410,CUST2874,Electronics,Headphones,Kochi,8,21979.61,0,Cash on Delivery,Shipped
TXN003411,CUST2200,Books,Python Programming,Hyderabad,7,29420.3,15,UPI,Delivered
TXN003412,CUST2433,Clothing,Jeans,Chennai,8,24864.19,0,Debit Card,Delivered
TXN003413,CUST2614,Books,Machine Learning Basics,Hyderabad,9,45801.72,5,Cash on Delivery,Delivered
TXN003414,CUST0349,Clothing,Jacket,Bengaluru,2,46937.95,25,Cash on Delivery,Pending
TXN003415,CUST0448,Electronics,Smartwatch,Delhi,10,5446.91,5,Cash on Delivery,Shipped
TXN003416,CUST1017,Books,Python Programming,Mumbai,5,7005.7,15,UPI,Delivered
TXN003417,CUST2694,Books,Machine Learning Basics,Coimbatore,8,17966.94,10,UPI,Delivered
TXN003418,CUST2723,Electronics,Headphones,Chennai,3,21119.62,0,UPI,Delivered
TXN003419,CUST1455,Books,Machine Learning Basics,Mumbai,6,29344.73,25,Cash on Delivery,Delivered
TXN003420,CUST0682,Clothing,Jacket,Hyderabad,6,38680.67,20,UPI,Delivered
TXN003421,CUST2651,Books,Python Programming,Delhi,7,6874.81,10,UPI,Delivered
TXN003422,CUST2510,Home & Kitchen,Mixer,Coimbatore,3,40151.72,5,Debit Card,Shipped
TXN003423,CUST0182,Sports,Yoga Mat,Coimbatore,8,30540.41,0,UPI,Delivered
TXN003424,CUST2307,Clothing,Jacket,Hyderabad,8,49046.13,10,Credit Card,Shipped
TXN003425,CUST2643,Home & Kitchen,Vacuum Cleaner,Delhi,9,32593.27,20,UPI,Delivered
TXN003426,CUST2775,Electronics,Laptop,Coimbatore,8,35832.97,10,UPI,Cancelled
TXN003427,CUST2650,Clothing,Shoes,Delhi,3,9840.92,20,Credit Card,Shipped
TXN003428,CUST1637,Sports,Dumbbells,Coimbatore,6,38466.21,5,Credit Card,Shipped
TXN003429,CUST1359,Sports,Cricket Bat,Bengaluru,9,4055.38,0,UPI,Cancelled
TXN003430,CUST1764,Electronics,Smartwatch,Hyderabad,1,32860.87,5,Debit Card,Delivered
TXN003431,CUST0434,Electronics,Smartphone,Delhi,3,2873.09,0,Cash on Delivery,Delivered
TXN003432,CUST0044,Clothing,Shoes,Mumbai,2,5849.77,10,Credit Card,Pending
TXN003433,CUST0404,Books,Python Programming,Kochi,8,5482.53,5,Debit Card,Shipped
TXN003434,CUST1060,Electronics,Headphones,Bengaluru,6,2718.95,0,UPI,Delivered
TXN003435,CUST0910,Books,Novel,Pune,10,16124.83,25,UPI,Shipped
TXN003436,CUST2092,Home & Kitchen,Cookware Set,Mumbai,8,49718.19,20,Credit Card,Delivered
TXN003437,CUST2125,Sports,Dumbbells,Hyderabad,2,17476.45,0,Credit Card,Delivered
TXN003438,CUST2286,Books,Python Programming,Coimbatore,6,38062.72,25,Debit Card,Delivered
TXN003439,CUST2378,Sports,Cricket Bat,Pune,7,6702.62,5,UPI,Delivered
TXN003440,CUST2817,Books,Machine Learning Basics,Mumbai,8,22779.1,5,Credit Card,Delivered
TXN003441,CUST2357,Home & Kitchen,Vacuum Cleaner,Bengaluru,9,9337.28,10,Credit Card,Pending
TXN003442,CUST0906,Electronics,Smartphone,Pune,5,9685.65,20,Cash on Delivery,Delivered
TXN003443,CUST1826,Home & Kitchen,Table Lamp,Pune,3,5074.53,0,Credit Card,Delivered
TXN003444,CUST1533,Electronics,Laptop,Delhi,2,21659.0,5,Debit Card,Pending
TXN003445,CUST1603,Electronics,Headphones,Chennai,8,3869.19,0,UPI,Shipped
TXN003446,CUST1897,Sports,Yoga Mat,Mumbai,1,45499.59,15,Credit Card,Delivered
TXN003447,CUST2784,Home & Kitchen,Vacuum Cleaner,Chennai,10,22450.23,20,Cash on Delivery,Delivered
TXN003448,CUST2411,Books,Novel,Hyderabad,6,41944.45,20,Credit Card,Shipped
TXN003449,CUST2829,Home & Kitchen,Cookware Set,Mumbai,2,48975.28,25,Credit Card,Delivered
TXN003450,CUST2050,Sports,Football,Mumbai,3,33921.18,15,UPI,Delivered
TXN003451,CUST0618,Electronics,Laptop,Delhi,8,45085.39,20,Cash on Delivery,Cancelled
TXN003452,CUST1413,Sports,Football,Coimbatore,1,6854.84,15,Debit Card,Delivered
TXN003453,CUST0101,Clothing,T-Shirt,Bengaluru,6,41516.68,0,Debit Card,Delivered
TXN003454,CUST1978,Clothing,Jeans,Bengaluru,3,13633.74,15,UPI,Delivered
TXN003455,CUST0429,Books,Python Programming,Bengaluru,6,23682.64,10,Debit Card,Delivered
TXN003456,CUST1211,Sports,Cricket Bat,Kochi,3,32364.47,25,Debit Card,Pending
TXN003457,CUST1704,Books,Data Science Guide,Hyderabad,8,45186.83,15,Credit Card,Delivered
TXN003458,CUST0352,Books,Novel,Pune,5,45558.59,0,Debit Card,Delivered
TXN003459,CUST0476,Clothing,Jacket,Coimbatore,4,4695.91,20,Cash on Delivery,Cancelled
TXN003460,CUST2991,Books,Python Programming,Chennai,9,18291.32,10,Credit Card,Delivered
TXN003461,CUST0581,Clothing,Jeans,Bengaluru,5,39679.44,15,Debit Card,Delivered
TXN003462,CUST1427,Electronics,Smartphone,Kochi,4,35187.53,25,Cash on Delivery,Delivered
TXN003463,CUST1278,Sports,Yoga Mat,Chennai,8,1414.99,25,Credit Card,Delivered
TXN003464,CUST1406,Books,Machine Learning Basics,Coimbatore,8,22549.48,0,Cash on Delivery,Delivered
TXN003465,CUST1866,Clothing,T-Shirt,Hyderabad,8,41479.73,10,UPI,Delivered
TXN003466,CUST0848,Home & Kitchen,Vacuum Cleaner,Coimbatore,4,36910.45,10,UPI,Delivered
TXN003467,CUST2135,Books,Python Programming,Delhi,1,20651.3,10,Debit Card,Delivered
TXN003468,CUST1979,Electronics,Laptop,Pune,2,36784.54,15,Cash on Delivery,Cancelled
TXN003469,CUST1427,Electronics,Headphones,Bengaluru,4,27605.41,0,Credit Card,Delivered
TXN003470,CUST1951,Home & Kitchen,Mixer,Hyderabad,10,45640.19,0,Cash on Delivery,Delivered
TXN003471,CUST0400,Clothing,T-Shirt,Delhi,2,29397.65,0,Cash on Delivery,Delivered
TXN003472,CUST1795,Books,Novel,Bengaluru,10,20096.64,5,UPI,Delivered
TXN003473,CUST2958,Clothing,T-Shirt,Coimbatore,3,43159.74,20,UPI,Delivered
TXN003474,CUST2854,Electronics,Smartphone,Coimbatore,9,2588.46,0,Debit Card,Delivered
TXN003475,CUST1854,Clothing,Jeans,Kochi,9,45035.48,5,Cash on Delivery,Cancelled
TXN003476,CUST1307,Electronics,Laptop,Mumbai,9,34847.71,5,Cash on Delivery,Delivered
TXN003477,CUST0276,Clothing,Jacket,Mumbai,7,47036.23,10,Credit Card,Delivered
TXN003478,CUST1230,Home & Kitchen,Vacuum Cleaner,Coimbatore,4,12600.19,20,Credit Card,Shipped
TXN003479,CUST0184,Sports,Dumbbells,Coimbatore,1,34776.58,10,UPI,Delivered
TXN003480,CUST2912,Home & Kitchen,Mixer,Chennai,3,40492.22,20,Cash on Delivery,Shipped
TXN003481,CUST0472,Home & Kitchen,Table Lamp,Kochi,8,35134.92,10,Debit Card,Delivered
TXN003482,CUST0093,Sports,Yoga Mat,Pune,4,10595.65,25,UPI,Delivered
TXN003483,CUST1406,Sports,Football,Chennai,10,13851.92,15,Cash on Delivery,Delivered
TXN003484,CUST2655,Books,Python Programming,Pune,10,28380.44,20,UPI,Delivered
TXN003485,CUST0448,Books,Machine Learning Basics,Delhi,2,22392.86,25,Debit Card,Delivered
TXN003486,CUST2774,Home & Kitchen,Vacuum Cleaner,Mumbai,8,36782.35,5,Cash on Delivery,Delivered
TXN003487,CUST0674,Home & Kitchen,Vacuum Cleaner,Mumbai,7,18995.97,5,Debit Card,Delivered
TXN003488,CUST1000,Electronics,Smartwatch,Kochi,10,42988.08,20,Cash on Delivery,Delivered
TXN003489,CUST2114,Electronics,Headphones,Coimbatore,9,21652.83,10,Cash on Delivery,Delivered
TXN003490,CUST0715,Books,Novel,Coimbatore,2,2098.06,15,Debit Card,Delivered
TXN003491,CUST2261,Books,Machine Learning Basics,Delhi,5,966.47,15,Credit Card,Delivered
TXN003492,CUST0656,Electronics,Smartphone,Hyderabad,6,32372.46,0,Debit Card,Delivered
TXN003493,CUST1356,Electronics,Laptop,Hyderabad,2,27073.6,20,Debit Card,Delivered
TXN003494,CUST2294,Clothing,Jacket,Kochi,2,27182.96,15,UPI,Delivered
TXN003495,CUST1747,Clothing,T-Shirt,Hyderabad,10,39521.45,10,Debit Card,Delivered
TXN003496,CUST1893,Electronics,Headphones,Mumbai,4,18848.44,10,Debit Card,Delivered
TXN003497,CUST0950,Clothing,Jeans,Chennai,8,49772.81,5,UPI,Delivered
TXN003498,CUST1660,Sports,Cricket Bat,Hyderabad,5,47281.95,15,Credit Card,Shipped
TXN003499,CUST2580,Books,Python Programming,Bengaluru,9,746.79,15,Debit Card,Delivered
TXN003500,CUST0756,Books,Data Science Guide,Kochi,4,44797.56,10,UPI,Shipped
TXN003501,CUST0764,Electronics,Headphones,Delhi,3,34059.43,5,Credit Card,Delivered
TXN003502,CUST2624,Home & Kitchen,Vacuum Cleaner,Hyderabad,10,25154.31,15,Credit Card,Delivered
TXN003503,CUST2693,Electronics,Laptop,Bengaluru,8,29179.1,10,Debit Card,Delivered
TXN003504,CUST1771,Clothing,Shoes,Hyderabad,1,42108.68,5,Credit Card,Delivered
TXN003505,CUST1621,Home & Kitchen,Mixer,Chennai,9,47556.77,5,Debit Card,Delivered
TXN003506,CUST0120,Clothing,Jeans,Chennai,4,28060.65,10,Credit Card,Shipped
TXN003507,CUST2516,Sports,Dumbbells,Hyderabad,9,9146.44,5,Credit Card,Delivered
TXN003508,CUST0809,Clothing,T-Shirt,Kochi,8,32023.72,25,Credit Card,Delivered
TXN003509,CUST1842,Sports,Cricket Bat,Kochi,3,3903.33,25,Debit Card,Delivered
TXN003510,CUST2426,Sports,Football,Bengaluru,3,31793.42,5,Credit Card,Delivered
TXN003511,CUST1760,Clothing,Shoes,Delhi,9,40449.73,0,Cash on Delivery,Pending
TXN003512,CUST1593,Clothing,T-Shirt,Bengaluru,3,17731.24,5,UPI,Delivered
TXN003513,CUST0019,Sports,Cricket Bat,Delhi,4,3652.1,15,UPI,Delivered
TXN003514,CUST2887,Home & Kitchen,Table Lamp,Hyderabad,9,34642.08,5,Cash on Delivery,Delivered
TXN003515,CUST0880,Sports,Dumbbells,Delhi,4,17032.5,15,Credit Card,Delivered
TXN003516,CUST0843,Books,Machine Learning Basics,Coimbatore,3,12529.92,10,Cash on Delivery,Delivered
TXN003517,CUST1141,Sports,Yoga Mat,Mumbai,7,34490.17,5,Debit Card,Delivered
TXN003518,CUST2883,Home & Kitchen,Cookware Set,Pune,6,48482.36,10,UPI,Pending
TXN003519,CUST0257,Books,Machine Learning Basics,Mumbai,1,37291.59,20,Credit Card,Delivered
TXN003520,CUST2365,Electronics,Laptop,Chennai,10,24618.37,25,UPI,Delivered
TXN003521,CUST0417,Electronics,Headphones,Coimbatore,8,30065.49,5,Cash on Delivery,Delivered
TXN003522,CUST2200,Home & Kitchen,Cookware Set,Mumbai,1,7199.72,10,Cash on Delivery,Delivered
TXN003523,CUST0766,Sports,Yoga Mat,Hyderabad,4,40679.34,20,UPI,Delivered
TXN003524,CUST1499,Clothing,Jeans,Delhi,6,30254.32,15,UPI,Delivered
TXN003525,CUST1336,Home & Kitchen,Table Lamp,Delhi,6,48294.94,15,UPI,Pending
TXN003526,CUST0808,Books,Machine Learning Basics,Bengaluru,7,48976.22,25,UPI,Delivered
TXN003527,CUST1875,Books,Python Programming,Bengaluru,5,17793.88,25,Cash on Delivery,Shipped
TXN003528,CUST0467,Electronics,Laptop,Kochi,5,49428.44,15,Credit Card,Shipped
TXN003529,CUST1075,Books,Novel,Delhi,4,47845.99,15,UPI,Delivered
TXN003530,CUST2748,Home & Kitchen,Table Lamp,Kochi,6,32027.61,15,Credit Card,Pending
TXN003531,CUST2005,Books,Machine Learning Basics,Hyderabad,7,16739.87,0,UPI,Delivered
TXN003532,CUST2162,Home & Kitchen,Mixer,Delhi,10,37691.68,25,Debit Card,Delivered
TXN003533,CUST2618,Clothing,Jacket,Bengaluru,10,13634.74,10,Credit Card,Delivered
TXN003534,CUST1284,Electronics,Smartphone,Mumbai,1,31529.21,20,Debit Card,Pending
TXN003535,CUST2446,Books,Machine Learning Basics,Kochi,9,1326.62,20,Cash on Delivery,Pending
TXN003536,CUST1592,Home & Kitchen,Table Lamp,Kochi,8,31466.28,5,Debit Card,Shipped
TXN003537,CUST2504,Sports,Football,Chennai,7,47585.25,10,Cash on Delivery,Shipped
TXN003538,CUST1608,Electronics,Smartwatch,Bengaluru,9,11833.64,25,UPI,Delivered
TXN003539,CUST2405,Clothing,Shoes,Hyderabad,3,38931.16,0,Cash on Delivery,Pending
TXN003540,CUST0468,Home & Kitchen,Cookware Set,Kochi,10,14741.84,0,UPI,Delivered
TXN003541,CUST1426,Clothing,Jeans,Mumbai,4,35421.7,10,UPI,Shipped
TXN003542,CUST1442,Clothing,Jeans,Mumbai,7,35028.62,15,UPI,Delivered
TXN003543,CUST1876,Books,Novel,Mumbai,6,9318.41,15,Cash on Delivery,Pending
TXN003544,CUST2529,Books,Data Science Guide,Coimbatore,2,29896.68,10,UPI,Delivered
TXN003545,CUST0707,Home & Kitchen,Vacuum Cleaner,Coimbatore,2,42972.53,25,Debit Card,Delivered
TXN003546,CUST2760,Sports,Yoga Mat,Pune,10,19188.4,20,Debit Card,Delivered
TXN003547,CUST2892,Home & Kitchen,Vacuum Cleaner,Mumbai,7,35542.82,15,UPI,Shipped
TXN003548,CUST1219,Sports,Yoga Mat,Kochi,9,33754.06,5,UPI,Delivered
TXN003549,CUST2517,Clothing,T-Shirt,Hyderabad,9,12949.95,25,Credit Card,Delivered
TXN003550,CUST2418,Electronics,Smartphone,Delhi,7,45940.31,25,Cash on Delivery,Delivered
TXN003551,CUST0348,Home & Kitchen,Table Lamp,Hyderabad,8,28219.25,0,Credit Card,Delivered
TXN003552,CUST2753,Home & Kitchen,Table Lamp,Coimbatore,10,17829.1,15,Debit Card,Shipped
TXN003553,CUST0549,Sports,Football,Bengaluru,3,8301.48,20,Cash on Delivery,Delivered
TXN003554,CUST1283,Clothing,Shoes,Kochi,1,23725.57,25,Debit Card,Shipped
TXN003555,CUST0483,Clothing,Jeans,Pune,7,36532.66,15,Cash on Delivery,Delivered
TXN003556,CUST0978,Sports,Football,Coimbatore,8,31219.65,15,Cash on Delivery,Shipped
TXN003557,CUST1251,Clothing,Shoes,Delhi,2,36379.92,0,Cash on Delivery,Delivered
TXN003558,CUST0480,Books,Python Programming,Chennai,9,39608.86,5,Debit Card,Delivered
TXN003559,CUST0750,Electronics,Laptop,Pune,4,22106.14,25,UPI,Delivered
TXN003560,CUST1530,Home & Kitchen,Mixer,Coimbatore,10,26056.29,5,Debit Card,Delivered
TXN003561,CUST2841,Electronics,Smartwatch,Hyderabad,9,49322.46,20,Cash on Delivery,Delivered
TXN003562,CUST0580,Home & Kitchen,Vacuum Cleaner,Pune,3,48405.76,10,Debit Card,Delivered
TXN003563,CUST2093,Books,Novel,Kochi,8,20799.37,10,Debit Card,Delivered
TXN003564,CUST1592,Clothing,T-Shirt,Hyderabad,2,34290.46,10,Credit Card,Shipped
TXN003565,CUST1714,Sports,Football,Mumbai,3,13452.75,20,Cash on Delivery,Pending
TXN003566,CUST2443,Books,Python Programming,Mumbai,1,7719.61,25,Debit Card,Shipped
TXN003567,CUST0565,Electronics,Smartwatch,Mumbai,5,38443.22,15,Cash on Delivery,Pending
TXN003568,CUST2355,Sports,Cricket Bat,Pune,4,21865.38,5,Debit Card,Delivered
TXN003569,CUST1572,Clothing,Jeans,Chennai,1,8934.93,5,Credit Card,Delivered
TXN003570,CUST1733,Books,Python Programming,Delhi,10,37966.51,15,Debit Card,Delivered
TXN003571,CUST0761,Sports,Football,Kochi,9,45767.0,25,UPI,Pending
TXN003572,CUST1994,Books,Novel,Pune,6,46670.35,5,Cash on Delivery,Cancelled
TXN003573,CUST2604,Books,Novel,Bengaluru,6,29857.05,25,Credit Card,Delivered
TXN003574,CUST2202,Clothing,Jacket,Kochi,2,24034.09,5,Debit Card,Delivered
TXN003575,CUST2841,Home & Kitchen,Cookware Set,Hyderabad,7,7179.14,10,Credit Card,Delivered
TXN003576,CUST2643,Sports,Dumbbells,Hyderabad,9,39660.21,10,Debit Card,Delivered
TXN003577,CUST0710,Clothing,Jeans,Pune,6,47271.63,0,Cash on Delivery,Delivered
TXN003578,CUST2273,Books,Machine Learning Basics,Pune,8,44484.07,0,Debit Card,Delivered
TXN003579,CUST0684,Clothing,T-Shirt,Delhi,5,37613.99,5,Credit Card,Cancelled
TXN003580,CUST2006,Home & Kitchen,Vacuum Cleaner,Chennai,2,327.99,10,UPI,Cancelled
TXN003581,CUST1184,Sports,Yoga Mat,Pune,4,20446.77,25,Credit Card,Delivered
TXN003582,CUST0575,Home & Kitchen,Mixer,Mumbai,1,20594.64,0,UPI,Shipped
TXN003583,CUST0767,Electronics,Smartphone,Delhi,1,44728.97,0,UPI,Cancelled
TXN003584,CUST1289,Sports,Cricket Bat,Bengaluru,6,3375.97,10,Cash on Delivery,Pending
TXN003585,CUST1848,Home & Kitchen,Vacuum Cleaner,Mumbai,2,26608.01,25,Credit Card,Delivered
TXN003586,CUST2538,Books,Novel,Bengaluru,6,6893.11,0,Debit Card,Delivered
TXN003587,CUST0220,Sports,Dumbbells,Coimbatore,1,33148.47,15,UPI,Delivered
TXN003588,CUST1471,Sports,Dumbbells,Bengaluru,10,39633.55,25,Credit Card,Delivered
TXN003589,CUST0040,Clothing,Shoes,Mumbai,3,32133.76,15,Cash on Delivery,Delivered
TXN003590,CUST1985,Books,Machine Learning Basics,Coimbatore,9,39749.8,10,Debit Card,Delivered
TXN003591,CUST0560,Electronics,Smartwatch,Mumbai,2,30414.07,10,Debit Card,Shipped
TXN003592,CUST0800,Home & Kitchen,Cookware Set,Hyderabad,8,9572.97,0,Debit Card,Delivered
TXN003593,CUST1573,Clothing,Jeans,Mumbai,6,19194.91,5,Credit Card,Delivered
TXN003594,CUST2301,Home & Kitchen,Mixer,Coimbatore,6,47847.75,20,Credit Card,Delivered
TXN003595,CUST2071,Electronics,Laptop,Bengaluru,7,14479.93,15,Debit Card,Delivered
TXN003596,CUST2675,Electronics,Smartphone,Hyderabad,5,3236.83,15,Cash on Delivery,Delivered
TXN003597,CUST2028,Sports,Yoga Mat,Chennai,4,19303.02,25,Debit Card,Delivered
TXN003598,CUST1676,Electronics,Smartwatch,Chennai,6,18378.73,25,Debit Card,Delivered
TXN003599,CUST2805,Home & Kitchen,Table Lamp,Kochi,8,23568.41,10,Cash on Delivery,Delivered
TXN003600,CUST2015,Books,Machine Learning Basics,Chennai,4,28059.14,5,Cash on Delivery,Delivered
TXN003601,CUST1703,Books,Novel,Chennai,5,49621.92,10,Cash on Delivery,Delivered
TXN003602,CUST2909,Sports,Football,Delhi,7,37836.07,0,Debit Card,Delivered
TXN003603,CUST1819,Home & Kitchen,Vacuum Cleaner,Chennai,6,1890.95,5,Cash on Delivery,Delivered
TXN003604,CUST2002,Home & Kitchen,Mixer,Coimbatore,4,35664.35,0,Credit Card,Pending
TXN003605,CUST0686,Electronics,Laptop,Pune,4,41229.16,15,Cash on Delivery,Delivered
TXN003606,CUST0339,Home & Kitchen,Vacuum Cleaner,Chennai,10,44791.97,10,Debit Card,Delivered
TXN003607,CUST2316,Clothing,Shoes,Mumbai,4,21257.9,25,UPI,Delivered
TXN003608,CUST0127,Electronics,Headphones,Pune,1,15749.92,10,UPI,Delivered
TXN003609,CUST0904,Clothing,T-Shirt,Chennai,5,41982.31,20,Credit Card,Cancelled
TXN003610,CUST1197,Sports,Dumbbells,Pune,8,38903.01,5,UPI,Delivered
TXN003611,CUST0134,Books,Machine Learning Basics,Bengaluru,7,26848.52,15,UPI,Shipped
TXN003612,CUST1126,Sports,Yoga Mat,Coimbatore,5,5982.35,20,UPI,Delivered
TXN003613,CUST0921,Books,Novel,Coimbatore,3,32622.89,20,Credit Card,Delivered
TXN003614,CUST2203,Sports,Yoga Mat,Kochi,1,3376.81,10,UPI,Cancelled
TXN003615,CUST1183,Home & Kitchen,Cookware Set,Pune,7,5108.3,5,Debit Card,Shipped
TXN003616,CUST0689,Clothing,Jeans,Kochi,3,16623.9,10,UPI,Delivered
TXN003617,CUST1874,Books,Python Programming,Hyderabad,4,18621.66,5,Cash on Delivery,Delivered
TXN003618,CUST2317,Electronics,Laptop,Delhi,5,23152.5,20,UPI,Delivered
TXN003619,CUST2029,Clothing,Shoes,Mumbai,8,17023.23,0,UPI,Delivered
TXN003620,CUST2252,Electronics,Headphones,Pune,7,1786.03,15,Debit Card,Shipped
TXN003621,CUST2093,Clothing,Jacket,Coimbatore,9,7955.04,20,Credit Card,Delivered
TXN003622,CUST0464,Clothing,T-Shirt,Kochi,3,5844.09,10,Credit Card,Delivered
TXN003623,CUST2346,Sports,Yoga Mat,Bengaluru,10,21616.06,15,UPI,Delivered
TXN003624,CUST0468,Books,Machine Learning Basics,Chennai,1,10685.23,20,Debit Card,Delivered
TXN003625,CUST1098,Books,Data Science Guide,Coimbatore,1,14747.91,5,UPI,Delivered
TXN003626,CUST2225,Clothing,T-Shirt,Bengaluru,10,23631.22,10,Credit Card,Delivered
TXN003627,CUST1503,Home & Kitchen,Vacuum Cleaner,Chennai,1,11854.54,20,Credit Card,Delivered
TXN003628,CUST2221,Home & Kitchen,Vacuum Cleaner,Delhi,2,12371.86,5,Cash on Delivery,Shipped
TXN003629,CUST0171,Electronics,Smartwatch,Coimbatore,2,41673.89,5,Cash on Delivery,Delivered
TXN003630,CUST2945,Electronics,Smartwatch,Kochi,7,27449.53,5,Debit Card,Shipped
TXN003631,CUST1808,Sports,Football,Coimbatore,9,42852.3,15,Debit Card,Delivered
TXN003632,CUST2238,Clothing,Jeans,Pune,8,25774.84,10,Credit Card,Cancelled
TXN003633,CUST0896,Electronics,Headphones,Pune,4,45472.29,5,Credit Card,Delivered
TXN003634,CUST1742,Electronics,Headphones,Bengaluru,2,12811.63,20,Credit Card,Shipped
TXN003635,CUST0420,Clothing,T-Shirt,Kochi,3,30871.83,5,UPI,Delivered
TXN003636,CUST2678,Sports,Football,Hyderabad,10,25211.27,10,Cash on Delivery,Delivered
TXN003637,CUST1014,Electronics,Headphones,Pune,5,45942.68,25,Cash on Delivery,Delivered
TXN003638,CUST1220,Sports,Football,Mumbai,9,20982.13,25,Credit Card,Shipped
TXN003639,CUST0133,Books,Python Programming,Delhi,8,42755.71,15,Credit Card,Delivered
TXN003640,CUST1843,Sports,Football,Mumbai,3,28238.81,5,Cash on Delivery,Delivered
TXN003641,CUST1077,Home & Kitchen,Cookware Set,Coimbatore,9,35456.29,20,Debit Card,Pending
TXN003642,CUST1428,Home & Kitchen,Mixer,Mumbai,10,44355.97,10,Credit Card,Delivered
TXN003643,CUST0357,Sports,Cricket Bat,Chennai,3,49845.63,5,Credit Card,Cancelled
TXN003644,CUST1799,Home & Kitchen,Cookware Set,Delhi,10,36583.86,15,Debit Card,Delivered
TXN003645,CUST0481,Books,Python Programming,Mumbai,8,15794.65,0,Credit Card,Delivered
TXN003646,CUST0971,Clothing,Shoes,Chennai,1,15020.7,25,Cash on Delivery,Delivered
TXN003647,CUST0860,Home & Kitchen,Mixer,Bengaluru,4,15524.28,20,Cash on Delivery,Delivered
TXN003648,CUST2409,Home & Kitchen,Vacuum Cleaner,Mumbai,4,4985.63,25,Debit Card,Shipped
TXN003649,CUST2823,Sports,Football,Delhi,6,2774.58,5,Cash on Delivery,Delivered
TXN003650,CUST1437,Books,Machine Learning Basics,Chennai,2,29084.06,5,Debit Card,Pending
TXN003651,CUST2912,Clothing,Shoes,Mumbai,7,40548.37,0,Debit Card,Delivered
TXN003652,CUST2500,Sports,Dumbbells,Bengaluru,5,1903.11,10,Cash on Delivery,Delivered
TXN003653,CUST2592,Sports,Football,Mumbai,10,28375.05,0,Debit Card,Cancelled
TXN003654,CUST1754,Books,Novel,Chennai,6,18650.88,10,Cash on Delivery,Delivered
TXN003655,CUST0680,Clothing,Jacket,Mumbai,6,44635.01,5,Debit Card,Delivered
TXN003656,CUST2524,Books,Python Programming,Delhi,6,7354.81,0,Debit Card,Delivered
TXN003657,CUST0571,Clothing,T-Shirt,Coimbatore,10,28215.26,25,Debit Card,Delivered
TXN003658,CUST0847,Books,Novel,Kochi,8,48548.94,25,Cash on Delivery,Delivered
TXN003659,CUST0848,Sports,Dumbbells,Kochi,10,17317.15,5,Credit Card,Delivered
TXN003660,CUST0244,Sports,Dumbbells,Chennai,4,37114.67,0,UPI,Delivered
TXN003661,CUST2336,Electronics,Headphones,Chennai,10,44134.31,5,Credit Card,Delivered
TXN003662,CUST1437,Home & Kitchen,Mixer,Chennai,8,9391.91,25,Debit Card,Delivered
TXN003663,CUST2181,Books,Data Science Guide,Chennai,9,49627.11,25,Cash on Delivery,Delivered
TXN003664,CUST1152,Electronics,Headphones,Mumbai,4,40488.39,5,Debit Card,Pending
TXN003665,CUST2445,Home & Kitchen,Mixer,Delhi,1,6964.46,5,Credit Card,Shipped
TXN003666,CUST2207,Books,Machine Learning Basics,Kochi,3,15613.15,15,UPI,Delivered
TXN003667,CUST0690,Clothing,T-Shirt,Bengaluru,1,31286.0,0,Credit Card,Delivered
TXN003668,CUST1326,Home & Kitchen,Cookware Set,Kochi,7,44257.4,15,Cash on Delivery,Delivered
TXN003669,CUST2884,Sports,Cricket Bat,Delhi,1,9822.29,5,Cash on Delivery,Delivered
TXN003670,CUST1199,Electronics,Headphones,Chennai,4,36587.16,20,Credit Card,Delivered
TXN003671,CUST1186,Home & Kitchen,Cookware Set,Hyderabad,1,13605.34,25,Credit Card,Delivered
TXN003672,CUST2346,Home & Kitchen,Vacuum Cleaner,Mumbai,2,40290.28,10,UPI,Delivered
TXN003673,CUST1096,Sports,Yoga Mat,Hyderabad,1,34203.76,0,Debit Card,Delivered
TXN003674,CUST2108,Books,Novel,Mumbai,5,26193.16,0,Cash on Delivery,Delivered
TXN003675,CUST2783,Clothing,T-Shirt,Chennai,7,32528.31,25,Cash on Delivery,Delivered
TXN003676,CUST0391,Sports,Yoga Mat,Mumbai,3,43834.62,10,UPI,Delivered
TXN003677,CUST0556,Clothing,T-Shirt,Chennai,8,19382.65,15,Cash on Delivery,Delivered
TXN003678,CUST1686,Books,Novel,Delhi,5,38485.58,10,Cash on Delivery,Pending
TXN003679,CUST0243,Home & Kitchen,Mixer,Pune,5,8029.38,20,Credit Card,Delivered
TXN003680,CUST1136,Clothing,Jacket,Coimbatore,5,35089.16,5,Credit Card,Delivered
TXN003681,CUST2687,Electronics,Laptop,Mumbai,8,37557.8,10,UPI,Delivered
TXN003682,CUST0520,Electronics,Smartphone,Chennai,2,22205.59,10,Cash on Delivery,Delivered
TXN003683,CUST2874,Sports,Cricket Bat,Hyderabad,2,39701.74,5,UPI,Delivered
TXN003684,CUST0544,Books,Data Science Guide,Chennai,8,27899.46,25,Debit Card,Delivered
TXN003685,CUST1023,Sports,Football,Hyderabad,9,46820.09,0,Debit Card,Delivered
TXN003686,CUST0600,Sports,Dumbbells,Kochi,10,5712.08,25,UPI,Shipped
TXN003687,CUST2914,Sports,Football,Mumbai,10,6627.99,20,Cash on Delivery,Shipped
TXN003688,CUST1320,Electronics,Laptop,Bengaluru,2,42137.13,25,Debit Card,Shipped
TXN003689,CUST1014,Electronics,Headphones,Hyderabad,4,42133.83,10,Cash on Delivery,Delivered
TXN003690,CUST2770,Sports,Dumbbells,Chennai,8,23614.12,10,Credit Card,Delivered
TXN003691,CUST1609,Electronics,Laptop,Mumbai,2,48201.71,0,UPI,Delivered
TXN003692,CUST2005,Books,Novel,Chennai,4,34001.53,20,Debit Card,Delivered
TXN003693,CUST0583,Sports,Football,Bengaluru,10,49144.38,5,Cash on Delivery,Delivered
TXN003694,CUST2366,Electronics,Smartwatch,Coimbatore,1,26666.53,5,Credit Card,Delivered
TXN003695,CUST2591,Clothing,Jacket,Pune,2,10160.51,15,UPI,Delivered
TXN003696,CUST1101,Sports,Football,Pune,7,22275.22,20,Debit Card,Delivered
TXN003697,CUST2572,Sports,Football,Bengaluru,1,49026.29,20,Credit Card,Delivered
TXN003698,CUST1697,Books,Python Programming,Delhi,1,18583.66,10,UPI,Delivered
TXN003699,CUST1537,Home & Kitchen,Cookware Set,Mumbai,2,47855.12,15,Debit Card,Delivered
TXN003700,CUST1852,Home & Kitchen,Mixer,Bengaluru,4,39871.37,5,Cash on Delivery,Delivered
TXN003701,CUST0310,Books,Novel,Coimbatore,7,22161.11,20,Credit Card,Delivered
TXN003702,CUST2596,Books,Python Programming,Chennai,4,27139.36,20,Credit Card,Pending
TXN003703,CUST0382,Books,Novel,Mumbai,5,30411.21,0,Cash on Delivery,Shipped
TXN003704,CUST1651,Home & Kitchen,Cookware Set,Kochi,4,33321.73,5,Credit Card,Delivered
TXN003705,CUST2112,Books,Data Science Guide,Hyderabad,4,3927.29,0,Credit Card,Delivered
TXN003706,CUST1140,Electronics,Smartphone,Bengaluru,9,46686.04,15,UPI,Delivered
TXN003707,CUST2846,Sports,Dumbbells,Kochi,6,29890.29,20,Cash on Delivery,Shipped
TXN003708,CUST1512,Sports,Yoga Mat,Kochi,3,46564.35,15,Credit Card,Delivered
TXN003709,CUST1863,Clothing,Shoes,Coimbatore,6,31631.73,25,Cash on Delivery,Cancelled
TXN003710,CUST2000,Clothing,Jeans,Kochi,7,21607.67,0,UPI,Delivered
TXN003711,CUST1341,Sports,Yoga Mat,Bengaluru,7,28389.71,5,UPI,Pending
TXN003712,CUST2384,Electronics,Smartwatch,Delhi,8,41492.21,20,Cash on Delivery,Shipped
TXN003713,CUST0011,Home & Kitchen,Cookware Set,Pune,4,16373.68,25,Cash on Delivery,Delivered
TXN003714,CUST0382,Home & Kitchen,Vacuum Cleaner,Pune,1,47827.36,25,Debit Card,Delivered
TXN003715,CUST2994,Electronics,Laptop,Mumbai,6,23351.16,5,UPI,Pending
TXN003716,CUST1878,Home & Kitchen,Vacuum Cleaner,Chennai,8,47816.23,15,Credit Card,Cancelled
TXN003717,CUST2601,Books,Novel,Coimbatore,5,44049.76,25,UPI,Delivered
TXN003718,CUST2721,Sports,Dumbbells,Bengaluru,3,38406.33,10,UPI,Cancelled
TXN003719,CUST2857,Sports,Dumbbells,Mumbai,4,23425.15,5,Debit Card,Pending
TXN003720,CUST1468,Electronics,Headphones,Bengaluru,8,29388.56,25,Cash on Delivery,Shipped
TXN003721,CUST0260,Home & Kitchen,Table Lamp,Mumbai,6,41917.67,5,UPI,Delivered
TXN003722,CUST2190,Clothing,Jacket,Pune,5,27248.38,5,Debit Card,Delivered
TXN003723,CUST1630,Clothing,T-Shirt,Kochi,9,36935.66,20,Cash on Delivery,Delivered
TXN003724,CUST0893,Home & Kitchen,Cookware Set,Delhi,10,39553.89,15,UPI,Delivered
TXN003725,CUST1760,Clothing,T-Shirt,Bengaluru,3,25703.45,15,Debit Card,Delivered
TXN003726,CUST0868,Electronics,Headphones,Delhi,7,26858.75,20,UPI,Pending
TXN003727,CUST2027,Electronics,Smartwatch,Hyderabad,9,9971.95,5,Credit Card,Delivered
TXN003728,CUST1100,Home & Kitchen,Table Lamp,Hyderabad,4,12312.48,5,Cash on Delivery,Delivered
TXN003729,CUST1323,Clothing,Jacket,Kochi,10,45256.66,10,Cash on Delivery,Delivered
TXN003730,CUST1162,Electronics,Laptop,Pune,10,42032.45,25,UPI,Delivered
TXN003731,CUST1384,Electronics,Smartwatch,Coimbatore,3,605.12,5,Debit Card,Delivered
TXN003732,CUST2242,Books,Python Programming,Delhi,1,43482.44,25,Debit Card,Delivered
TXN003733,CUST2368,Books,Data Science Guide,Mumbai,9,1359.22,0,Credit Card,Pending
TXN003734,CUST0535,Electronics,Smartwatch,Coimbatore,1,22968.19,25,Credit Card,Delivered
TXN003735,CUST2319,Home & Kitchen,Vacuum Cleaner,Bengaluru,2,3464.89,5,Debit Card,Delivered
TXN003736,CUST1988,Sports,Cricket Bat,Bengaluru,9,48444.27,10,Cash on Delivery,Delivered
TXN003737,CUST1408,Sports,Yoga Mat,Mumbai,5,48618.73,0,Credit Card,Delivered
TXN003738,CUST2796,Electronics,Smartwatch,Chennai,4,30582.46,10,UPI,Pending
TXN003739,CUST0199,Electronics,Laptop,Kochi,9,19671.03,25,UPI,Delivered
TXN003740,CUST0189,Electronics,Smartwatch,Chennai,9,25648.44,10,Cash on Delivery,Delivered
TXN003741,CUST0408,Home & Kitchen,Table Lamp,Kochi,2,38138.74,25,Cash on Delivery,Delivered
TXN003742,CUST2565,Books,Novel,Bengaluru,3,11237.33,15,Credit Card,Pending
TXN003743,CUST1883,Electronics,Laptop,Kochi,3,22141.95,25,UPI,Delivered
TXN003744,CUST0067,Electronics,Smartphone,Pune,5,36889.71,20,Cash on Delivery,Pending
TXN003745,CUST0509,Clothing,Jacket,Pune,3,19830.08,10,UPI,Delivered
TXN003746,CUST0648,Home & Kitchen,Vacuum Cleaner,Mumbai,10,1696.63,5,Credit Card,Delivered
TXN003747,CUST1808,Electronics,Laptop,Chennai,6,25418.98,15,Cash on Delivery,Delivered
TXN003748,CUST1870,Clothing,Shoes,Delhi,2,36896.82,0,Debit Card,Shipped
TXN003749,CUST0003,Sports,Cricket Bat,Bengaluru,6,48843.14,25,UPI,Pending
TXN003750,CUST1753,Electronics,Headphones,Hyderabad,6,1948.6,20,Cash on Delivery,Delivered
TXN003751,CUST0829,Electronics,Headphones,Delhi,2,27042.04,15,Credit Card,Delivered
TXN003752,CUST2821,Clothing,Jacket,Mumbai,6,22551.94,10,Debit Card,Delivered
TXN003753,CUST0541,Home & Kitchen,Table Lamp,Hyderabad,6,12198.19,15,Cash on Delivery,Delivered
TXN003754,CUST2663,Electronics,Smartwatch,Delhi,6,31924.36,5,UPI,Delivered
TXN003755,CUST1237,Sports,Dumbbells,Chennai,5,8264.76,5,UPI,Delivered
TXN003756,CUST0652,Electronics,Smartwatch,Kochi,7,14264.85,5,Credit Card,Delivered
TXN003757,CUST1123,Sports,Dumbbells,Pune,5,39109.69,20,UPI,Delivered
TXN003758,CUST0383,Books,Machine Learning Basics,Chennai,1,23074.55,15,Debit Card,Cancelled
TXN003759,CUST2682,Books,Python Programming,Hyderabad,9,49684.17,15,Credit Card,Shipped
TXN003760,CUST1477,Sports,Yoga Mat,Kochi,3,19384.39,10,Credit Card,Delivered
TXN003761,CUST1026,Home & Kitchen,Table Lamp,Kochi,2,23216.73,0,Cash on Delivery,Delivered
TXN003762,CUST0338,Electronics,Laptop,Kochi,10,15082.86,5,Credit Card,Delivered
TXN003763,CUST1524,Electronics,Headphones,Coimbatore,6,11891.05,0,Cash on Delivery,Delivered
TXN003764,CUST2722,Books,Python Programming,Pune,8,46121.84,0,Credit Card,Delivered
TXN003765,CUST2658,Sports,Yoga Mat,Bengaluru,2,37466.45,5,Cash on Delivery,Delivered
TXN003766,CUST0678,Electronics,Smartwatch,Hyderabad,4,16736.79,5,Cash on Delivery,Cancelled
TXN003767,CUST0213,Electronics,Smartwatch,Mumbai,2,35037.78,10,Cash on Delivery,Delivered
TXN003768,CUST1624,Home & Kitchen,Cookware Set,Bengaluru,9,48292.61,20,Debit Card,Delivered
TXN003769,CUST2563,Clothing,Jeans,Delhi,10,3794.99,5,Cash on Delivery,Delivered
TXN003770,CUST1252,Books,Data Science Guide,Pune,2,13298.77,0,Debit Card,Delivered
TXN003771,CUST2974,Books,Python Programming,Mumbai,10,10108.87,10,Cash on Delivery,Delivered
TXN003772,CUST2865,Clothing,Jacket,Mumbai,2,43502.18,15,Cash on Delivery,Delivered
TXN003773,CUST0960,Electronics,Laptop,Chennai,5,9041.6,10,Debit Card,Delivered
TXN003774,CUST1759,Home & Kitchen,Mixer,Delhi,5,15472.99,5,Debit Card,Shipped
TXN003775,CUST2685,Home & Kitchen,Mixer,Chennai,7,27238.65,25,Debit Card,Delivered
TXN003776,CUST0374,Books,Novel,Chennai,1,31092.61,5,Debit Card,Delivered
TXN003777,CUST2883,Home & Kitchen,Mixer,Kochi,2,40428.37,20,Cash on Delivery,Cancelled
TXN003778,CUST0390,Clothing,Jacket,Pune,6,20425.43,10,Cash on Delivery,Delivered
TXN003779,CUST0005,Electronics,Headphones,Coimbatore,2,26758.81,5,Credit Card,Delivered
TXN003780,CUST0875,Clothing,T-Shirt,Chennai,4,48276.56,0,Credit Card,Delivered
TXN003781,CUST1954,Sports,Cricket Bat,Bengaluru,10,14938.35,0,Cash on Delivery,Delivered
TXN003782,CUST0320,Books,Data Science Guide,Mumbai,6,12479.9,10,Credit Card,Delivered
TXN003783,CUST0544,Home & Kitchen,Vacuum Cleaner,Pune,7,35558.9,20,Debit Card,Delivered
TXN003784,CUST2432,Sports,Football,Chennai,10,38579.7,25,Credit Card,Delivered
TXN003785,CUST0927,Home & Kitchen,Cookware Set,Hyderabad,5,20797.47,10,Debit Card,Delivered
TXN003786,CUST2128,Electronics,Smartwatch,Bengaluru,8,10727.65,20,Cash on Delivery,Cancelled
TXN003787,CUST2786,Electronics,Laptop,Delhi,6,38968.24,0,Credit Card,Shipped
TXN003788,CUST1823,Electronics,Headphones,Mumbai,5,33557.6,5,Debit Card,Delivered
TXN003789,CUST0039,Home & Kitchen,Cookware Set,Pune,4,43823.77,15,Cash on Delivery,Delivered
TXN003790,CUST0034,Sports,Yoga Mat,Hyderabad,6,42231.89,5,Cash on Delivery,Delivered
TXN003791,CUST2850,Electronics,Headphones,Pune,6,10339.24,0,Debit Card,Delivered
TXN003792,CUST1408,Sports,Dumbbells,Pune,6,41633.73,25,Debit Card,Delivered
TXN003793,CUST0494,Home & Kitchen,Cookware Set,Hyderabad,1,8841.17,0,Cash on Delivery,Delivered
TXN003794,CUST1730,Sports,Football,Delhi,6,43198.82,5,UPI,Delivered
TXN003795,CUST2843,Home & Kitchen,Mixer,Hyderabad,1,38539.01,5,UPI,Delivered
TXN003796,CUST0542,Home & Kitchen,Mixer,Bengaluru,5,28536.07,25,Debit Card,Pending
TXN003797,CUST1957,Books,Python Programming,Kochi,7,32146.86,25,Credit Card,Delivered
TXN003798,CUST0291,Home & Kitchen,Mixer,Pune,1,5293.56,0,Debit Card,Delivered
TXN003799,CUST0938,Home & Kitchen,Table Lamp,Delhi,1,2090.27,5,Cash on Delivery,Delivered
TXN003800,CUST1570,Clothing,Shoes,Pune,6,16599.27,15,Debit Card,Delivered
TXN003801,CUST0366,Electronics,Smartphone,Hyderabad,7,41088.15,15,UPI,Shipped
TXN003802,CUST2994,Books,Data Science Guide,Delhi,6,23342.7,10,Debit Card,Delivered
TXN003803,CUST0420,Books,Machine Learning Basics,Delhi,5,11247.36,15,UPI,Delivered
TXN003804,CUST0423,Books,Machine Learning Basics,Chennai,6,41743.99,0,Credit Card,Delivered
TXN003805,CUST1284,Clothing,T-Shirt,Chennai,3,11508.5,0,Credit Card,Delivered
TXN003806,CUST1506,Home & Kitchen,Cookware Set,Kochi,9,40793.14,10,Credit Card,Delivered
TXN003807,CUST1226,Electronics,Laptop,Chennai,5,22703.68,20,Debit Card,Shipped
TXN003808,CUST0562,Sports,Cricket Bat,Hyderabad,2,23228.39,10,UPI,Delivered
TXN003809,CUST1568,Home & Kitchen,Vacuum Cleaner,Mumbai,10,13708.71,20,Debit Card,Delivered
TXN003810,CUST0546,Clothing,T-Shirt,Bengaluru,10,45018.68,20,Credit Card,Delivered
TXN003811,CUST2628,Home & Kitchen,Table Lamp,Hyderabad,7,4530.39,5,Debit Card,Delivered
TXN003812,CUST2774,Home & Kitchen,Table Lamp,Pune,3,7305.87,25,UPI,Shipped
TXN003813,CUST0586,Clothing,Jeans,Chennai,1,31830.65,15,Cash on Delivery,Delivered
TXN003814,CUST0281,Books,Machine Learning Basics,Delhi,3,42520.75,20,UPI,Shipped
TXN003815,CUST2173,Books,Python Programming,Hyderabad,9,4863.02,5,Credit Card,Delivered
TXN003816,CUST2308,Electronics,Smartphone,Delhi,5,36714.24,10,Credit Card,Delivered
TXN003817,CUST0035,Electronics,Smartphone,Kochi,7,37151.33,10,Credit Card,Delivered
TXN003818,CUST2500,Books,Novel,Pune,3,29117.98,20,Debit Card,Delivered
TXN003819,CUST2663,Sports,Cricket Bat,Delhi,4,24387.73,5,UPI,Delivered
TXN003820,CUST0673,Home & Kitchen,Mixer,Delhi,1,16122.28,0,Debit Card,Delivered
TXN003821,CUST1803,Sports,Football,Kochi,3,17637.94,25,Credit Card,Delivered
TXN003822,CUST1439,Home & Kitchen,Mixer,Coimbatore,7,33754.23,25,UPI,Delivered
TXN003823,CUST2960,Books,Novel,Mumbai,4,3357.84,15,Cash on Delivery,Delivered
TXN003824,CUST0873,Electronics,Laptop,Bengaluru,2,29288.26,20,Credit Card,Delivered
TXN003825,CUST2573,Electronics,Headphones,Bengaluru,5,14008.74,0,UPI,Cancelled
TXN003826,CUST0621,Sports,Yoga Mat,Chennai,5,23383.64,15,UPI,Pending
TXN003827,CUST1687,Electronics,Smartwatch,Coimbatore,2,27993.08,0,Credit Card,Cancelled
TXN003828,CUST2524,Books,Python Programming,Hyderabad,6,44294.4,25,Cash on Delivery,Delivered
TXN003829,CUST2813,Sports,Yoga Mat,Kochi,10,28995.84,5,UPI,Delivered
TXN003830,CUST1813,Home & Kitchen,Vacuum Cleaner,Hyderabad,4,11435.26,20,UPI,Delivered
TXN003831,CUST0890,Electronics,Smartwatch,Bengaluru,1,4065.03,0,Cash on Delivery,Pending
TXN003832,CUST0356,Clothing,Jeans,Mumbai,3,31386.72,0,Credit Card,Delivered
TXN003833,CUST0412,Electronics,Smartphone,Delhi,9,27297.91,0,UPI,Delivered
TXN003834,CUST0574,Home & Kitchen,Vacuum Cleaner,Pune,10,33622.72,25,Credit Card,Pending
TXN003835,CUST0505,Sports,Dumbbells,Chennai,7,23023.89,20,Debit Card,Pending
TXN003836,CUST2415,Home & Kitchen,Table Lamp,Mumbai,6,41273.78,5,Debit Card,Delivered
TXN003837,CUST2991,Clothing,Jacket,Bengaluru,1,46016.97,5,Cash on Delivery,Delivered
TXN003838,CUST1573,Books,Novel,Coimbatore,9,2096.22,0,Credit Card,Delivered
TXN003839,CUST1440,Electronics,Smartphone,Chennai,9,37229.92,5,UPI,Shipped
TXN003840,CUST1759,Sports,Football,Kochi,1,1854.51,15,Cash on Delivery,Delivered
TXN003841,CUST1289,Books,Novel,Bengaluru,6,22310.32,5,Debit Card,Shipped
TXN003842,CUST0573,Home & Kitchen,Vacuum Cleaner,Hyderabad,7,23134.0,0,Credit Card,Shipped
TXN003843,CUST1015,Sports,Dumbbells,Chennai,2,34841.3,15,Cash on Delivery,Pending
TXN003844,CUST1135,Books,Machine Learning Basics,Kochi,10,17684.92,20,Cash on Delivery,Pending
TXN003845,CUST2641,Sports,Football,Bengaluru,8,41062.98,10,Credit Card,Shipped
TXN003846,CUST0346,Clothing,Shoes,Hyderabad,8,17208.92,25,UPI,Delivered
TXN003847,CUST1017,Clothing,T-Shirt,Pune,6,17191.64,5,UPI,Delivered
TXN003848,CUST2267,Electronics,Smartwatch,Hyderabad,9,11215.76,15,UPI,Cancelled
TXN003849,CUST2462,Electronics,Smartwatch,Delhi,3,34225.06,10,Credit Card,Delivered
TXN003850,CUST2458,Clothing,Jacket,Kochi,2,3921.7,20,Debit Card,Delivered
TXN003851,CUST2954,Sports,Cricket Bat,Kochi,2,18216.45,10,Cash on Delivery,Delivered
TXN003852,CUST2489,Clothing,Shoes,Coimbatore,6,13417.85,20,Credit Card,Delivered
TXN003853,CUST1168,Electronics,Laptop,Kochi,7,11543.85,0,UPI,Delivered
TXN003854,CUST2829,Clothing,T-Shirt,Delhi,6,3143.07,0,UPI,Delivered
TXN003855,CUST0110,Clothing,Shoes,Bengaluru,3,9600.12,25,Cash on Delivery,Delivered
TXN003856,CUST2697,Sports,Football,Pune,5,22367.6,25,Cash on Delivery,Delivered
TXN003857,CUST1236,Books,Novel,Mumbai,8,25236.7,20,Cash on Delivery,Shipped
TXN003858,CUST0842,Electronics,Headphones,Pune,6,13548.28,10,Cash on Delivery,Delivered
TXN003859,CUST2121,Sports,Dumbbells,Pune,2,32547.15,25,Cash on Delivery,Delivered
TXN003860,CUST2486,Clothing,T-Shirt,Kochi,7,16856.09,5,Credit Card,Delivered
TXN003861,CUST2088,Clothing,Jacket,Pune,8,18425.57,10,UPI,Shipped
TXN003862,CUST0773,Books,Machine Learning Basics,Kochi,4,39152.95,25,UPI,Delivered
TXN003863,CUST1605,Electronics,Laptop,Delhi,1,27643.14,10,Credit Card,Delivered
TXN003864,CUST1211,Electronics,Smartphone,Mumbai,2,47663.43,5,Debit Card,Delivered
TXN003865,CUST2647,Home & Kitchen,Mixer,Hyderabad,4,18029.13,10,UPI,Delivered
TXN003866,CUST0224,Electronics,Laptop,Kochi,7,41409.24,10,Debit Card,Delivered
TXN003867,CUST0981,Books,Data Science Guide,Bengaluru,2,36943.04,15,Debit Card,Pending
TXN003868,CUST2028,Home & Kitchen,Table Lamp,Coimbatore,6,44520.43,20,Debit Card,Delivered
TXN003869,CUST1581,Home & Kitchen,Cookware Set,Mumbai,2,47843.89,0,Debit Card,Delivered
TXN003870,CUST0462,Clothing,T-Shirt,Bengaluru,7,483.06,25,UPI,Delivered
TXN003871,CUST0988,Clothing,Jeans,Kochi,2,4506.06,25,UPI,Delivered
TXN003872,CUST2047,Electronics,Smartwatch,Mumbai,3,33749.51,25,Credit Card,Delivered
TXN003873,CUST2614,Home & Kitchen,Table Lamp,Kochi,9,19570.97,20,UPI,Delivered
TXN003874,CUST2433,Clothing,Jeans,Delhi,4,40974.34,10,Credit Card,Pending
TXN003875,CUST0291,Books,Python Programming,Bengaluru,5,697.79,5,Debit Card,Delivered
TXN003876,CUST2164,Clothing,Shoes,Delhi,9,40368.17,5,Credit Card,Pending
TXN003877,CUST0050,Clothing,Jacket,Chennai,7,6848.58,0,Credit Card,Delivered
TXN003878,CUST1480,Home & Kitchen,Table Lamp,Bengaluru,8,14583.43,0,UPI,Delivered
TXN003879,CUST1297,Home & Kitchen,Vacuum Cleaner,Mumbai,3,48457.0,0,Credit Card,Delivered
TXN003880,CUST0541,Sports,Yoga Mat,Chennai,4,2674.75,5,Debit Card,Delivered
TXN003881,CUST1585,Books,Data Science Guide,Delhi,7,17517.13,10,UPI,Shipped
TXN003882,CUST2329,Home & Kitchen,Mixer,Delhi,4,4317.99,0,UPI,Delivered
TXN003883,CUST1724,Electronics,Headphones,Mumbai,2,42694.86,0,UPI,Delivered
TXN003884,CUST1497,Books,Novel,Chennai,10,35180.5,5,Cash on Delivery,Shipped
TXN003885,CUST2238,Books,Python Programming,Pune,6,40036.84,25,Debit Card,Delivered
TXN003886,CUST2798,Home & Kitchen,Vacuum Cleaner,Hyderabad,9,26411.25,10,Credit Card,Delivered
TXN003887,CUST0708,Books,Data Science Guide,Coimbatore,2,17950.23,0,Cash on Delivery,Delivered
TXN003888,CUST1930,Home & Kitchen,Table Lamp,Mumbai,1,213.45,10,UPI,Delivered
TXN003889,CUST0299,Clothing,Shoes,Delhi,8,13968.57,15,Cash on Delivery,Delivered
TXN003890,CUST0069,Sports,Yoga Mat,Bengaluru,1,25776.22,25,Cash on Delivery,Pending
TXN003891,CUST2406,Clothing,Jeans,Chennai,1,33251.67,25,Credit Card,Delivered
TXN003892,CUST0277,Home & Kitchen,Vacuum Cleaner,Kochi,3,11523.98,0,Debit Card,Delivered
TXN003893,CUST0057,Home & Kitchen,Table Lamp,Hyderabad,5,7031.15,0,Cash on Delivery,Delivered
TXN003894,CUST1074,Clothing,Shoes,Coimbatore,9,10160.58,5,Debit Card,Delivered
TXN003895,CUST0884,Electronics,Smartphone,Bengaluru,10,17768.39,25,Debit Card,Shipped
TXN003896,CUST0164,Electronics,Smartphone,Chennai,2,7504.08,15,UPI,Delivered
TXN003897,CUST0248,Electronics,Smartwatch,Hyderabad,1,7925.18,15,UPI,Shipped
TXN003898,CUST1631,Home & Kitchen,Mixer,Mumbai,1,2283.21,15,Credit Card,Delivered
TXN003899,CUST2076,Books,Novel,Kochi,8,42850.59,20,Credit Card,Delivered
TXN003900,CUST1174,Home & Kitchen,Cookware Set,Hyderabad,10,11065.96,5,Cash on Delivery,Delivered
TXN003901,CUST2575,Books,Python Programming,Mumbai,10,41112.93,5,UPI,Cancelled
TXN003902,CUST2919,Clothing,Jeans,Kochi,10,21971.64,0,Debit Card,Delivered
TXN003903,CUST2053,Sports,Cricket Bat,Kochi,2,31658.65,5,Debit Card,Cancelled
TXN003904,CUST1702,Books,Data Science Guide,Pune,9,3877.54,0,Cash on Delivery,Delivered
TXN003905,CUST1735,Electronics,Laptop,Chennai,9,29220.67,0,UPI,Delivered
TXN003906,CUST2875,Home & Kitchen,Table Lamp,Kochi,2,14570.77,20,Credit Card,Delivered
TXN003907,CUST1648,Clothing,T-Shirt,Hyderabad,3,4850.98,5,Cash on Delivery,Delivered
TXN003908,CUST0338,Electronics,Smartphone,Kochi,2,45420.8,5,Debit Card,Delivered
TXN003909,CUST2624,Clothing,Shoes,Coimbatore,6,30221.04,20,UPI,Delivered
TXN003910,CUST2198,Sports,Dumbbells,Hyderabad,7,12161.21,20,Credit Card,Delivered
TXN003911,CUST2203,Home & Kitchen,Cookware Set,Chennai,6,21040.44,5,Credit Card,Delivered
TXN003912,CUST2524,Home & Kitchen,Table Lamp,Bengaluru,3,17909.32,5,Debit Card,Delivered
TXN003913,CUST0626,Sports,Football,Bengaluru,3,35058.93,0,Debit Card,Delivered
TXN003914,CUST1137,Home & Kitchen,Table Lamp,Hyderabad,2,30410.92,10,Debit Card,Delivered
TXN003915,CUST0343,Books,Novel,Hyderabad,2,1087.13,25,Debit Card,Delivered
TXN003916,CUST1270,Clothing,T-Shirt,Mumbai,5,9971.57,0,Credit Card,Delivered
TXN003917,CUST0324,Electronics,Headphones,Chennai,8,23958.59,15,UPI,Delivered
TXN003918,CUST2095,Sports,Cricket Bat,Mumbai,6,22329.74,15,Credit Card,Delivered
TXN003919,CUST0833,Books,Novel,Coimbatore,9,25882.08,10,Debit Card,Delivered
TXN003920,CUST0637,Electronics,Headphones,Pune,5,35769.06,25,UPI,Delivered
TXN003921,CUST2198,Electronics,Headphones,Bengaluru,10,34132.25,20,Credit Card,Cancelled
TXN003922,CUST1339,Sports,Yoga Mat,Kochi,4,18703.39,15,UPI,Cancelled
TXN003923,CUST1601,Books,Machine Learning Basics,Kochi,9,43891.32,20,Credit Card,Shipped
TXN003924,CUST2403,Electronics,Laptop,Delhi,10,3240.34,20,UPI,Delivered
TXN003925,CUST2599,Electronics,Laptop,Delhi,5,29267.04,0,Credit Card,Delivered
TXN003926,CUST2662,Books,Machine Learning Basics,Chennai,1,47489.31,20,Credit Card,Pending
TXN003927,CUST2790,Home & Kitchen,Cookware Set,Kochi,5,27499.16,10,Cash on Delivery,Delivered
TXN003928,CUST2635,Electronics,Headphones,Chennai,5,22809.8,0,Debit Card,Delivered
TXN003929,CUST0271,Clothing,Jacket,Delhi,5,6782.49,10,Cash on Delivery,Delivered
TXN003930,CUST1271,Books,Novel,Chennai,2,40528.44,20,Credit Card,Delivered
TXN003931,CUST2862,Electronics,Smartwatch,Bengaluru,6,18752.37,15,Debit Card,Shipped
TXN003932,CUST1792,Sports,Football,Coimbatore,5,35092.17,25,Credit Card,Cancelled
TXN003933,CUST2990,Clothing,Jacket,Coimbatore,2,9957.59,20,Cash on Delivery,Delivered
TXN003934,CUST0978,Electronics,Laptop,Kochi,10,2188.97,10,UPI,Delivered
TXN003935,CUST0238,Clothing,Jeans,Mumbai,8,15342.83,5,UPI,Delivered
TXN003936,CUST1002,Clothing,Shoes,Bengaluru,6,14142.55,5,Debit Card,Delivered
TXN003937,CUST0354,Home & Kitchen,Mixer,Pune,10,43686.42,15,Cash on Delivery,Delivered
TXN003938,CUST1780,Clothing,Jacket,Chennai,3,43247.22,25,Cash on Delivery,Shipped
TXN003939,CUST0476,Home & Kitchen,Table Lamp,Chennai,9,26741.32,10,Credit Card,Pending
TXN003940,CUST1858,Books,Data Science Guide,Kochi,4,1048.05,15,Debit Card,Delivered
TXN003941,CUST2508,Home & Kitchen,Cookware Set,Pune,3,11493.4,0,UPI,Cancelled
TXN003942,CUST2494,Sports,Dumbbells,Mumbai,7,31986.73,20,Cash on Delivery,Delivered
TXN003943,CUST0226,Electronics,Smartphone,Mumbai,8,5160.28,0,Credit Card,Pending
TXN003944,CUST1267,Books,Python Programming,Chennai,7,35061.05,5,Debit Card,Delivered
TXN003945,CUST2729,Books,Machine Learning Basics,Chennai,1,696.92,20,Cash on Delivery,Cancelled
TXN003946,CUST2696,Sports,Football,Pune,1,34158.59,0,Cash on Delivery,Delivered
TXN003947,CUST0720,Home & Kitchen,Cookware Set,Kochi,5,42242.51,5,UPI,Pending
TXN003948,CUST0490,Electronics,Smartphone,Bengaluru,8,23513.96,25,Cash on Delivery,Cancelled
TXN003949,CUST0052,Home & Kitchen,Table Lamp,Pune,10,41471.14,0,UPI,Delivered
TXN003950,CUST2900,Clothing,Jacket,Mumbai,3,39098.23,20,Cash on Delivery,Delivered
TXN003951,CUST0563,Home & Kitchen,Mixer,Pune,8,33603.82,0,Credit Card,Shipped
TXN003952,CUST2874,Books,Python Programming,Pune,3,22312.95,20,Credit Card,Delivered
TXN003953,CUST0047,Electronics,Smartwatch,Pune,4,13668.01,0,Credit Card,Delivered
TXN003954,CUST0672,Home & Kitchen,Cookware Set,Bengaluru,10,43057.11,15,Debit Card,Delivered
TXN003955,CUST2034,Electronics,Smartphone,Hyderabad,7,32464.66,25,Debit Card,Delivered
TXN003956,CUST1421,Electronics,Headphones,Chennai,3,39921.04,0,Credit Card,Pending
TXN003957,CUST2143,Clothing,Jeans,Delhi,4,27643.15,0,Credit Card,Pending
TXN003958,CUST2119,Clothing,Jacket,Kochi,8,8676.14,15,Credit Card,Delivered
TXN003959,CUST2953,Books,Python Programming,Pune,4,48973.95,5,UPI,Shipped
TXN003960,CUST1062,Sports,Football,Kochi,9,9218.66,20,Credit Card,Delivered
TXN003961,CUST0684,Electronics,Headphones,Delhi,4,45570.95,10,Debit Card,Shipped
TXN003962,CUST1524,Sports,Yoga Mat,Hyderabad,4,10486.12,5,UPI,Shipped
TXN003963,CUST0520,Books,Novel,Chennai,5,18750.1,20,Credit Card,Delivered
TXN003964,CUST1101,Electronics,Headphones,Mumbai,1,22060.16,0,Debit Card,Delivered
TXN003965,CUST0484,Electronics,Headphones,Delhi,7,46076.66,5,UPI,Delivered
TXN003966,CUST0121,Sports,Dumbbells,Kochi,9,44421.11,0,UPI,Delivered
TXN003967,CUST1373,Home & Kitchen,Vacuum Cleaner,Kochi,9,41178.73,5,Debit Card,Pending
TXN003968,CUST1759,Clothing,Jeans,Kochi,1,18896.09,5,Debit Card,Delivered
TXN003969,CUST1115,Home & Kitchen,Mixer,Mumbai,6,324.21,10,UPI,Delivered
TXN003970,CUST2146,Sports,Football,Delhi,3,34111.01,15,Debit Card,Delivered
TXN003971,CUST0262,Clothing,T-Shirt,Kochi,4,20606.6,5,UPI,Delivered
TXN003972,CUST1078,Home & Kitchen,Cookware Set,Mumbai,8,37877.2,0,UPI,Delivered
TXN003973,CUST2918,Clothing,Jacket,Pune,4,39763.12,10,UPI,Delivered
TXN003974,CUST2362,Electronics,Laptop,Kochi,8,22042.2,5,UPI,Delivered
TXN003975,CUST2571,Home & Kitchen,Vacuum Cleaner,Delhi,4,37430.32,15,Credit Card,Pending
TXN003976,CUST0316,Clothing,T-Shirt,Mumbai,9,42012.87,0,Debit Card,Pending
TXN003977,CUST2033,Clothing,Jeans,Hyderabad,6,46430.96,10,Credit Card,Delivered
TXN003978,CUST1865,Clothing,Shoes,Bengaluru,1,29164.52,20,Credit Card,Delivered
TXN003979,CUST2093,Home & Kitchen,Vacuum Cleaner,Mumbai,10,38946.09,25,Credit Card,Delivered
TXN003980,CUST1476,Books,Machine Learning Basics,Bengaluru,2,24778.79,15,Credit Card,Delivered
TXN003981,CUST0228,Home & Kitchen,Table Lamp,Bengaluru,7,2178.98,20,UPI,Delivered
TXN003982,CUST2047,Sports,Football,Chennai,10,7845.55,20,UPI,Pending
TXN003983,CUST2322,Home & Kitchen,Cookware Set,Pune,7,6498.4,10,UPI,Delivered
TXN003984,CUST0684,Clothing,T-Shirt,Hyderabad,3,8671.1,10,Cash on Delivery,Delivered
TXN003985,CUST1507,Electronics,Laptop,Bengaluru,1,609.62,10,UPI,Delivered
TXN003986,CUST0645,Home & Kitchen,Cookware Set,Coimbatore,8,42949.47,20,Credit Card,Delivered
TXN003987,CUST1045,Home & Kitchen,Mixer,Pune,10,28051.45,25,Cash on Delivery,Delivered
TXN003988,CUST0422,Clothing,Jeans,Bengaluru,10,19219.19,0,Cash on Delivery,Delivered
TXN003989,CUST2351,Electronics,Laptop,Mumbai,7,20547.97,10,Cash on Delivery,Delivered
TXN003990,CUST2762,Electronics,Laptop,Bengaluru,10,23221.22,15,UPI,Delivered
TXN003991,CUST2961,Sports,Dumbbells,Mumbai,8,3786.79,10,Credit Card,Delivered
TXN003992,CUST0473,Home & Kitchen,Mixer,Kochi,1,13805.8,25,UPI,Delivered
TXN003993,CUST0936,Electronics,Headphones,Mumbai,3,42596.16,10,Debit Card,Delivered
TXN003994,CUST2085,Electronics,Smartphone,Coimbatore,2,37209.39,25,Cash on Delivery,Pending
TXN003995,CUST0011,Books,Python Programming,Bengaluru,1,28213.94,10,Debit Card,Pending
TXN003996,CUST0181,Books,Data Science Guide,Bengaluru,5,24087.13,20,Cash on Delivery,Delivered
TXN003997,CUST0051,Electronics,Smartwatch,Delhi,3,13022.76,25,Cash on Delivery,Delivered
TXN003998,CUST1002,Sports,Dumbbells,Pune,10,23615.62,0,Debit Card,Shipped
TXN003999,CUST0189,Electronics,Smartwatch,Delhi,8,29932.98,10,Debit Card,Delivered
TXN004000,CUST1933,Clothing,Jacket,Chennai,6,35660.63,20,UPI,Delivered
TXN004001,CUST1491,Home & Kitchen,Vacuum Cleaner,Mumbai,10,8415.35,15,Debit Card,Delivered
TXN004002,CUST1569,Sports,Cricket Bat,Coimbatore,9,40674.2,0,Debit Card,Delivered
TXN004003,CUST0615,Clothing,Jeans,Delhi,9,17355.98,20,Credit Card,Delivered
TXN004004,CUST0734,Sports,Dumbbells,Bengaluru,6,25212.58,25,Debit Card,Delivered
TXN004005,CUST0145,Clothing,Shoes,Chennai,2,30434.43,5,UPI,Delivered
TXN004006,CUST2265,Home & Kitchen,Table Lamp,Coimbatore,9,24455.95,15,Cash on Delivery,Delivered
TXN004007,CUST2925,Home & Kitchen,Table Lamp,Hyderabad,2,28640.65,15,Cash on Delivery,Delivered
TXN004008,CUST2686,Books,Machine Learning Basics,Bengaluru,3,5665.02,5,Credit Card,Shipped
TXN004009,CUST1718,Clothing,Jacket,Bengaluru,6,21664.56,20,UPI,Delivered
TXN004010,CUST0920,Books,Machine Learning Basics,Kochi,2,14095.33,20,Cash on Delivery,Cancelled
TXN004011,CUST1319,Clothing,T-Shirt,Hyderabad,5,4392.71,25,Credit Card,Delivered
TXN004012,CUST1017,Books,Data Science Guide,Mumbai,2,9663.3,15,Cash on Delivery,Cancelled
TXN004013,CUST1705,Home & Kitchen,Cookware Set,Mumbai,4,30161.98,20,UPI,Cancelled
TXN004014,CUST2951,Sports,Yoga Mat,Delhi,3,9914.65,5,Debit Card,Delivered
TXN004015,CUST1311,Books,Data Science Guide,Delhi,5,9135.09,20,Credit Card,Delivered
TXN004016,CUST1112,Clothing,Shoes,Bengaluru,6,27686.24,15,Debit Card,Delivered
TXN004017,CUST0320,Clothing,Shoes,Pune,7,45244.66,20,UPI,Delivered
TXN004018,CUST2342,Home & Kitchen,Table Lamp,Bengaluru,10,39455.77,0,UPI,Shipped
TXN004019,CUST1528,Clothing,Jacket,Delhi,8,45263.95,5,Cash on Delivery,Delivered
TXN004020,CUST0490,Electronics,Smartphone,Hyderabad,9,29190.71,5,Cash on Delivery,Delivered
TXN004021,CUST2057,Sports,Dumbbells,Delhi,4,20555.49,10,Credit Card,Delivered
TXN004022,CUST2758,Books,Machine Learning Basics,Bengaluru,4,36509.1,20,Cash on Delivery,Delivered
TXN004023,CUST0216,Sports,Football,Coimbatore,7,13142.07,25,Cash on Delivery,Delivered
TXN004024,CUST0735,Home & Kitchen,Mixer,Bengaluru,10,3994.89,5,UPI,Delivered
TXN004025,CUST0915,Books,Machine Learning Basics,Coimbatore,10,17296.28,20,UPI,Pending
TXN004026,CUST2113,Books,Novel,Coimbatore,9,15031.91,0,Credit Card,Cancelled
TXN004027,CUST0189,Electronics,Headphones,Bengaluru,2,33809.39,15,Debit Card,Delivered
TXN004028,CUST1643,Home & Kitchen,Table Lamp,Pune,6,27613.0,15,Credit Card,Pending
TXN004029,CUST0283,Clothing,Jeans,Pune,10,6999.32,10,UPI,Delivered
TXN004030,CUST1906,Electronics,Laptop,Chennai,10,45434.36,10,UPI,Delivered
TXN004031,CUST1157,Electronics,Smartwatch,Delhi,8,29707.61,25,Credit Card,Delivered
TXN004032,CUST1273,Sports,Yoga Mat,Pune,5,22938.44,5,Credit Card,Cancelled
TXN004033,CUST1341,Sports,Football,Mumbai,5,46866.03,25,Debit Card,Delivered
TXN004034,CUST0354,Sports,Cricket Bat,Bengaluru,8,4955.36,5,UPI,Delivered
TXN004035,CUST2266,Electronics,Laptop,Coimbatore,1,39500.69,5,Cash on Delivery,Delivered
TXN004036,CUST1871,Clothing,Shoes,Bengaluru,6,18296.81,0,UPI,Delivered
TXN004037,CUST0033,Books,Machine Learning Basics,Delhi,10,34799.95,10,Cash on Delivery,Delivered
TXN004038,CUST1512,Sports,Football,Hyderabad,9,46543.2,10,Cash on Delivery,Delivered
TXN004039,CUST0822,Clothing,T-Shirt,Pune,6,25933.88,15,Cash on Delivery,Delivered
TXN004040,CUST1195,Home & Kitchen,Vacuum Cleaner,Pune,7,1229.68,10,Debit Card,Delivered
TXN004041,CUST2310,Sports,Yoga Mat,Pune,4,1539.53,10,Credit Card,Delivered
TXN004042,CUST1245,Books,Python Programming,Coimbatore,10,16594.98,0,Cash on Delivery,Delivered
TXN004043,CUST2551,Home & Kitchen,Vacuum Cleaner,Mumbai,1,39104.75,25,Credit Card,Delivered
TXN004044,CUST0994,Home & Kitchen,Vacuum Cleaner,Kochi,9,14484.24,5,Cash on Delivery,Delivered
TXN004045,CUST1901,Books,Python Programming,Mumbai,6,16789.98,25,Debit Card,Delivered
TXN004046,CUST1509,Sports,Yoga Mat,Pune,3,39244.59,0,Cash on Delivery,Pending
TXN004047,CUST2424,Electronics,Smartphone,Mumbai,4,5897.84,20,Credit Card,Delivered
TXN004048,CUST2021,Books,Machine Learning Basics,Hyderabad,10,42355.97,15,Debit Card,Delivered
TXN004049,CUST0801,Books,Novel,Pune,6,13363.05,15,Credit Card,Delivered
TXN004050,CUST2239,Books,Novel,Chennai,6,2656.03,15,Credit Card,Cancelled
TXN004051,CUST1005,Home & Kitchen,Mixer,Coimbatore,9,5955.4,25,Credit Card,Pending
TXN004052,CUST0617,Clothing,Jacket,Hyderabad,4,47632.49,5,Cash on Delivery,Delivered
TXN004053,CUST0027,Electronics,Headphones,Kochi,5,22621.07,5,Debit Card,Delivered
TXN004054,CUST1680,Sports,Cricket Bat,Coimbatore,5,12896.26,5,Debit Card,Shipped
TXN004055,CUST0098,Sports,Cricket Bat,Kochi,3,26111.42,15,Debit Card,Delivered
TXN004056,CUST0955,Clothing,Shoes,Pune,2,34149.1,15,UPI,Shipped
TXN004057,CUST2219,Books,Novel,Hyderabad,8,16008.04,25,UPI,Delivered
TXN004058,CUST1419,Electronics,Smartwatch,Pune,10,36291.03,25,Debit Card,Delivered
TXN004059,CUST2605,Sports,Football,Kochi,9,12687.38,15,Cash on Delivery,Delivered
TXN004060,CUST2841,Sports,Dumbbells,Kochi,10,5705.63,20,UPI,Delivered
TXN004061,CUST0040,Books,Python Programming,Hyderabad,9,27530.44,20,Cash on Delivery,Cancelled
TXN004062,CUST1373,Clothing,T-Shirt,Pune,5,7640.82,25,Cash on Delivery,Delivered
TXN004063,CUST0006,Electronics,Headphones,Chennai,9,47030.2,15,UPI,Delivered
TXN004064,CUST2693,Clothing,T-Shirt,Coimbatore,4,122.41,5,Credit Card,Delivered
TXN004065,CUST1542,Clothing,Jeans,Hyderabad,2,37809.24,5,Credit Card,Shipped
TXN004066,CUST2979,Electronics,Laptop,Chennai,3,14045.71,20,Credit Card,Delivered
TXN004067,CUST1260,Electronics,Laptop,Bengaluru,1,42319.73,20,UPI,Delivered
TXN004068,CUST0426,Sports,Cricket Bat,Pune,5,3101.53,15,Cash on Delivery,Delivered
TXN004069,CUST0841,Sports,Dumbbells,Delhi,1,47654.73,15,UPI,Cancelled
TXN004070,CUST2171,Electronics,Smartphone,Hyderabad,1,5159.6,5,Debit Card,Delivered
TXN004071,CUST0976,Home & Kitchen,Mixer,Mumbai,7,39415.35,25,Cash on Delivery,Delivered
TXN004072,CUST1720,Sports,Dumbbells,Chennai,2,25915.38,10,UPI,Delivered
TXN004073,CUST2016,Home & Kitchen,Mixer,Chennai,8,21576.7,25,Cash on Delivery,Delivered
TXN004074,CUST0246,Electronics,Headphones,Hyderabad,6,14079.77,5,UPI,Delivered
TXN004075,CUST0584,Sports,Cricket Bat,Kochi,4,42084.34,25,Debit Card,Shipped
TXN004076,CUST2915,Clothing,Jacket,Chennai,9,10067.59,5,Debit Card,Pending
TXN004077,CUST1147,Electronics,Laptop,Bengaluru,10,36089.94,15,Debit Card,Shipped
TXN004078,CUST0382,Books,Python Programming,Chennai,8,22345.0,10,Credit Card,Delivered
TXN004079,CUST0180,Home & Kitchen,Vacuum Cleaner,Delhi,10,49924.9,10,Debit Card,Delivered
TXN004080,CUST0949,Electronics,Headphones,Delhi,3,30608.81,15,Credit Card,Delivered
TXN004081,CUST2129,Electronics,Laptop,Kochi,3,5299.06,0,Cash on Delivery,Delivered
TXN004082,CUST1692,Sports,Yoga Mat,Pune,4,21034.11,15,Cash on Delivery,Shipped
TXN004083,CUST2871,Sports,Cricket Bat,Pune,9,3408.32,20,Cash on Delivery,Shipped
TXN004084,CUST1526,Sports,Dumbbells,Kochi,9,14354.22,25,UPI,Cancelled
TXN004085,CUST1878,Books,Novel,Mumbai,5,17231.51,10,UPI,Delivered
TXN004086,CUST0348,Sports,Cricket Bat,Bengaluru,9,42673.51,15,Credit Card,Delivered
TXN004087,CUST2379,Electronics,Smartphone,Delhi,6,41915.58,5,Credit Card,Delivered
TXN004088,CUST0392,Sports,Football,Kochi,8,676.71,5,Credit Card,Cancelled
TXN004089,CUST2071,Clothing,Jeans,Hyderabad,8,26660.7,25,UPI,Delivered
TXN004090,CUST0547,Sports,Yoga Mat,Coimbatore,10,11254.83,5,UPI,Delivered
TXN004091,CUST2611,Books,Python Programming,Coimbatore,7,16072.65,15,Cash on Delivery,Delivered
TXN004092,CUST1616,Clothing,Jeans,Coimbatore,4,1180.4,0,Debit Card,Pending
TXN004093,CUST0307,Electronics,Smartwatch,Pune,4,37512.32,20,Debit Card,Delivered
TXN004094,CUST2425,Electronics,Smartphone,Hyderabad,6,47534.43,5,UPI,Delivered
TXN004095,CUST2326,Home & Kitchen,Vacuum Cleaner,Chennai,9,11041.43,15,Debit Card,Shipped
TXN004096,CUST0256,Clothing,Jeans,Hyderabad,7,17154.47,0,Cash on Delivery,Delivered
TXN004097,CUST1782,Home & Kitchen,Table Lamp,Chennai,5,10401.06,10,Debit Card,Delivered
TXN004098,CUST2714,Clothing,Jeans,Coimbatore,5,46509.43,10,Credit Card,Delivered
TXN004099,CUST0536,Clothing,T-Shirt,Mumbai,8,566.86,25,Cash on Delivery,Delivered
TXN004100,CUST0970,Books,Machine Learning Basics,Mumbai,6,29234.73,20,UPI,Delivered
TXN004101,CUST1195,Home & Kitchen,Vacuum Cleaner,Kochi,1,43551.12,15,Credit Card,Delivered
TXN004102,CUST1070,Books,Machine Learning Basics,Chennai,1,9396.73,15,UPI,Delivered
TXN004103,CUST1291,Clothing,T-Shirt,Coimbatore,9,29540.77,5,UPI,Delivered
TXN004104,CUST1610,Electronics,Headphones,Hyderabad,8,2627.34,0,Credit Card,Delivered
TXN004105,CUST2871,Clothing,Shoes,Mumbai,6,40747.8,20,Cash on Delivery,Delivered
TXN004106,CUST1337,Books,Python Programming,Chennai,1,13794.01,0,UPI,Shipped
TXN004107,CUST1303,Home & Kitchen,Table Lamp,Kochi,2,49438.8,20,Credit Card,Shipped
TXN004108,CUST1855,Home & Kitchen,Mixer,Hyderabad,10,46108.28,15,Credit Card,Delivered
TXN004109,CUST1114,Books,Python Programming,Coimbatore,3,36652.55,15,UPI,Cancelled
TXN004110,CUST0957,Home & Kitchen,Mixer,Bengaluru,10,24892.45,20,UPI,Delivered
TXN004111,CUST0306,Sports,Football,Coimbatore,3,38352.8,0,Cash on Delivery,Cancelled
TXN004112,CUST0831,Electronics,Smartphone,Pune,2,6617.39,25,Credit Card,Delivered
TXN004113,CUST0558,Electronics,Laptop,Coimbatore,2,15578.96,10,Debit Card,Delivered
TXN004114,CUST2395,Electronics,Headphones,Kochi,6,1442.13,10,Debit Card,Cancelled
TXN004115,CUST0447,Home & Kitchen,Mixer,Hyderabad,7,32286.73,5,UPI,Delivered
TXN004116,CUST0637,Home & Kitchen,Cookware Set,Kochi,4,40296.33,5,UPI,Delivered
TXN004117,CUST0433,Clothing,T-Shirt,Hyderabad,1,47319.65,25,Cash on Delivery,Delivered
TXN004118,CUST0674,Clothing,Jeans,Delhi,6,34356.71,0,Debit Card,Shipped
TXN004119,CUST1842,Electronics,Headphones,Delhi,7,36631.35,25,UPI,Delivered
TXN004120,CUST1909,Sports,Dumbbells,Hyderabad,4,44783.24,15,UPI,Delivered
TXN004121,CUST1287,Clothing,T-Shirt,Hyderabad,6,46825.26,0,Debit Card,Delivered
TXN004122,CUST1666,Clothing,Jeans,Bengaluru,9,24615.75,20,UPI,Shipped
TXN004123,CUST0495,Home & Kitchen,Vacuum Cleaner,Bengaluru,4,5578.39,10,Debit Card,Delivered
TXN004124,CUST2196,Sports,Football,Coimbatore,10,23374.22,5,Debit Card,Delivered
TXN004125,CUST1468,Electronics,Laptop,Kochi,4,27848.09,0,Cash on Delivery,Delivered
TXN004126,CUST0851,Clothing,Jacket,Pune,10,31614.08,0,Debit Card,Delivered
TXN004127,CUST1852,Sports,Cricket Bat,Kochi,5,49465.3,20,UPI,Delivered
TXN004128,CUST1263,Sports,Dumbbells,Mumbai,3,45886.4,15,Credit Card,Pending
TXN004129,CUST1898,Electronics,Headphones,Kochi,10,19878.57,15,Credit Card,Delivered
TXN004130,CUST1086,Sports,Football,Pune,2,5761.34,10,Credit Card,Delivered
TXN004131,CUST0492,Sports,Yoga Mat,Bengaluru,9,10818.1,25,Cash on Delivery,Delivered
TXN004132,CUST0371,Sports,Football,Coimbatore,1,8772.6,25,UPI,Cancelled
TXN004133,CUST0646,Clothing,Jacket,Pune,5,17865.04,5,Cash on Delivery,Delivered
TXN004134,CUST2811,Electronics,Smartwatch,Kochi,5,43836.82,15,Cash on Delivery,Delivered
TXN004135,CUST1247,Sports,Football,Chennai,8,21954.63,15,Cash on Delivery,Delivered
TXN004136,CUST2887,Sports,Football,Delhi,6,28407.14,15,UPI,Delivered
TXN004137,CUST2855,Clothing,Jacket,Pune,6,9040.43,25,UPI,Pending
TXN004138,CUST2472,Electronics,Laptop,Mumbai,6,24693.13,0,UPI,Shipped
TXN004139,CUST0166,Home & Kitchen,Cookware Set,Coimbatore,4,43694.02,15,Credit Card,Delivered
TXN004140,CUST0881,Clothing,Jacket,Pune,1,38695.82,25,Debit Card,Pending
TXN004141,CUST1343,Electronics,Headphones,Hyderabad,3,4151.42,20,UPI,Delivered
TXN004142,CUST0608,Sports,Dumbbells,Kochi,10,43117.41,25,UPI,Delivered
TXN004143,CUST0374,Electronics,Headphones,Chennai,6,13764.02,10,Cash on Delivery,Shipped
TXN004144,CUST2913,Electronics,Smartphone,Delhi,5,33319.24,15,UPI,Delivered
TXN004145,CUST1017,Electronics,Smartwatch,Chennai,10,7404.51,5,Debit Card,Delivered
TXN004146,CUST1458,Home & Kitchen,Vacuum Cleaner,Coimbatore,1,33764.75,0,Credit Card,Cancelled
TXN004147,CUST1624,Electronics,Headphones,Kochi,5,1881.5,20,UPI,Delivered
TXN004148,CUST2104,Home & Kitchen,Vacuum Cleaner,Bengaluru,2,30072.17,25,Credit Card,Cancelled
TXN004149,CUST0201,Sports,Dumbbells,Delhi,1,32332.41,10,UPI,Delivered
TXN004150,CUST2774,Home & Kitchen,Cookware Set,Kochi,4,12300.39,0,Credit Card,Delivered
TXN004151,CUST1225,Sports,Cricket Bat,Chennai,6,46855.11,20,UPI,Delivered
TXN004152,CUST1066,Sports,Dumbbells,Bengaluru,7,2394.02,0,Cash on Delivery,Delivered
TXN004153,CUST0713,Home & Kitchen,Cookware Set,Mumbai,9,44596.3,10,Credit Card,Pending
TXN004154,CUST0128,Clothing,Jeans,Coimbatore,5,19156.68,10,Cash on Delivery,Delivered
TXN004155,CUST1657,Books,Novel,Coimbatore,8,35724.35,15,Cash on Delivery,Delivered
TXN004156,CUST1853,Electronics,Headphones,Delhi,8,32612.27,5,UPI,Delivered
TXN004157,CUST2278,Books,Machine Learning Basics,Chennai,9,8495.49,15,Cash on Delivery,Cancelled
TXN004158,CUST2254,Electronics,Laptop,Mumbai,3,16018.06,25,Cash on Delivery,Shipped
TXN004159,CUST1024,Electronics,Headphones,Hyderabad,3,26530.71,0,UPI,Delivered
TXN004160,CUST0388,Sports,Yoga Mat,Delhi,9,42340.86,15,Cash on Delivery,Shipped
TXN004161,CUST1893,Electronics,Smartphone,Kochi,7,47747.52,10,Credit Card,Delivered
TXN004162,CUST0418,Electronics,Laptop,Hyderabad,4,1127.27,10,Credit Card,Delivered
TXN004163,CUST0573,Home & Kitchen,Vacuum Cleaner,Delhi,1,17692.66,10,Debit Card,Delivered
TXN004164,CUST0498,Books,Data Science Guide,Chennai,7,33440.38,15,Debit Card,Delivered
TXN004165,CUST0049,Home & Kitchen,Table Lamp,Mumbai,10,26433.7,25,Debit Card,Delivered
TXN004166,CUST0253,Electronics,Headphones,Chennai,6,47156.8,25,Debit Card,Cancelled
TXN004167,CUST0911,Sports,Cricket Bat,Coimbatore,3,946.77,20,Cash on Delivery,Pending
TXN004168,CUST0536,Home & Kitchen,Mixer,Hyderabad,5,21943.2,15,Credit Card,Delivered
TXN004169,CUST0812,Home & Kitchen,Cookware Set,Bengaluru,3,33473.31,15,Debit Card,Pending
TXN004170,CUST1641,Clothing,Shoes,Pune,8,10957.43,15,Cash on Delivery,Delivered
TXN004171,CUST1525,Electronics,Laptop,Kochi,5,36320.98,15,UPI,Delivered
TXN004172,CUST2812,Sports,Dumbbells,Coimbatore,10,4153.31,10,Credit Card,Delivered
TXN004173,CUST2582,Home & Kitchen,Vacuum Cleaner,Coimbatore,10,22606.82,5,UPI,Delivered
TXN004174,CUST2641,Home & Kitchen,Vacuum Cleaner,Hyderabad,6,33844.12,15,Debit Card,Delivered
TXN004175,CUST0345,Sports,Dumbbells,Kochi,2,13411.18,15,Debit Card,Delivered
TXN004176,CUST2386,Electronics,Smartphone,Delhi,8,3784.94,5,Debit Card,Delivered
TXN004177,CUST2401,Clothing,Jacket,Coimbatore,9,47855.38,15,Credit Card,Cancelled
TXN004178,CUST1061,Home & Kitchen,Mixer,Pune,3,45699.77,5,UPI,Delivered
TXN004179,CUST0308,Clothing,Jacket,Mumbai,6,46325.86,10,UPI,Delivered
TXN004180,CUST0090,Books,Python Programming,Coimbatore,6,48927.27,20,Credit Card,Delivered
TXN004181,CUST0265,Electronics,Laptop,Mumbai,2,9316.43,15,Debit Card,Delivered
TXN004182,CUST0810,Books,Novel,Chennai,10,7973.02,20,Debit Card,Delivered
TXN004183,CUST2646,Books,Novel,Kochi,8,1807.31,15,Cash on Delivery,Delivered
TXN004184,CUST1817,Books,Machine Learning Basics,Delhi,5,44601.96,0,Credit Card,Pending
TXN004185,CUST0528,Electronics,Headphones,Mumbai,8,37662.87,25,UPI,Delivered
TXN004186,CUST0377,Electronics,Smartphone,Coimbatore,8,31699.79,0,Cash on Delivery,Delivered
TXN004187,CUST1359,Sports,Football,Delhi,3,46391.04,10,UPI,Delivered
TXN004188,CUST0502,Clothing,Jacket,Pune,5,28796.32,20,UPI,Delivered
TXN004189,CUST0175,Clothing,Jacket,Delhi,7,6573.56,20,Cash on Delivery,Shipped
TXN004190,CUST1889,Sports,Football,Mumbai,5,8925.54,5,UPI,Cancelled
TXN004191,CUST0208,Sports,Dumbbells,Kochi,6,6695.98,5,Cash on Delivery,Delivered
TXN004192,CUST0689,Books,Data Science Guide,Mumbai,2,15452.13,15,Cash on Delivery,Delivered
TXN004193,CUST2351,Sports,Cricket Bat,Bengaluru,8,19036.89,5,Cash on Delivery,Pending
TXN004194,CUST1775,Home & Kitchen,Table Lamp,Bengaluru,5,39862.27,5,Debit Card,Delivered
TXN004195,CUST2968,Clothing,Shoes,Delhi,6,9643.57,20,Debit Card,Delivered
TXN004196,CUST1618,Sports,Dumbbells,Hyderabad,1,36295.72,0,Credit Card,Shipped
TXN004197,CUST2033,Home & Kitchen,Table Lamp,Kochi,10,24612.3,20,Credit Card,Pending
TXN004198,CUST0121,Home & Kitchen,Table Lamp,Hyderabad,2,49983.03,5,Cash on Delivery,Delivered
TXN004199,CUST1568,Home & Kitchen,Cookware Set,Bengaluru,4,38851.46,15,Credit Card,Delivered
TXN004200,CUST2799,Home & Kitchen,Vacuum Cleaner,Coimbatore,9,48450.75,0,Debit Card,Delivered
TXN004201,CUST1748,Books,Machine Learning Basics,Chennai,6,17183.34,5,Debit Card,Delivered
TXN004202,CUST0708,Home & Kitchen,Vacuum Cleaner,Delhi,8,6240.2,5,Cash on Delivery,Shipped
TXN004203,CUST1450,Books,Novel,Chennai,2,25344.2,25,Debit Card,Delivered
TXN004204,CUST0880,Books,Novel,Bengaluru,10,6299.55,15,Cash on Delivery,Delivered
TXN004205,CUST0767,Home & Kitchen,Vacuum Cleaner,Mumbai,5,24673.34,15,Credit Card,Delivered
TXN004206,CUST1127,Clothing,T-Shirt,Pune,1,13570.06,5,Debit Card,Delivered
TXN004207,CUST1147,Home & Kitchen,Cookware Set,Delhi,4,24603.26,5,Cash on Delivery,Delivered
TXN004208,CUST1827,Home & Kitchen,Mixer,Bengaluru,10,47486.85,20,Cash on Delivery,Delivered
TXN004209,CUST0609,Home & Kitchen,Table Lamp,Kochi,1,14522.8,10,UPI,Pending
TXN004210,CUST0142,Clothing,Shoes,Coimbatore,9,49672.36,15,Cash on Delivery,Cancelled
TXN004211,CUST2516,Electronics,Headphones,Pune,2,11543.54,15,Cash on Delivery,Cancelled
TXN004212,CUST2537,Electronics,Smartwatch,Delhi,7,10484.61,25,Debit Card,Delivered
TXN004213,CUST2528,Books,Python Programming,Delhi,3,27284.95,20,UPI,Shipped
TXN004214,CUST1007,Books,Data Science Guide,Kochi,2,42118.04,0,UPI,Delivered
TXN004215,CUST2652,Clothing,Jeans,Hyderabad,4,37500.23,25,UPI,Pending
TXN004216,CUST1209,Sports,Yoga Mat,Mumbai,7,36204.49,25,Debit Card,Delivered
TXN004217,CUST2044,Electronics,Laptop,Delhi,7,14203.38,0,Credit Card,Cancelled
TXN004218,CUST1688,Books,Data Science Guide,Mumbai,9,1223.59,0,Cash on Delivery,Delivered
TXN004219,CUST2256,Electronics,Laptop,Bengaluru,3,8171.24,15,UPI,Pending
TXN004220,CUST1963,Clothing,Jacket,Coimbatore,7,17538.72,10,UPI,Delivered
TXN004221,CUST0250,Clothing,T-Shirt,Pune,6,48587.02,10,Debit Card,Delivered
TXN004222,CUST0360,Sports,Cricket Bat,Pune,10,45996.9,20,Debit Card,Delivered
TXN004223,CUST1146,Sports,Yoga Mat,Coimbatore,7,10112.16,0,UPI,Delivered
TXN004224,CUST1569,Clothing,Jeans,Delhi,7,36308.56,0,Credit Card,Delivered
TXN004225,CUST0563,Books,Machine Learning Basics,Delhi,10,28992.94,5,Debit Card,Delivered
TXN004226,CUST1718,Electronics,Smartwatch,Bengaluru,5,2587.15,20,UPI,Delivered
TXN004227,CUST0817,Home & Kitchen,Table Lamp,Hyderabad,9,18648.11,25,Credit Card,Delivered
TXN004228,CUST2633,Sports,Football,Hyderabad,7,24355.08,25,Debit Card,Shipped
TXN004229,CUST2154,Home & Kitchen,Table Lamp,Hyderabad,7,33411.95,20,Credit Card,Pending
TXN004230,CUST1021,Books,Python Programming,Mumbai,3,14815.77,15,UPI,Delivered
TXN004231,CUST2584,Sports,Football,Hyderabad,1,46697.55,15,Credit Card,Delivered
TXN004232,CUST2227,Home & Kitchen,Cookware Set,Coimbatore,5,22648.76,20,UPI,Delivered
TXN004233,CUST0080,Books,Data Science Guide,Pune,8,12501.63,10,Debit Card,Delivered
TXN004234,CUST1567,Electronics,Headphones,Pune,5,15889.76,20,Cash on Delivery,Delivered
TXN004235,CUST2922,Books,Machine Learning Basics,Mumbai,10,37619.08,10,Cash on Delivery,Shipped
TXN004236,CUST1471,Sports,Cricket Bat,Bengaluru,3,32050.24,15,UPI,Pending
TXN004237,CUST1965,Clothing,Jeans,Coimbatore,9,37134.68,20,Cash on Delivery,Pending
TXN004238,CUST2231,Electronics,Laptop,Pune,2,14687.86,10,UPI,Delivered
TXN004239,CUST1986,Home & Kitchen,Cookware Set,Coimbatore,3,16409.75,5,Cash on Delivery,Delivered
TXN004240,CUST1410,Sports,Dumbbells,Pune,4,19896.28,5,Cash on Delivery,Shipped
TXN004241,CUST2317,Clothing,T-Shirt,Chennai,10,9510.79,20,Debit Card,Delivered
TXN004242,CUST2058,Books,Data Science Guide,Bengaluru,1,34583.12,0,UPI,Delivered
TXN004243,CUST1318,Clothing,Jeans,Bengaluru,4,16534.54,20,Credit Card,Delivered
TXN004244,CUST1591,Sports,Yoga Mat,Kochi,4,16379.19,15,Debit Card,Delivered
TXN004245,CUST1108,Sports,Cricket Bat,Chennai,9,13541.31,15,Credit Card,Delivered
TXN004246,CUST0737,Clothing,Shoes,Mumbai,8,22696.11,5,Debit Card,Delivered
TXN004247,CUST0107,Books,Data Science Guide,Pune,2,38621.61,10,UPI,Shipped
TXN004248,CUST1307,Clothing,Jacket,Kochi,7,41796.87,5,Credit Card,Delivered
TXN004249,CUST2446,Sports,Cricket Bat,Pune,6,40244.94,10,Debit Card,Pending
TXN004250,CUST0898,Sports,Dumbbells,Pune,7,31097.56,20,Cash on Delivery,Pending
TXN004251,CUST0121,Home & Kitchen,Table Lamp,Hyderabad,4,14093.33,0,Credit Card,Shipped
TXN004252,CUST1151,Home & Kitchen,Cookware Set,Hyderabad,5,36769.27,15,Debit Card,Pending
TXN004253,CUST0240,Electronics,Smartwatch,Hyderabad,6,2064.16,20,Debit Card,Delivered
TXN004254,CUST1933,Sports,Dumbbells,Hyderabad,9,39927.81,5,Credit Card,Delivered
TXN004255,CUST2169,Home & Kitchen,Table Lamp,Hyderabad,2,39033.36,25,Cash on Delivery,Shipped
TXN004256,CUST1465,Clothing,Jeans,Chennai,9,33533.06,25,Credit Card,Delivered
TXN004257,CUST2393,Books,Python Programming,Bengaluru,10,4986.48,20,Credit Card,Delivered
TXN004258,CUST0954,Clothing,Shoes,Mumbai,1,49867.33,0,Credit Card,Delivered
TXN004259,CUST0654,Books,Data Science Guide,Coimbatore,4,37844.82,10,Debit Card,Shipped
TXN004260,CUST0411,Home & Kitchen,Vacuum Cleaner,Hyderabad,5,36766.86,0,Cash on Delivery,Shipped
TXN004261,CUST1016,Electronics,Laptop,Chennai,9,3293.99,5,Credit Card,Delivered
TXN004262,CUST2691,Clothing,Shoes,Kochi,6,19995.39,0,Credit Card,Shipped
TXN004263,CUST0988,Clothing,Jacket,Kochi,4,4400.03,15,Credit Card,Delivered
TXN004264,CUST1092,Clothing,Jacket,Pune,2,18115.75,25,Credit Card,Delivered
TXN004265,CUST2186,Books,Novel,Mumbai,5,28567.23,0,Credit Card,Delivered
TXN004266,CUST0230,Home & Kitchen,Table Lamp,Kochi,8,43955.72,20,Credit Card,Shipped
TXN004267,CUST0899,Clothing,T-Shirt,Mumbai,8,14218.59,10,Cash on Delivery,Delivered
TXN004268,CUST2359,Clothing,Jacket,Mumbai,6,31208.39,15,Cash on Delivery,Delivered
TXN004269,CUST1591,Electronics,Smartwatch,Chennai,1,8316.13,15,Cash on Delivery,Delivered
TXN004270,CUST1454,Electronics,Smartphone,Coimbatore,8,17762.8,15,UPI,Delivered
TXN004271,CUST0712,Home & Kitchen,Cookware Set,Hyderabad,4,47367.15,5,UPI,Delivered
TXN004272,CUST0722,Home & Kitchen,Cookware Set,Mumbai,2,37407.28,5,Debit Card,Delivered
TXN004273,CUST0969,Sports,Football,Chennai,1,27335.71,20,Cash on Delivery,Delivered
TXN004274,CUST2427,Electronics,Headphones,Pune,7,12659.67,10,Cash on Delivery,Delivered
TXN004275,CUST1303,Sports,Yoga Mat,Bengaluru,2,19047.29,0,Cash on Delivery,Shipped
TXN004276,CUST2858,Books,Machine Learning Basics,Pune,4,7919.0,20,Credit Card,Delivered
TXN004277,CUST1470,Sports,Cricket Bat,Chennai,4,17738.01,5,Credit Card,Cancelled
TXN004278,CUST2424,Clothing,Shoes,Chennai,10,7616.58,20,Debit Card,Pending
TXN004279,CUST0116,Sports,Cricket Bat,Chennai,1,39785.82,10,Cash on Delivery,Delivered
TXN004280,CUST2882,Home & Kitchen,Cookware Set,Mumbai,2,4129.88,20,Credit Card,Delivered
TXN004281,CUST2870,Books,Data Science Guide,Chennai,1,9551.33,25,Cash on Delivery,Delivered
TXN004282,CUST1441,Clothing,Shoes,Bengaluru,6,34589.22,25,Cash on Delivery,Shipped
TXN004283,CUST2326,Sports,Football,Mumbai,3,45135.58,15,Credit Card,Delivered
TXN004284,CUST2309,Books,Python Programming,Pune,1,48233.12,0,Credit Card,Delivered
TXN004285,CUST0583,Books,Data Science Guide,Bengaluru,8,41817.54,5,UPI,Shipped
TXN004286,CUST2307,Clothing,Jacket,Kochi,4,10652.44,5,Credit Card,Shipped
TXN004287,CUST0772,Sports,Dumbbells,Delhi,10,14356.99,25,UPI,Delivered
TXN004288,CUST2017,Books,Python Programming,Pune,7,43550.54,10,Credit Card,Delivered
TXN004289,CUST2221,Books,Machine Learning Basics,Chennai,10,44477.71,10,Cash on Delivery,Delivered
TXN004290,CUST1266,Electronics,Smartwatch,Hyderabad,2,32068.59,10,Credit Card,Delivered
TXN004291,CUST0720,Books,Data Science Guide,Hyderabad,6,15750.69,5,Debit Card,Delivered
TXN004292,CUST2009,Electronics,Smartwatch,Mumbai,6,11280.43,15,Cash on Delivery,Delivered
TXN004293,CUST0156,Sports,Football,Hyderabad,7,42628.91,0,Debit Card,Delivered
TXN004294,CUST0370,Sports,Yoga Mat,Pune,1,10342.22,10,Cash on Delivery,Delivered
TXN004295,CUST0231,Sports,Yoga Mat,Mumbai,1,33124.04,5,Credit Card,Delivered
TXN004296,CUST0953,Home & Kitchen,Table Lamp,Pune,2,48400.87,15,Credit Card,Pending
TXN004297,CUST2465,Sports,Dumbbells,Chennai,2,35294.04,10,Credit Card,Delivered
TXN004298,CUST0897,Books,Python Programming,Coimbatore,5,12957.75,10,UPI,Pending
TXN004299,CUST0082,Clothing,Jacket,Coimbatore,1,14197.04,0,Credit Card,Delivered
TXN004300,CUST2157,Electronics,Smartwatch,Bengaluru,2,4735.45,25,Debit Card,Delivered
TXN004301,CUST1958,Home & Kitchen,Cookware Set,Chennai,6,34343.25,0,UPI,Delivered
TXN004302,CUST0003,Sports,Football,Hyderabad,3,25969.94,20,Credit Card,Delivered
TXN004303,CUST1359,Sports,Dumbbells,Chennai,4,10402.94,25,UPI,Delivered
TXN004304,CUST2516,Clothing,T-Shirt,Delhi,1,11460.65,25,UPI,Delivered
TXN004305,CUST0826,Clothing,Shoes,Coimbatore,5,550.33,25,Cash on Delivery,Delivered
TXN004306,CUST0535,Home & Kitchen,Mixer,Hyderabad,4,48923.13,10,UPI,Delivered
TXN004307,CUST1396,Electronics,Headphones,Pune,8,41418.11,20,UPI,Delivered
TXN004308,CUST2937,Sports,Cricket Bat,Pune,3,19769.08,5,Cash on Delivery,Delivered
TXN004309,CUST0727,Home & Kitchen,Table Lamp,Coimbatore,10,47309.88,0,Credit Card,Delivered
TXN004310,CUST1326,Books,Python Programming,Chennai,1,33888.28,25,Debit Card,Delivered
TXN004311,CUST0244,Books,Data Science Guide,Hyderabad,10,37597.98,25,UPI,Delivered
TXN004312,CUST0090,Home & Kitchen,Vacuum Cleaner,Bengaluru,5,34029.78,15,Debit Card,Delivered
TXN004313,CUST0606,Sports,Football,Pune,1,37866.76,10,UPI,Pending
TXN004314,CUST2403,Home & Kitchen,Table Lamp,Chennai,5,8629.85,10,Debit Card,Delivered
TXN004315,CUST2887,Sports,Dumbbells,Bengaluru,9,28163.66,20,Cash on Delivery,Delivered
TXN004316,CUST0581,Clothing,T-Shirt,Kochi,5,42483.88,0,UPI,Shipped
TXN004317,CUST0455,Home & Kitchen,Table Lamp,Hyderabad,2,1075.17,25,UPI,Shipped
TXN004318,CUST2156,Sports,Dumbbells,Coimbatore,2,6259.8,25,Credit Card,Delivered
TXN004319,CUST1495,Home & Kitchen,Table Lamp,Kochi,10,12357.43,20,Credit Card,Delivered
TXN004320,CUST0298,Home & Kitchen,Mixer,Delhi,9,14806.86,10,UPI,Delivered
TXN004321,CUST1531,Sports,Yoga Mat,Kochi,5,9216.92,0,Cash on Delivery,Cancelled
TXN004322,CUST2886,Sports,Dumbbells,Mumbai,8,31254.09,10,Debit Card,Delivered
TXN004323,CUST2713,Electronics,Headphones,Coimbatore,10,14771.55,0,Credit Card,Delivered
TXN004324,CUST1621,Home & Kitchen,Mixer,Bengaluru,4,7989.18,10,Credit Card,Shipped
TXN004325,CUST2401,Books,Novel,Chennai,2,45300.73,15,Credit Card,Delivered
TXN004326,CUST0414,Home & Kitchen,Vacuum Cleaner,Kochi,4,34782.22,25,Credit Card,Delivered
TXN004327,CUST1379,Home & Kitchen,Table Lamp,Pune,4,12378.33,20,Cash on Delivery,Cancelled
TXN004328,CUST1237,Sports,Yoga Mat,Hyderabad,9,18111.59,0,UPI,Cancelled
TXN004329,CUST1322,Home & Kitchen,Vacuum Cleaner,Kochi,10,37065.2,20,Debit Card,Delivered
TXN004330,CUST0559,Home & Kitchen,Mixer,Coimbatore,6,39566.41,0,Credit Card,Delivered
TXN004331,CUST0646,Books,Data Science Guide,Pune,10,8904.16,0,Cash on Delivery,Delivered
TXN004332,CUST3000,Sports,Dumbbells,Pune,6,46835.15,25,Cash on Delivery,Delivered
TXN004333,CUST1790,Home & Kitchen,Table Lamp,Delhi,5,39285.07,0,Credit Card,Delivered
TXN004334,CUST2619,Clothing,T-Shirt,Hyderabad,6,42855.04,10,Debit Card,Delivered
TXN004335,CUST1996,Electronics,Laptop,Kochi,1,7278.55,5,Credit Card,Shipped
TXN004336,CUST2660,Books,Python Programming,Bengaluru,5,7254.02,10,Cash on Delivery,Cancelled
TXN004337,CUST1300,Home & Kitchen,Vacuum Cleaner,Hyderabad,6,15337.91,5,Debit Card,Pending
TXN004338,CUST0714,Clothing,Jacket,Kochi,8,3325.86,25,Cash on Delivery,Shipped
TXN004339,CUST2897,Home & Kitchen,Cookware Set,Hyderabad,4,4644.26,25,UPI,Delivered
TXN004340,CUST2302,Home & Kitchen,Table Lamp,Chennai,5,7246.04,10,Cash on Delivery,Delivered
TXN004341,CUST2841,Sports,Dumbbells,Mumbai,4,35650.24,5,Credit Card,Delivered
TXN004342,CUST2514,Sports,Cricket Bat,Kochi,7,1608.49,25,Debit Card,Delivered
TXN004343,CUST1462,Sports,Dumbbells,Pune,10,4253.91,0,Credit Card,Cancelled
TXN004344,CUST0915,Clothing,Jacket,Bengaluru,6,47214.76,0,UPI,Delivered
TXN004345,CUST2727,Home & Kitchen,Mixer,Kochi,4,4274.47,5,Debit Card,Delivered
TXN004346,CUST2413,Electronics,Smartphone,Kochi,6,26919.37,5,Debit Card,Delivered
TXN004347,CUST0719,Books,Novel,Chennai,4,32164.4,20,Debit Card,Pending
TXN004348,CUST1550,Sports,Dumbbells,Pune,8,47933.82,0,Cash on Delivery,Delivered
TXN004349,CUST1257,Sports,Yoga Mat,Mumbai,3,45000.16,10,Credit Card,Shipped
TXN004350,CUST2821,Home & Kitchen,Mixer,Chennai,8,22090.07,20,Debit Card,Delivered
TXN004351,CUST1207,Home & Kitchen,Vacuum Cleaner,Mumbai,2,47113.99,5,Debit Card,Delivered
TXN004352,CUST0522,Clothing,Jacket,Mumbai,6,21670.07,25,Debit Card,Delivered
TXN004353,CUST0728,Clothing,Shoes,Mumbai,8,33528.94,10,UPI,Pending
TXN004354,CUST2986,Sports,Yoga Mat,Chennai,1,13054.44,15,Debit Card,Shipped
TXN004355,CUST0008,Home & Kitchen,Vacuum Cleaner,Hyderabad,6,31868.56,15,Cash on Delivery,Shipped
TXN004356,CUST2876,Electronics,Smartphone,Kochi,9,26955.63,25,Cash on Delivery,Delivered
TXN004357,CUST2347,Books,Machine Learning Basics,Mumbai,10,30380.87,15,Debit Card,Delivered
TXN004358,CUST1604,Home & Kitchen,Cookware Set,Hyderabad,10,34164.29,25,Cash on Delivery,Delivered
TXN004359,CUST2325,Home & Kitchen,Vacuum Cleaner,Kochi,2,8755.42,10,Cash on Delivery,Shipped
TXN004360,CUST0133,Clothing,Jacket,Pune,1,15133.01,25,Debit Card,Delivered
TXN004361,CUST0746,Books,Novel,Kochi,2,36838.45,5,Cash on Delivery,Delivered
TXN004362,CUST2468,Sports,Cricket Bat,Pune,5,8274.82,10,UPI,Delivered
TXN004363,CUST1304,Home & Kitchen,Table Lamp,Bengaluru,6,17277.58,20,Debit Card,Delivered
TXN004364,CUST2505,Sports,Yoga Mat,Delhi,1,33357.29,20,Credit Card,Delivered
TXN004365,CUST0905,Home & Kitchen,Vacuum Cleaner,Hyderabad,7,46888.78,15,Cash on Delivery,Delivered
TXN004366,CUST2620,Sports,Cricket Bat,Kochi,4,3857.48,5,Debit Card,Shipped
TXN004367,CUST2317,Books,Python Programming,Pune,9,25876.38,20,Credit Card,Shipped
TXN004368,CUST0427,Clothing,Jacket,Delhi,6,4187.08,0,UPI,Delivered
TXN004369,CUST2033,Books,Python Programming,Mumbai,9,19018.68,0,UPI,Shipped
TXN004370,CUST0577,Electronics,Smartwatch,Delhi,1,8851.79,15,Debit Card,Delivered
TXN004371,CUST1357,Clothing,Jeans,Delhi,4,32506.98,15,Debit Card,Pending
TXN004372,CUST0319,Books,Data Science Guide,Mumbai,2,37915.84,15,UPI,Delivered
TXN004373,CUST0975,Electronics,Smartphone,Hyderabad,6,12442.43,20,UPI,Pending
TXN004374,CUST1421,Home & Kitchen,Mixer,Kochi,4,35673.07,5,UPI,Cancelled
TXN004375,CUST1309,Home & Kitchen,Cookware Set,Mumbai,9,22396.26,25,Credit Card,Delivered
TXN004376,CUST0688,Sports,Football,Bengaluru,3,14250.64,25,Credit Card,Shipped
TXN004377,CUST2606,Clothing,Shoes,Coimbatore,1,26217.74,15,Debit Card,Delivered
TXN004378,CUST0364,Home & Kitchen,Table Lamp,Kochi,1,19044.54,10,Credit Card,Pending
TXN004379,CUST2904,Clothing,Jacket,Chennai,9,11576.81,15,Cash on Delivery,Delivered
TXN004380,CUST2745,Home & Kitchen,Vacuum Cleaner,Mumbai,9,37866.56,25,UPI,Cancelled
TXN004381,CUST2618,Sports,Dumbbells,Mumbai,5,39896.46,25,Debit Card,Delivered
TXN004382,CUST2988,Books,Data Science Guide,Delhi,2,40035.58,25,Credit Card,Delivered
TXN004383,CUST1376,Sports,Dumbbells,Bengaluru,9,19168.93,20,Debit Card,Shipped
TXN004384,CUST1830,Electronics,Smartphone,Pune,8,8559.47,5,Credit Card,Pending
TXN004385,CUST0047,Home & Kitchen,Mixer,Pune,10,42036.52,15,Debit Card,Pending
TXN004386,CUST1087,Electronics,Headphones,Delhi,10,16530.27,0,UPI,Pending
TXN004387,CUST0859,Electronics,Headphones,Hyderabad,6,37428.53,15,UPI,Delivered
TXN004388,CUST1023,Clothing,T-Shirt,Kochi,7,40890.78,15,UPI,Shipped
TXN004389,CUST2840,Home & Kitchen,Cookware Set,Mumbai,6,38430.81,5,Credit Card,Cancelled
TXN004390,CUST0278,Electronics,Smartphone,Kochi,5,19551.32,10,Debit Card,Delivered
TXN004391,CUST1436,Books,Novel,Kochi,4,46907.03,15,Debit Card,Pending
TXN004392,CUST1052,Electronics,Smartphone,Mumbai,7,33042.1,15,Debit Card,Shipped
TXN004393,CUST0443,Books,Machine Learning Basics,Delhi,4,28829.74,25,Cash on Delivery,Cancelled
TXN004394,CUST2951,Clothing,Jacket,Kochi,10,34925.66,20,Credit Card,Delivered
TXN004395,CUST0006,Electronics,Smartwatch,Mumbai,10,2331.88,5,UPI,Pending
TXN004396,CUST0198,Sports,Dumbbells,Hyderabad,10,19586.7,20,UPI,Shipped
TXN004397,CUST1581,Clothing,T-Shirt,Kochi,9,44072.74,25,Debit Card,Delivered
TXN004398,CUST1795,Books,Data Science Guide,Coimbatore,5,8137.88,15,Debit Card,Shipped
TXN004399,CUST1719,Clothing,Jacket,Chennai,8,20778.59,15,Cash on Delivery,Delivered
TXN004400,CUST0682,Electronics,Smartphone,Chennai,6,20321.87,0,Credit Card,Delivered
TXN004401,CUST1696,Home & Kitchen,Table Lamp,Chennai,4,17866.48,20,Debit Card,Delivered
TXN004402,CUST2020,Home & Kitchen,Mixer,Coimbatore,3,28161.33,25,Debit Card,Delivered
TXN004403,CUST1552,Books,Data Science Guide,Mumbai,6,49810.28,5,Credit Card,Delivered
TXN004404,CUST1439,Books,Machine Learning Basics,Delhi,1,12866.86,15,Debit Card,Delivered
TXN004405,CUST2237,Home & Kitchen,Vacuum Cleaner,Pune,2,35277.36,0,UPI,Delivered
TXN004406,CUST1538,Books,Data Science Guide,Bengaluru,7,37923.95,0,Credit Card,Delivered
TXN004407,CUST0416,Clothing,T-Shirt,Mumbai,4,29266.47,10,UPI,Delivered
TXN004408,CUST1964,Sports,Yoga Mat,Coimbatore,5,4964.04,5,Cash on Delivery,Cancelled
TXN004409,CUST2368,Sports,Dumbbells,Kochi,10,28661.44,0,Debit Card,Shipped
TXN004410,CUST2667,Clothing,Jeans,Hyderabad,1,47677.88,5,Debit Card,Delivered
TXN004411,CUST2815,Sports,Dumbbells,Coimbatore,2,17168.8,15,Credit Card,Cancelled
TXN004412,CUST0924,Electronics,Headphones,Kochi,4,32020.44,10,Cash on Delivery,Cancelled
TXN004413,CUST0667,Clothing,Jeans,Pune,8,47973.95,25,Credit Card,Pending
TXN004414,CUST1849,Books,Machine Learning Basics,Chennai,10,39919.72,5,Cash on Delivery,Delivered
TXN004415,CUST0302,Clothing,T-Shirt,Mumbai,4,34446.56,25,Credit Card,Delivered
TXN004416,CUST0137,Home & Kitchen,Table Lamp,Pune,3,48560.33,10,Credit Card,Shipped
TXN004417,CUST1208,Books,Data Science Guide,Chennai,3,8612.09,25,Debit Card,Delivered
TXN004418,CUST0083,Home & Kitchen,Vacuum Cleaner,Bengaluru,5,38660.16,5,Debit Card,Delivered
TXN004419,CUST1306,Books,Machine Learning Basics,Kochi,3,20401.1,25,Cash on Delivery,Delivered
TXN004420,CUST1070,Sports,Cricket Bat,Kochi,8,18085.54,5,UPI,Delivered
TXN004421,CUST0429,Clothing,Shoes,Hyderabad,5,26081.56,20,UPI,Delivered
TXN004422,CUST0304,Electronics,Laptop,Chennai,7,1784.18,10,Credit Card,Delivered
TXN004423,CUST1401,Books,Python Programming,Bengaluru,8,15695.23,5,Debit Card,Delivered
TXN004424,CUST0697,Books,Novel,Kochi,5,8394.15,20,Credit Card,Delivered
TXN004425,CUST1538,Home & Kitchen,Cookware Set,Coimbatore,8,7020.68,20,Cash on Delivery,Delivered
TXN004426,CUST0660,Sports,Yoga Mat,Chennai,3,16933.29,10,Credit Card,Delivered
TXN004427,CUST2999,Home & Kitchen,Vacuum Cleaner,Chennai,7,40132.99,15,Credit Card,Delivered
TXN004428,CUST0308,Home & Kitchen,Table Lamp,Delhi,8,10135.44,10,Credit Card,Delivered
TXN004429,CUST2241,Sports,Yoga Mat,Hyderabad,7,26617.65,5,Cash on Delivery,Delivered
TXN004430,CUST0382,Electronics,Smartphone,Hyderabad,2,37457.94,15,Cash on Delivery,Cancelled
TXN004431,CUST1385,Home & Kitchen,Cookware Set,Pune,8,12124.48,10,Credit Card,Cancelled
TXN004432,CUST2434,Home & Kitchen,Cookware Set,Coimbatore,6,46217.74,10,Debit Card,Delivered
TXN004433,CUST2514,Books,Python Programming,Delhi,10,43338.25,10,Cash on Delivery,Delivered
TXN004434,CUST1978,Sports,Yoga Mat,Pune,3,12633.79,10,UPI,Delivered
TXN004435,CUST2886,Clothing,Jeans,Bengaluru,4,49482.94,15,Credit Card,Delivered
TXN004436,CUST0127,Electronics,Smartphone,Pune,7,33491.64,5,Debit Card,Shipped
TXN004437,CUST1767,Electronics,Headphones,Bengaluru,3,14376.39,20,Cash on Delivery,Delivered
TXN004438,CUST2678,Sports,Dumbbells,Coimbatore,1,34083.77,10,Credit Card,Delivered
TXN004439,CUST0676,Books,Novel,Kochi,6,33345.79,20,Debit Card,Delivered
TXN004440,CUST2488,Books,Machine Learning Basics,Hyderabad,3,30349.06,20,UPI,Cancelled
TXN004441,CUST1779,Sports,Dumbbells,Kochi,10,35613.64,20,Cash on Delivery,Pending
TXN004442,CUST0644,Books,Novel,Bengaluru,6,13488.95,10,Cash on Delivery,Delivered
TXN004443,CUST0220,Electronics,Smartphone,Coimbatore,10,48951.38,10,UPI,Delivered
TXN004444,CUST0415,Electronics,Headphones,Kochi,3,42909.0,25,Cash on Delivery,Delivered
TXN004445,CUST1357,Clothing,Jacket,Pune,6,37312.49,10,Debit Card,Shipped
TXN004446,CUST0842,Sports,Yoga Mat,Bengaluru,4,1412.62,10,Cash on Delivery,Delivered
TXN004447,CUST0779,Home & Kitchen,Vacuum Cleaner,Mumbai,4,29560.23,0,Credit Card,Delivered
TXN004448,CUST1677,Home & Kitchen,Table Lamp,Chennai,10,35353.55,5,UPI,Shipped
TXN004449,CUST2856,Clothing,Jeans,Pune,10,42719.58,0,Credit Card,Shipped
TXN004450,CUST2270,Clothing,Shoes,Hyderabad,2,47313.24,25,Cash on Delivery,Delivered
TXN004451,CUST2958,Books,Novel,Kochi,4,45801.07,15,Credit Card,Delivered
TXN004452,CUST2990,Clothing,Jeans,Pune,4,20361.64,0,Debit Card,Shipped
TXN004453,CUST2213,Clothing,Jeans,Mumbai,7,44835.41,0,Credit Card,Cancelled
TXN004454,CUST1087,Home & Kitchen,Table Lamp,Coimbatore,5,137.37,0,Debit Card,Cancelled
TXN004455,CUST2706,Books,Machine Learning Basics,Coimbatore,8,17638.61,5,Debit Card,Delivered
TXN004456,CUST1154,Clothing,Shoes,Pune,7,5782.67,20,Debit Card,Cancelled
TXN004457,CUST1219,Clothing,T-Shirt,Mumbai,10,44165.08,15,UPI,Delivered
TXN004458,CUST0973,Books,Python Programming,Kochi,9,46406.3,15,Credit Card,Delivered
TXN004459,CUST0393,Sports,Dumbbells,Pune,8,12874.82,5,Debit Card,Delivered
TXN004460,CUST0204,Books,Machine Learning Basics,Chennai,9,18428.79,25,Debit Card,Delivered
TXN004461,CUST1610,Home & Kitchen,Mixer,Chennai,1,49195.49,0,Credit Card,Delivered
TXN004462,CUST2342,Sports,Football,Delhi,10,28346.57,20,Cash on Delivery,Delivered
TXN004463,CUST2252,Electronics,Headphones,Bengaluru,3,24903.09,10,UPI,Delivered
TXN004464,CUST2011,Books,Machine Learning Basics,Delhi,5,25071.73,5,Debit Card,Delivered
TXN004465,CUST0630,Home & Kitchen,Vacuum Cleaner,Kochi,9,34839.79,25,Cash on Delivery,Shipped
TXN004466,CUST0224,Sports,Yoga Mat,Chennai,8,47731.7,20,Cash on Delivery,Delivered
TXN004467,CUST1478,Books,Novel,Mumbai,10,18394.46,25,Cash on Delivery,Delivered
TXN004468,CUST0016,Clothing,Shoes,Bengaluru,7,8715.63,5,Debit Card,Delivered
TXN004469,CUST1752,Books,Python Programming,Kochi,2,9332.14,5,Debit Card,Cancelled
TXN004470,CUST0359,Electronics,Laptop,Mumbai,6,1115.92,10,Debit Card,Delivered
TXN004471,CUST1207,Books,Data Science Guide,Kochi,4,27814.98,25,Credit Card,Shipped
TXN004472,CUST2712,Sports,Yoga Mat,Delhi,5,46462.95,20,Debit Card,Delivered
TXN004473,CUST2561,Sports,Dumbbells,Coimbatore,5,35682.54,25,UPI,Delivered
TXN004474,CUST2459,Books,Novel,Mumbai,4,49648.93,25,Credit Card,Cancelled
TXN004475,CUST1968,Sports,Cricket Bat,Delhi,4,45485.42,0,UPI,Delivered
TXN004476,CUST0818,Clothing,Jacket,Delhi,4,24643.7,25,Cash on Delivery,Delivered
TXN004477,CUST0398,Books,Novel,Delhi,2,24378.81,20,Credit Card,Delivered
TXN004478,CUST0106,Clothing,Jeans,Coimbatore,1,31455.03,20,Credit Card,Shipped
TXN004479,CUST0848,Clothing,Shoes,Coimbatore,2,5635.69,0,Credit Card,Cancelled
TXN004480,CUST0700,Home & Kitchen,Cookware Set,Pune,7,30423.44,10,UPI,Delivered
TXN004481,CUST2615,Books,Novel,Coimbatore,1,23257.29,20,UPI,Delivered
TXN004482,CUST1196,Sports,Cricket Bat,Bengaluru,6,32172.75,25,Cash on Delivery,Cancelled
TXN004483,CUST0336,Clothing,T-Shirt,Coimbatore,4,28303.98,25,Debit Card,Delivered
TXN004484,CUST1940,Home & Kitchen,Table Lamp,Coimbatore,2,15588.75,0,UPI,Delivered
TXN004485,CUST0474,Books,Data Science Guide,Coimbatore,3,30427.32,5,Cash on Delivery,Delivered
TXN004486,CUST1264,Books,Data Science Guide,Kochi,7,18364.12,5,Debit Card,Delivered
TXN004487,CUST1629,Electronics,Smartphone,Mumbai,6,9811.59,0,Credit Card,Cancelled
TXN004488,CUST1929,Electronics,Headphones,Coimbatore,6,33786.04,5,Debit Card,Pending
TXN004489,CUST2004,Clothing,Jeans,Bengaluru,8,15386.72,20,UPI,Delivered
TXN004490,CUST2708,Electronics,Laptop,Kochi,8,44462.34,0,Cash on Delivery,Delivered
TXN004491,CUST1086,Clothing,Shoes,Delhi,6,10046.69,25,Credit Card,Cancelled
TXN004492,CUST0374,Sports,Dumbbells,Mumbai,1,30047.19,20,Credit Card,Delivered
TXN004493,CUST2630,Clothing,Jacket,Chennai,10,28620.28,15,Debit Card,Delivered
TXN004494,CUST2229,Electronics,Laptop,Kochi,7,9967.32,10,Debit Card,Delivered
TXN004495,CUST1588,Sports,Dumbbells,Coimbatore,8,22050.35,25,UPI,Delivered
TXN004496,CUST0758,Electronics,Headphones,Kochi,5,33809.38,25,Credit Card,Delivered
TXN004497,CUST1520,Clothing,Jacket,Pune,4,15994.51,10,Debit Card,Pending
TXN004498,CUST1563,Home & Kitchen,Vacuum Cleaner,Pune,7,5780.15,10,Credit Card,Cancelled
TXN004499,CUST1514,Books,Python Programming,Kochi,6,30800.51,0,Cash on Delivery,Delivered
TXN004500,CUST0765,Electronics,Headphones,Delhi,6,11283.68,15,Cash on Delivery,Delivered
TXN004501,CUST1826,Clothing,Shoes,Delhi,3,34105.6,10,UPI,Delivered
TXN004502,CUST0183,Sports,Football,Mumbai,10,41989.41,20,Credit Card,Delivered
TXN004503,CUST1079,Electronics,Smartwatch,Pune,4,6255.43,25,Debit Card,Cancelled
TXN004504,CUST1802,Electronics,Smartwatch,Chennai,5,21936.69,10,Cash on Delivery,Delivered
TXN004505,CUST1905,Books,Novel,Hyderabad,9,22301.62,15,Cash on Delivery,Delivered
TXN004506,CUST1079,Clothing,Jacket,Pune,8,31663.54,20,UPI,Delivered
TXN004507,CUST0927,Home & Kitchen,Table Lamp,Kochi,3,16786.96,20,Cash on Delivery,Delivered
TXN004508,CUST1101,Sports,Football,Pune,6,20986.6,0,UPI,Shipped
TXN004509,CUST2312,Clothing,Jeans,Bengaluru,10,698.36,0,Credit Card,Delivered
TXN004510,CUST0253,Sports,Dumbbells,Hyderabad,1,6209.05,5,Debit Card,Delivered
TXN004511,CUST0620,Electronics,Headphones,Delhi,3,28536.12,15,Credit Card,Delivered
TXN004512,CUST2853,Books,Python Programming,Hyderabad,10,10873.2,20,Credit Card,Pending
TXN004513,CUST2734,Books,Machine Learning Basics,Pune,7,7314.39,15,Credit Card,Shipped
TXN004514,CUST0397,Home & Kitchen,Table Lamp,Delhi,7,16288.2,10,Debit Card,Cancelled
TXN004515,CUST0352,Books,Data Science Guide,Hyderabad,2,8260.43,25,Credit Card,Delivered
TXN004516,CUST2737,Electronics,Smartphone,Delhi,3,3075.16,10,Credit Card,Delivered
TXN004517,CUST1409,Home & Kitchen,Table Lamp,Delhi,7,14264.53,25,UPI,Delivered
TXN004518,CUST2218,Clothing,Shoes,Mumbai,6,8301.49,5,UPI,Delivered
TXN004519,CUST1696,Books,Novel,Chennai,7,39989.85,20,UPI,Delivered
TXN004520,CUST2416,Home & Kitchen,Table Lamp,Delhi,10,3226.58,25,Debit Card,Shipped
TXN004521,CUST0932,Electronics,Laptop,Bengaluru,9,37397.42,20,Cash on Delivery,Pending
TXN004522,CUST2268,Sports,Cricket Bat,Pune,8,19201.54,25,Cash on Delivery,Delivered
TXN004523,CUST0250,Sports,Football,Pune,6,33798.53,5,Credit Card,Delivered
TXN004524,CUST1586,Electronics,Laptop,Bengaluru,4,2729.2,10,Cash on Delivery,Delivered
TXN004525,CUST2141,Electronics,Smartphone,Coimbatore,10,46043.13,20,Credit Card,Delivered
TXN004526,CUST1715,Sports,Dumbbells,Delhi,9,38392.05,25,UPI,Pending
TXN004527,CUST2194,Home & Kitchen,Mixer,Kochi,7,7093.14,15,Credit Card,Shipped
TXN004528,CUST2815,Sports,Yoga Mat,Delhi,5,11017.34,20,Debit Card,Delivered
TXN004529,CUST1945,Electronics,Laptop,Delhi,2,32235.41,25,Cash on Delivery,Delivered
TXN004530,CUST2346,Books,Data Science Guide,Kochi,9,46085.97,25,Credit Card,Delivered
TXN004531,CUST0966,Clothing,Shoes,Hyderabad,7,22347.04,10,UPI,Delivered
TXN004532,CUST1951,Books,Python Programming,Delhi,9,24333.08,20,Debit Card,Delivered
TXN004533,CUST1225,Books,Machine Learning Basics,Delhi,9,11966.23,20,Credit Card,Shipped
TXN004534,CUST0324,Electronics,Smartphone,Bengaluru,10,19212.24,0,Credit Card,Delivered
TXN004535,CUST1618,Sports,Dumbbells,Chennai,5,14372.28,25,Credit Card,Delivered
TXN004536,CUST2926,Home & Kitchen,Cookware Set,Chennai,7,17593.5,20,Debit Card,Delivered
TXN004537,CUST0143,Books,Data Science Guide,Coimbatore,5,1127.82,25,Credit Card,Pending
TXN004538,CUST2057,Sports,Dumbbells,Bengaluru,3,2148.93,5,UPI,Delivered
TXN004539,CUST2340,Home & Kitchen,Vacuum Cleaner,Delhi,10,34066.26,5,UPI,Cancelled
TXN004540,CUST2117,Books,Data Science Guide,Chennai,8,34121.58,15,UPI,Delivered
TXN004541,CUST2341,Home & Kitchen,Cookware Set,Mumbai,8,16578.51,20,UPI,Delivered
TXN004542,CUST2776,Sports,Dumbbells,Mumbai,9,44284.57,15,Debit Card,Cancelled
TXN004543,CUST2541,Clothing,Jeans,Mumbai,6,13378.99,10,UPI,Delivered
TXN004544,CUST0604,Sports,Yoga Mat,Delhi,2,19849.66,25,UPI,Shipped
TXN004545,CUST0493,Electronics,Laptop,Delhi,3,36595.64,10,Cash on Delivery,Delivered
TXN004546,CUST1840,Home & Kitchen,Vacuum Cleaner,Kochi,10,37204.05,0,UPI,Delivered
TXN004547,CUST0709,Clothing,T-Shirt,Coimbatore,6,43072.17,0,Debit Card,Delivered
TXN004548,CUST0685,Home & Kitchen,Mixer,Pune,1,1550.05,20,Cash on Delivery,Shipped
TXN004549,CUST0868,Home & Kitchen,Cookware Set,Coimbatore,2,9269.56,20,Cash on Delivery,Cancelled
TXN004550,CUST0790,Books,Novel,Coimbatore,8,32064.53,15,Debit Card,Delivered
TXN004551,CUST0517,Electronics,Smartwatch,Hyderabad,8,16976.17,15,Cash on Delivery,Delivered
TXN004552,CUST0175,Home & Kitchen,Cookware Set,Mumbai,6,2273.73,20,Credit Card,Delivered
TXN004553,CUST1735,Sports,Dumbbells,Delhi,3,29364.69,20,UPI,Delivered
TXN004554,CUST0321,Sports,Football,Mumbai,2,19714.35,0,Credit Card,Delivered
TXN004555,CUST2799,Books,Data Science Guide,Coimbatore,6,18268.33,0,Debit Card,Delivered
TXN004556,CUST1784,Electronics,Smartwatch,Delhi,1,13291.78,0,Credit Card,Delivered
TXN004557,CUST0828,Electronics,Smartphone,Bengaluru,10,399.29,20,Debit Card,Pending
TXN004558,CUST2570,Sports,Yoga Mat,Kochi,6,9199.76,15,Credit Card,Delivered
TXN004559,CUST0606,Clothing,Jeans,Chennai,9,23764.34,5,UPI,Pending
TXN004560,CUST2438,Books,Data Science Guide,Chennai,7,13859.25,5,Debit Card,Delivered
TXN004561,CUST1057,Books,Novel,Coimbatore,9,43732.0,15,Debit Card,Delivered
TXN004562,CUST1310,Sports,Cricket Bat,Pune,2,7235.68,15,Debit Card,Delivered
TXN004563,CUST2979,Sports,Cricket Bat,Mumbai,5,43779.48,15,Cash on Delivery,Delivered
TXN004564,CUST0275,Clothing,T-Shirt,Bengaluru,9,20300.81,0,UPI,Delivered
TXN004565,CUST0357,Clothing,Shoes,Delhi,7,13864.43,10,Cash on Delivery,Delivered
TXN004566,CUST1590,Electronics,Smartwatch,Pune,9,15284.16,20,Cash on Delivery,Delivered
TXN004567,CUST2279,Books,Novel,Mumbai,6,16570.53,0,UPI,Shipped
TXN004568,CUST1628,Books,Python Programming,Coimbatore,7,25377.54,5,Debit Card,Delivered
TXN004569,CUST2262,Sports,Dumbbells,Mumbai,10,17758.73,20,Cash on Delivery,Pending
TXN004570,CUST1336,Electronics,Headphones,Coimbatore,5,32395.6,15,Cash on Delivery,Delivered
TXN004571,CUST1132,Books,Python Programming,Hyderabad,6,21316.43,25,Debit Card,Shipped
TXN004572,CUST2129,Electronics,Smartphone,Chennai,1,33615.02,5,UPI,Shipped
TXN004573,CUST1877,Electronics,Smartwatch,Pune,1,30260.88,15,UPI,Cancelled
TXN004574,CUST0051,Sports,Dumbbells,Chennai,2,12298.25,25,UPI,Delivered
TXN004575,CUST2869,Electronics,Smartphone,Mumbai,4,40657.39,15,Cash on Delivery,Delivered
TXN004576,CUST2553,Clothing,Jacket,Bengaluru,9,39969.18,15,UPI,Delivered
TXN004577,CUST2407,Clothing,Shoes,Delhi,7,49450.13,20,UPI,Delivered
TXN004578,CUST2141,Home & Kitchen,Mixer,Coimbatore,6,8835.0,5,Cash on Delivery,Delivered
TXN004579,CUST1719,Sports,Yoga Mat,Delhi,1,42407.13,5,UPI,Delivered
TXN004580,CUST0461,Home & Kitchen,Table Lamp,Chennai,5,43611.85,15,Credit Card,Shipped
TXN004581,CUST1698,Clothing,Shoes,Kochi,4,32143.99,0,UPI,Delivered
TXN004582,CUST0613,Home & Kitchen,Table Lamp,Bengaluru,5,25368.6,10,UPI,Delivered
TXN004583,CUST0608,Sports,Cricket Bat,Bengaluru,9,47867.25,25,Debit Card,Delivered
TXN004584,CUST2321,Sports,Cricket Bat,Delhi,3,48637.33,0,Cash on Delivery,Delivered
TXN004585,CUST2409,Electronics,Laptop,Chennai,4,32120.7,20,Debit Card,Delivered
TXN004586,CUST2387,Books,Machine Learning Basics,Kochi,8,18042.04,25,Credit Card,Delivered
TXN004587,CUST0411,Electronics,Smartphone,Delhi,3,40876.54,10,UPI,Cancelled
TXN004588,CUST0433,Sports,Football,Mumbai,3,4553.85,0,Debit Card,Shipped
TXN004589,CUST2305,Clothing,Jacket,Bengaluru,9,14600.72,25,Debit Card,Delivered
TXN004590,CUST0414,Clothing,Shoes,Bengaluru,5,49279.16,5,Credit Card,Shipped
TXN004591,CUST1172,Electronics,Headphones,Mumbai,10,40735.24,0,UPI,Cancelled
TXN004592,CUST2194,Sports,Football,Chennai,1,46985.17,15,Debit Card,Delivered
TXN004593,CUST1409,Clothing,Jeans,Bengaluru,7,29780.25,20,UPI,Delivered
TXN004594,CUST1684,Sports,Dumbbells,Pune,7,20442.86,0,Credit Card,Cancelled
TXN004595,CUST1082,Clothing,Jeans,Kochi,6,48986.54,25,Credit Card,Delivered
TXN004596,CUST1569,Sports,Yoga Mat,Hyderabad,6,15540.34,0,UPI,Pending
TXN004597,CUST2683,Home & Kitchen,Mixer,Hyderabad,3,37894.97,25,Credit Card,Delivered
TXN004598,CUST1989,Sports,Yoga Mat,Hyderabad,3,27954.53,10,Cash on Delivery,Delivered
TXN004599,CUST2344,Sports,Cricket Bat,Coimbatore,10,11502.51,15,Debit Card,Delivered
TXN004600,CUST2495,Electronics,Smartwatch,Pune,9,972.42,10,Cash on Delivery,Pending
TXN004601,CUST1938,Home & Kitchen,Table Lamp,Coimbatore,1,19249.83,20,Cash on Delivery,Delivered
TXN004602,CUST0154,Books,Data Science Guide,Chennai,7,27429.5,20,Credit Card,Pending
TXN004603,CUST0706,Electronics,Headphones,Mumbai,10,9241.2,25,Credit Card,Delivered
TXN004604,CUST1129,Books,Machine Learning Basics,Delhi,7,20786.29,15,UPI,Shipped
TXN004605,CUST1651,Clothing,Jacket,Pune,8,30797.98,10,Cash on Delivery,Delivered
TXN004606,CUST0590,Books,Novel,Kochi,6,35774.66,15,Debit Card,Pending
TXN004607,CUST2533,Sports,Yoga Mat,Chennai,8,2731.85,10,UPI,Pending
TXN004608,CUST2494,Books,Novel,Delhi,1,33242.62,25,UPI,Delivered
TXN004609,CUST2789,Electronics,Headphones,Chennai,1,2927.7,25,UPI,Delivered
TXN004610,CUST2842,Electronics,Headphones,Coimbatore,9,1506.46,25,Credit Card,Delivered
TXN004611,CUST1646,Books,Python Programming,Hyderabad,4,7705.36,5,Credit Card,Delivered
TXN004612,CUST0159,Electronics,Laptop,Mumbai,3,32716.84,15,UPI,Delivered
TXN004613,CUST1622,Electronics,Laptop,Coimbatore,6,2735.79,20,Credit Card,Pending
TXN004614,CUST1358,Books,Machine Learning Basics,Mumbai,10,1142.72,10,Credit Card,Delivered
TXN004615,CUST2829,Home & Kitchen,Mixer,Pune,9,5986.18,5,UPI,Delivered
TXN004616,CUST0974,Home & Kitchen,Cookware Set,Delhi,10,47491.08,20,Debit Card,Delivered
TXN004617,CUST0202,Clothing,Jacket,Chennai,4,45373.16,10,Debit Card,Delivered
TXN004618,CUST1947,Electronics,Headphones,Bengaluru,9,4414.65,5,Credit Card,Delivered
TXN004619,CUST1101,Books,Machine Learning Basics,Bengaluru,5,15270.26,20,Debit Card,Delivered
TXN004620,CUST1526,Electronics,Headphones,Mumbai,7,47369.89,20,Debit Card,Pending
TXN004621,CUST0083,Sports,Football,Hyderabad,3,4974.61,5,Credit Card,Delivered
TXN004622,CUST1384,Electronics,Headphones,Hyderabad,3,4820.34,20,Debit Card,Delivered
TXN004623,CUST1242,Electronics,Smartwatch,Mumbai,3,4391.59,10,Credit Card,Delivered
TXN004624,CUST1274,Home & Kitchen,Table Lamp,Coimbatore,8,48826.16,10,Cash on Delivery,Delivered
TXN004625,CUST1149,Books,Machine Learning Basics,Bengaluru,6,37181.11,20,UPI,Delivered
TXN004626,CUST2014,Electronics,Laptop,Coimbatore,9,10802.77,0,Debit Card,Shipped
TXN004627,CUST2852,Home & Kitchen,Cookware Set,Delhi,9,2392.77,25,UPI,Delivered
TXN004628,CUST2806,Clothing,Jeans,Bengaluru,8,48265.55,5,UPI,Delivered
TXN004629,CUST0403,Home & Kitchen,Vacuum Cleaner,Delhi,1,21331.9,0,Credit Card,Delivered
TXN004630,CUST0934,Home & Kitchen,Table Lamp,Chennai,6,29958.93,10,Debit Card,Delivered
TXN004631,CUST0551,Home & Kitchen,Vacuum Cleaner,Coimbatore,4,14031.89,20,Debit Card,Delivered
TXN004632,CUST1231,Electronics,Laptop,Mumbai,4,37942.18,15,Cash on Delivery,Delivered
TXN004633,CUST1815,Electronics,Smartphone,Bengaluru,3,9920.44,15,Debit Card,Delivered
TXN004634,CUST1315,Clothing,Jeans,Coimbatore,9,39366.91,25,Debit Card,Delivered
TXN004635,CUST1104,Sports,Yoga Mat,Mumbai,2,11607.09,0,Credit Card,Pending
TXN004636,CUST2986,Sports,Football,Chennai,1,4985.82,0,UPI,Delivered
TXN004637,CUST1708,Sports,Cricket Bat,Bengaluru,10,23993.25,0,Cash on Delivery,Delivered
TXN004638,CUST2478,Clothing,Jacket,Delhi,3,40679.52,10,Debit Card,Pending
TXN004639,CUST2645,Sports,Yoga Mat,Chennai,4,19304.75,25,Debit Card,Delivered
TXN004640,CUST0366,Sports,Dumbbells,Hyderabad,4,1540.8,25,Cash on Delivery,Delivered
TXN004641,CUST0770,Home & Kitchen,Table Lamp,Mumbai,6,27710.15,10,Credit Card,Delivered
TXN004642,CUST1810,Electronics,Laptop,Kochi,1,34055.52,25,Debit Card,Pending
TXN004643,CUST0866,Electronics,Headphones,Bengaluru,1,37060.68,20,Debit Card,Delivered
TXN004644,CUST1668,Home & Kitchen,Cookware Set,Bengaluru,2,20156.06,10,Cash on Delivery,Delivered
TXN004645,CUST1985,Home & Kitchen,Vacuum Cleaner,Pune,4,4941.28,20,UPI,Delivered
TXN004646,CUST2116,Home & Kitchen,Vacuum Cleaner,Pune,7,29257.89,20,Debit Card,Delivered
TXN004647,CUST1532,Electronics,Smartwatch,Chennai,6,16544.44,0,Debit Card,Cancelled
TXN004648,CUST0231,Sports,Dumbbells,Bengaluru,9,47349.69,15,UPI,Pending
TXN004649,CUST2111,Home & Kitchen,Cookware Set,Mumbai,7,25185.33,0,Debit Card,Delivered
TXN004650,CUST0652,Clothing,Shoes,Chennai,5,23666.08,10,UPI,Delivered
TXN004651,CUST0269,Home & Kitchen,Cookware Set,Delhi,6,15529.56,5,Credit Card,Shipped
TXN004652,CUST1275,Books,Novel,Chennai,10,17005.45,10,UPI,Delivered
TXN004653,CUST2907,Home & Kitchen,Table Lamp,Chennai,9,25686.46,15,UPI,Pending
TXN004654,CUST2076,Electronics,Smartphone,Kochi,1,15402.57,10,Debit Card,Delivered
TXN004655,CUST1653,Home & Kitchen,Mixer,Delhi,9,44626.01,15,Debit Card,Delivered
TXN004656,CUST0556,Books,Machine Learning Basics,Hyderabad,6,22006.99,5,Cash on Delivery,Delivered
TXN004657,CUST2148,Clothing,Jeans,Pune,4,14671.9,5,Debit Card,Delivered
TXN004658,CUST2330,Sports,Yoga Mat,Mumbai,5,7854.2,25,Debit Card,Delivered
TXN004659,CUST0119,Home & Kitchen,Cookware Set,Hyderabad,1,33650.3,20,UPI,Shipped
TXN004660,CUST0712,Books,Data Science Guide,Hyderabad,7,1386.77,10,Credit Card,Delivered
TXN004661,CUST0790,Books,Data Science Guide,Hyderabad,8,22554.79,20,Debit Card,Delivered
TXN004662,CUST0823,Clothing,Jacket,Pune,5,27551.08,0,UPI,Delivered
TXN004663,CUST0237,Electronics,Smartphone,Coimbatore,2,17055.25,0,Cash on Delivery,Delivered
TXN004664,CUST1022,Home & Kitchen,Cookware Set,Pune,8,37515.91,0,Cash on Delivery,Delivered
TXN004665,CUST0136,Books,Machine Learning Basics,Hyderabad,10,33815.46,25,Credit Card,Shipped
TXN004666,CUST1870,Clothing,Shoes,Coimbatore,7,48572.81,0,Credit Card,Delivered
TXN004667,CUST0208,Sports,Dumbbells,Delhi,10,25487.46,0,Credit Card,Pending
TXN004668,CUST1477,Books,Python Programming,Pune,9,26936.84,10,UPI,Delivered
TXN004669,CUST2887,Clothing,Jeans,Mumbai,4,12367.38,20,Debit Card,Delivered
TXN004670,CUST0816,Electronics,Laptop,Hyderabad,9,19335.65,20,UPI,Delivered
TXN004671,CUST1123,Electronics,Headphones,Bengaluru,4,1440.34,15,Cash on Delivery,Cancelled
TXN004672,CUST1509,Books,Python Programming,Delhi,3,34494.81,0,Cash on Delivery,Delivered
TXN004673,CUST1902,Books,Novel,Coimbatore,3,15649.98,5,Debit Card,Cancelled
TXN004674,CUST2069,Home & Kitchen,Mixer,Pune,10,27064.31,15,Credit Card,Delivered
TXN004675,CUST1626,Clothing,Jacket,Mumbai,2,12824.12,15,Cash on Delivery,Shipped
TXN004676,CUST2603,Books,Python Programming,Chennai,10,31089.71,10,Credit Card,Delivered
TXN004677,CUST0508,Home & Kitchen,Vacuum Cleaner,Mumbai,3,22434.37,15,UPI,Delivered
TXN004678,CUST2791,Home & Kitchen,Mixer,Mumbai,8,24144.85,5,Credit Card,Delivered
TXN004679,CUST0126,Books,Python Programming,Hyderabad,8,47136.1,20,UPI,Delivered
TXN004680,CUST0991,Electronics,Smartwatch,Hyderabad,2,35337.4,15,Debit Card,Delivered
TXN004681,CUST1526,Clothing,Jeans,Pune,2,13168.8,10,Credit Card,Delivered
TXN004682,CUST2003,Clothing,Jeans,Pune,2,25245.7,0,Debit Card,Delivered
TXN004683,CUST2434,Electronics,Headphones,Kochi,10,23386.97,5,Credit Card,Delivered
TXN004684,CUST1828,Books,Data Science Guide,Coimbatore,7,39773.13,0,Cash on Delivery,Delivered
TXN004685,CUST0728,Clothing,Jeans,Kochi,6,41684.42,25,Debit Card,Cancelled
TXN004686,CUST1944,Books,Data Science Guide,Pune,1,14243.8,15,Credit Card,Delivered
TXN004687,CUST2404,Books,Novel,Coimbatore,2,41075.46,20,Debit Card,Shipped
TXN004688,CUST2259,Home & Kitchen,Cookware Set,Hyderabad,1,9057.12,10,Credit Card,Cancelled
TXN004689,CUST1433,Electronics,Smartphone,Hyderabad,7,38162.25,5,UPI,Delivered
TXN004690,CUST1411,Books,Machine Learning Basics,Bengaluru,6,12514.35,20,Debit Card,Delivered
TXN004691,CUST0670,Sports,Yoga Mat,Bengaluru,2,14966.76,5,Cash on Delivery,Delivered
TXN004692,CUST1060,Electronics,Smartphone,Delhi,2,42638.15,10,Debit Card,Delivered
TXN004693,CUST2822,Clothing,Jeans,Hyderabad,2,21061.74,10,UPI,Delivered
TXN004694,CUST0371,Home & Kitchen,Mixer,Chennai,8,49529.23,15,UPI,Pending
TXN004695,CUST1168,Clothing,Jeans,Bengaluru,7,7681.96,5,Cash on Delivery,Cancelled
TXN004696,CUST0113,Clothing,Jacket,Coimbatore,1,23221.12,25,UPI,Shipped
TXN004697,CUST1584,Electronics,Smartphone,Mumbai,4,36649.27,25,Cash on Delivery,Delivered
TXN004698,CUST0204,Clothing,Jeans,Pune,4,367.82,15,Credit Card,Shipped
TXN004699,CUST0668,Books,Data Science Guide,Pune,7,7677.58,5,UPI,Delivered
TXN004700,CUST2344,Clothing,Jeans,Delhi,2,1115.8,5,Credit Card,Cancelled
TXN004701,CUST0878,Home & Kitchen,Table Lamp,Bengaluru,4,49644.61,0,Credit Card,Delivered
TXN004702,CUST0907,Home & Kitchen,Table Lamp,Mumbai,1,38055.17,15,UPI,Delivered
TXN004703,CUST2652,Sports,Cricket Bat,Mumbai,4,18740.6,5,Cash on Delivery,Delivered
TXN004704,CUST0923,Home & Kitchen,Mixer,Bengaluru,1,7898.62,5,Cash on Delivery,Delivered
TXN004705,CUST2776,Clothing,Jacket,Chennai,2,4610.12,10,Cash on Delivery,Delivered
TXN004706,CUST0847,Home & Kitchen,Mixer,Chennai,2,26642.17,0,UPI,Shipped
TXN004707,CUST1103,Electronics,Laptop,Delhi,10,48796.98,25,Credit Card,Delivered
TXN004708,CUST2669,Home & Kitchen,Table Lamp,Kochi,3,33763.09,25,Debit Card,Delivered
TXN004709,CUST1678,Books,Python Programming,Chennai,8,18320.4,10,Debit Card,Delivered
TXN004710,CUST2103,Electronics,Smartwatch,Delhi,6,25092.46,15,UPI,Delivered
TXN004711,CUST0083,Sports,Cricket Bat,Kochi,6,49945.28,25,Debit Card,Delivered
TXN004712,CUST2795,Books,Novel,Kochi,9,25986.43,15,Credit Card,Shipped
TXN004713,CUST0037,Clothing,Jeans,Coimbatore,8,48213.65,5,Debit Card,Delivered
TXN004714,CUST1942,Clothing,T-Shirt,Kochi,2,916.45,20,Cash on Delivery,Pending
TXN004715,CUST0542,Clothing,Jeans,Bengaluru,6,36076.06,10,Credit Card,Delivered
TXN004716,CUST2652,Books,Novel,Kochi,1,31395.36,15,UPI,Pending
TXN004717,CUST0710,Books,Machine Learning Basics,Mumbai,9,34297.96,5,UPI,Delivered
TXN004718,CUST2463,Books,Python Programming,Delhi,4,28571.3,5,Cash on Delivery,Pending
TXN004719,CUST0035,Electronics,Smartwatch,Pune,4,2304.42,10,Debit Card,Delivered
TXN004720,CUST0917,Electronics,Smartphone,Chennai,9,7563.24,25,UPI,Delivered
TXN004721,CUST1034,Clothing,Shoes,Pune,3,46120.34,5,UPI,Delivered
TXN004722,CUST2492,Home & Kitchen,Cookware Set,Delhi,5,11722.96,0,Credit Card,Delivered
TXN004723,CUST1252,Clothing,Shoes,Hyderabad,1,49647.57,25,Credit Card,Cancelled
TXN004724,CUST2920,Sports,Cricket Bat,Delhi,6,34011.47,20,Credit Card,Delivered
TXN004725,CUST2906,Electronics,Headphones,Chennai,3,22273.29,10,Credit Card,Delivered
TXN004726,CUST2633,Books,Novel,Hyderabad,1,46010.44,10,UPI,Delivered
TXN004727,CUST1128,Electronics,Headphones,Hyderabad,10,39769.81,10,Credit Card,Pending
TXN004728,CUST1736,Books,Novel,Kochi,6,21505.36,5,Cash on Delivery,Delivered
TXN004729,CUST1543,Sports,Football,Chennai,10,3522.79,5,Cash on Delivery,Delivered
TXN004730,CUST1429,Sports,Yoga Mat,Hyderabad,2,43428.4,10,Credit Card,Delivered
TXN004731,CUST1881,Electronics,Smartwatch,Bengaluru,8,38275.49,10,Credit Card,Pending
TXN004732,CUST1033,Books,Machine Learning Basics,Mumbai,2,39557.67,0,Debit Card,Delivered
TXN004733,CUST0894,Sports,Yoga Mat,Pune,4,37268.45,15,Credit Card,Delivered
TXN004734,CUST1912,Clothing,Jacket,Bengaluru,3,13860.15,25,UPI,Shipped
TXN004735,CUST1238,Clothing,Jeans,Bengaluru,9,42956.4,25,Cash on Delivery,Delivered
TXN004736,CUST2774,Books,Machine Learning Basics,Chennai,2,211.4,0,Cash on Delivery,Delivered
TXN004737,CUST2133,Electronics,Headphones,Kochi,3,11940.09,10,UPI,Pending
TXN004738,CUST2555,Sports,Yoga Mat,Chennai,7,2423.32,5,Credit Card,Delivered
TXN004739,CUST1627,Electronics,Smartwatch,Pune,4,5618.76,5,Debit Card,Delivered
TXN004740,CUST2395,Clothing,T-Shirt,Mumbai,6,26665.72,10,Cash on Delivery,Delivered
TXN004741,CUST0420,Sports,Football,Delhi,3,1959.08,15,Debit Card,Delivered
TXN004742,CUST0031,Electronics,Smartwatch,Bengaluru,1,9150.91,20,Cash on Delivery,Delivered
TXN004743,CUST2096,Home & Kitchen,Mixer,Hyderabad,6,11713.73,20,Debit Card,Delivered
TXN004744,CUST2714,Books,Machine Learning Basics,Mumbai,4,32801.41,0,Cash on Delivery,Delivered
TXN004745,CUST1533,Books,Novel,Bengaluru,2,23494.14,25,Debit Card,Delivered
TXN004746,CUST2300,Home & Kitchen,Table Lamp,Delhi,7,22974.78,15,Credit Card,Delivered
TXN004747,CUST2652,Clothing,Jeans,Kochi,10,38444.78,20,Credit Card,Pending
TXN004748,CUST2433,Sports,Football,Hyderabad,5,22890.4,15,UPI,Delivered
TXN004749,CUST2495,Books,Python Programming,Bengaluru,6,17489.59,5,UPI,Delivered
TXN004750,CUST1158,Home & Kitchen,Table Lamp,Coimbatore,6,48126.31,5,Debit Card,Delivered
TXN004751,CUST1223,Home & Kitchen,Vacuum Cleaner,Pune,9,513.84,15,Debit Card,Delivered
TXN004752,CUST2804,Clothing,T-Shirt,Mumbai,2,15339.11,10,Cash on Delivery,Pending
TXN004753,CUST0443,Clothing,Shoes,Pune,6,30508.7,20,UPI,Delivered
TXN004754,CUST1974,Electronics,Headphones,Chennai,9,39162.18,20,UPI,Delivered
TXN004755,CUST0262,Books,Data Science Guide,Bengaluru,4,40839.01,5,Cash on Delivery,Delivered
TXN004756,CUST1378,Electronics,Laptop,Hyderabad,6,2399.05,25,Debit Card,Shipped
TXN004757,CUST1133,Home & Kitchen,Mixer,Hyderabad,7,35485.69,0,UPI,Delivered
TXN004758,CUST2624,Sports,Football,Mumbai,1,36040.66,20,Debit Card,Delivered
TXN004759,CUST1332,Sports,Football,Mumbai,5,10782.56,5,Credit Card,Cancelled
TXN004760,CUST1135,Clothing,Jacket,Pune,4,5727.47,5,Debit Card,Delivered
TXN004761,CUST1070,Sports,Yoga Mat,Hyderabad,10,37509.34,15,Credit Card,Delivered
TXN004762,CUST2688,Sports,Yoga Mat,Hyderabad,2,12550.05,15,Credit Card,Delivered
TXN004763,CUST2913,Sports,Dumbbells,Hyderabad,2,183.52,25,Cash on Delivery,Shipped
TXN004764,CUST2669,Home & Kitchen,Mixer,Bengaluru,2,11256.27,15,Cash on Delivery,Delivered
TXN004765,CUST1224,Sports,Yoga Mat,Hyderabad,7,1650.29,0,Credit Card,Delivered
TXN004766,CUST0772,Sports,Football,Chennai,4,12534.42,20,Cash on Delivery,Pending
TXN004767,CUST0615,Sports,Football,Hyderabad,6,16817.48,0,UPI,Delivered
TXN004768,CUST2119,Electronics,Headphones,Chennai,7,13642.87,0,UPI,Delivered
TXN004769,CUST0985,Home & Kitchen,Cookware Set,Bengaluru,9,46004.86,15,Debit Card,Shipped
TXN004770,CUST0233,Clothing,Jeans,Mumbai,2,11703.39,25,Credit Card,Delivered
TXN004771,CUST2458,Electronics,Smartwatch,Kochi,10,23429.99,5,Debit Card,Pending
TXN004772,CUST1656,Books,Data Science Guide,Chennai,9,47875.64,10,Credit Card,Shipped
TXN004773,CUST2706,Home & Kitchen,Cookware Set,Bengaluru,5,43972.05,5,Credit Card,Pending
TXN004774,CUST1310,Home & Kitchen,Cookware Set,Kochi,6,15532.0,5,Debit Card,Delivered
TXN004775,CUST2789,Books,Machine Learning Basics,Kochi,6,16391.87,5,Debit Card,Delivered
TXN004776,CUST0574,Books,Novel,Hyderabad,3,29707.14,5,Debit Card,Delivered
TXN004777,CUST2955,Books,Novel,Bengaluru,10,45901.36,0,Debit Card,Delivered
TXN004778,CUST0105,Clothing,Jacket,Kochi,7,598.99,15,UPI,Delivered
TXN004779,CUST2685,Sports,Football,Hyderabad,7,19716.68,15,Credit Card,Delivered
TXN004780,CUST2038,Home & Kitchen,Vacuum Cleaner,Pune,8,42503.8,5,Cash on Delivery,Delivered
TXN004781,CUST1211,Sports,Dumbbells,Bengaluru,5,20582.45,10,Credit Card,Delivered
TXN004782,CUST1063,Sports,Yoga Mat,Kochi,2,36030.74,20,UPI,Delivered
TXN004783,CUST1715,Books,Machine Learning Basics,Mumbai,3,34627.05,5,Credit Card,Cancelled
TXN004784,CUST1658,Clothing,Jeans,Chennai,9,10352.39,5,UPI,Pending
TXN004785,CUST1591,Electronics,Headphones,Pune,6,22534.77,10,Credit Card,Delivered
TXN004786,CUST0145,Clothing,Jacket,Mumbai,8,28352.72,0,UPI,Delivered
TXN004787,CUST2389,Sports,Yoga Mat,Coimbatore,8,35801.6,5,Cash on Delivery,Delivered
TXN004788,CUST2901,Clothing,Jacket,Hyderabad,5,41137.24,10,Cash on Delivery,Delivered
TXN004789,CUST2344,Books,Novel,Kochi,1,38020.67,0,Cash on Delivery,Delivered
TXN004790,CUST0778,Electronics,Headphones,Chennai,6,1512.74,0,Cash on Delivery,Delivered
TXN004791,CUST1406,Books,Novel,Mumbai,7,33564.83,25,UPI,Pending
TXN004792,CUST2976,Electronics,Smartwatch,Chennai,9,24916.04,25,Credit Card,Delivered
TXN004793,CUST2922,Sports,Dumbbells,Coimbatore,2,28735.7,25,Cash on Delivery,Shipped
TXN004794,CUST0911,Electronics,Smartphone,Delhi,2,18711.01,5,Cash on Delivery,Delivered
TXN004795,CUST2812,Electronics,Smartwatch,Hyderabad,10,35729.91,0,Credit Card,Delivered
TXN004796,CUST2190,Electronics,Smartphone,Hyderabad,1,33727.04,5,Credit Card,Delivered
TXN004797,CUST2615,Clothing,Shoes,Bengaluru,5,29016.38,5,Debit Card,Delivered
TXN004798,CUST1949,Clothing,Jacket,Kochi,2,43094.12,15,Credit Card,Delivered
TXN004799,CUST2752,Sports,Football,Hyderabad,3,5184.81,20,Credit Card,Cancelled
TXN004800,CUST1469,Electronics,Smartwatch,Hyderabad,2,15121.06,20,Credit Card,Delivered
TXN004801,CUST2078,Home & Kitchen,Vacuum Cleaner,Mumbai,4,24807.01,15,Debit Card,Delivered
TXN004802,CUST1230,Sports,Cricket Bat,Pune,3,47934.38,5,Credit Card,Delivered
TXN004803,CUST0697,Electronics,Laptop,Hyderabad,9,3690.97,10,UPI,Delivered
TXN004804,CUST2694,Electronics,Laptop,Hyderabad,10,16920.17,0,Cash on Delivery,Pending
TXN004805,CUST2287,Clothing,Jacket,Kochi,2,46301.94,15,UPI,Delivered
TXN004806,CUST0742,Sports,Yoga Mat,Coimbatore,7,44907.58,25,Debit Card,Delivered
TXN004807,CUST1204,Electronics,Headphones,Pune,3,43275.75,15,Debit Card,Delivered
TXN004808,CUST0400,Electronics,Smartphone,Coimbatore,10,15488.68,15,Debit Card,Delivered
TXN004809,CUST1929,Sports,Yoga Mat,Kochi,8,42357.11,15,Debit Card,Delivered
TXN004810,CUST0525,Home & Kitchen,Table Lamp,Chennai,4,25316.44,20,Debit Card,Cancelled
TXN004811,CUST1060,Sports,Dumbbells,Chennai,4,31026.96,5,Cash on Delivery,Delivered
TXN004812,CUST2971,Sports,Yoga Mat,Hyderabad,9,12017.36,15,Credit Card,Shipped
TXN004813,CUST2290,Home & Kitchen,Cookware Set,Hyderabad,3,35363.03,15,UPI,Delivered
TXN004814,CUST0750,Sports,Football,Bengaluru,7,16452.09,15,UPI,Delivered
TXN004815,CUST2785,Electronics,Smartwatch,Chennai,1,17259.63,10,Credit Card,Delivered
TXN004816,CUST1375,Sports,Yoga Mat,Mumbai,7,31877.18,10,Debit Card,Delivered
TXN004817,CUST2681,Home & Kitchen,Mixer,Hyderabad,10,12067.61,0,Credit Card,Shipped
TXN004818,CUST0366,Books,Python Programming,Mumbai,2,11299.49,5,Debit Card,Delivered
TXN004819,CUST0911,Sports,Football,Hyderabad,6,18521.23,15,Cash on Delivery,Delivered
TXN004820,CUST1456,Clothing,Jeans,Kochi,9,38925.37,0,UPI,Delivered
TXN004821,CUST0915,Electronics,Headphones,Mumbai,6,11311.63,25,UPI,Pending
TXN004822,CUST1258,Electronics,Smartwatch,Delhi,3,39387.19,0,Cash on Delivery,Delivered
TXN004823,CUST1723,Clothing,Shoes,Mumbai,1,34810.7,25,Cash on Delivery,Delivered
TXN004824,CUST1358,Clothing,T-Shirt,Pune,4,33986.09,25,Debit Card,Delivered
TXN004825,CUST1523,Sports,Dumbbells,Chennai,4,23790.31,5,Credit Card,Delivered
TXN004826,CUST1068,Clothing,Shoes,Hyderabad,8,37319.8,10,Debit Card,Delivered
TXN004827,CUST2399,Books,Data Science Guide,Chennai,10,774.62,5,Debit Card,Delivered
TXN004828,CUST1205,Home & Kitchen,Vacuum Cleaner,Pune,10,15349.8,0,UPI,Delivered
TXN004829,CUST1900,Clothing,Shoes,Pune,7,33988.96,25,Debit Card,Delivered
TXN004830,CUST0483,Clothing,T-Shirt,Mumbai,10,49366.04,5,Credit Card,Shipped
TXN004831,CUST1928,Books,Python Programming,Coimbatore,7,225.47,10,Debit Card,Shipped
TXN004832,CUST0220,Electronics,Smartphone,Coimbatore,7,25547.62,0,UPI,Delivered
TXN004833,CUST2599,Electronics,Headphones,Pune,2,46199.44,5,Credit Card,Delivered
TXN004834,CUST2391,Sports,Yoga Mat,Coimbatore,9,43190.62,15,Credit Card,Delivered
TXN004835,CUST2377,Books,Machine Learning Basics,Hyderabad,6,1254.5,15,UPI,Delivered
TXN004836,CUST2543,Home & Kitchen,Table Lamp,Bengaluru,2,26524.95,5,UPI,Delivered
TXN004837,CUST0292,Home & Kitchen,Vacuum Cleaner,Delhi,1,313.93,5,Debit Card,Delivered
TXN004838,CUST1935,Books,Python Programming,Mumbai,1,39499.79,25,UPI,Delivered
TXN004839,CUST0797,Home & Kitchen,Table Lamp,Bengaluru,1,15512.85,25,Cash on Delivery,Delivered
TXN004840,CUST2050,Electronics,Laptop,Coimbatore,4,38302.97,10,UPI,Delivered
TXN004841,CUST0491,Home & Kitchen,Mixer,Mumbai,4,47245.19,0,Cash on Delivery,Cancelled
TXN004842,CUST2789,Home & Kitchen,Vacuum Cleaner,Bengaluru,9,48806.64,5,UPI,Delivered
TXN004843,CUST1564,Books,Novel,Chennai,1,44716.15,0,Cash on Delivery,Delivered
TXN004844,CUST2171,Books,Data Science Guide,Coimbatore,3,10286.76,15,Cash on Delivery,Delivered
TXN004845,CUST1223,Home & Kitchen,Cookware Set,Kochi,3,9810.55,0,UPI,Delivered
TXN004846,CUST1693,Clothing,Jacket,Bengaluru,8,31326.44,20,Credit Card,Pending
TXN004847,CUST0222,Books,Data Science Guide,Kochi,2,27248.28,10,Credit Card,Delivered
TXN004848,CUST0618,Sports,Cricket Bat,Hyderabad,6,575.78,10,Cash on Delivery,Delivered
TXN004849,CUST0563,Sports,Dumbbells,Chennai,4,19647.19,0,Credit Card,Pending
TXN004850,CUST0821,Electronics,Laptop,Coimbatore,10,45343.88,10,UPI,Pending
TXN004851,CUST1404,Home & Kitchen,Vacuum Cleaner,Delhi,6,44928.12,0,Cash on Delivery,Delivered
TXN004852,CUST1677,Clothing,Jacket,Pune,5,10274.95,0,Debit Card,Delivered
TXN004853,CUST2333,Electronics,Headphones,Coimbatore,9,19159.96,15,Cash on Delivery,Delivered
TXN004854,CUST1875,Home & Kitchen,Mixer,Kochi,9,28062.26,0,Debit Card,Delivered
TXN004855,CUST0587,Books,Data Science Guide,Hyderabad,1,42653.93,10,Debit Card,Delivered
TXN004856,CUST1296,Sports,Cricket Bat,Delhi,3,26646.52,20,Cash on Delivery,Delivered
TXN004857,CUST2932,Clothing,Jacket,Delhi,1,48413.17,5,Debit Card,Delivered
TXN004858,CUST0739,Sports,Yoga Mat,Delhi,6,39972.7,10,Credit Card,Delivered
TXN004859,CUST0332,Books,Novel,Mumbai,3,47659.28,20,Debit Card,Delivered
TXN004860,CUST1998,Home & Kitchen,Cookware Set,Mumbai,1,36601.46,10,Credit Card,Pending
TXN004861,CUST1363,Books,Data Science Guide,Kochi,6,43893.44,20,Cash on Delivery,Delivered
TXN004862,CUST2585,Books,Machine Learning Basics,Pune,5,41567.09,10,Debit Card,Delivered
TXN004863,CUST0725,Sports,Dumbbells,Delhi,8,12766.54,5,Debit Card,Delivered
TXN004864,CUST1284,Clothing,Jeans,Pune,2,11553.87,15,Credit Card,Shipped
TXN004865,CUST2599,Books,Novel,Chennai,8,43232.73,15,Credit Card,Delivered
TXN004866,CUST0238,Sports,Yoga Mat,Delhi,5,4325.42,5,Cash on Delivery,Delivered
TXN004867,CUST0020,Clothing,Jacket,Bengaluru,8,20487.32,10,Cash on Delivery,Shipped
TXN004868,CUST1852,Home & Kitchen,Cookware Set,Delhi,10,41050.82,20,Debit Card,Delivered
TXN004869,CUST1121,Home & Kitchen,Vacuum Cleaner,Kochi,4,40680.64,0,UPI,Cancelled
TXN004870,CUST0858,Electronics,Headphones,Mumbai,4,7025.26,10,Debit Card,Delivered
TXN004871,CUST0691,Sports,Cricket Bat,Mumbai,10,24436.72,5,Debit Card,Delivered
TXN004872,CUST2361,Clothing,Jeans,Bengaluru,4,24043.64,25,Cash on Delivery,Delivered
TXN004873,CUST0649,Books,Python Programming,Bengaluru,6,16253.7,15,Cash on Delivery,Shipped
TXN004874,CUST2006,Home & Kitchen,Table Lamp,Coimbatore,4,45867.34,15,Debit Card,Delivered
TXN004875,CUST0361,Clothing,Shoes,Chennai,9,32690.57,10,Credit Card,Delivered
TXN004876,CUST0531,Sports,Dumbbells,Chennai,9,49011.36,20,Cash on Delivery,Shipped
TXN004877,CUST2517,Electronics,Smartwatch,Kochi,3,3431.63,5,Debit Card,Delivered
TXN004878,CUST1777,Home & Kitchen,Mixer,Kochi,7,19778.07,5,UPI,Delivered
TXN004879,CUST2595,Clothing,T-Shirt,Kochi,5,41773.36,20,Debit Card,Delivered
TXN004880,CUST1759,Clothing,Jacket,Kochi,9,21192.01,20,UPI,Delivered
TXN004881,CUST1653,Clothing,T-Shirt,Kochi,2,13167.71,10,UPI,Cancelled
TXN004882,CUST1758,Sports,Dumbbells,Kochi,3,49890.6,10,UPI,Pending
TXN004883,CUST1956,Sports,Cricket Bat,Chennai,10,43668.93,25,Debit Card,Delivered
TXN004884,CUST1571,Sports,Yoga Mat,Hyderabad,5,27369.04,15,Cash on Delivery,Delivered
TXN004885,CUST0020,Books,Novel,Mumbai,5,28129.29,15,Credit Card,Shipped
TXN004886,CUST0155,Clothing,Jacket,Chennai,10,442.46,20,Credit Card,Delivered
TXN004887,CUST2187,Home & Kitchen,Vacuum Cleaner,Kochi,7,49051.63,0,Debit Card,Delivered
TXN004888,CUST0817,Sports,Cricket Bat,Coimbatore,8,40334.13,0,Debit Card,Delivered
TXN004889,CUST2993,Sports,Cricket Bat,Coimbatore,8,1932.8,0,UPI,Cancelled
TXN004890,CUST1529,Clothing,T-Shirt,Chennai,1,8898.88,5,Cash on Delivery,Delivered
TXN004891,CUST0058,Sports,Cricket Bat,Bengaluru,1,41069.46,10,Debit Card,Cancelled
TXN004892,CUST1320,Books,Data Science Guide,Coimbatore,3,4434.59,20,Credit Card,Delivered
TXN004893,CUST2176,Books,Python Programming,Pune,1,47095.11,15,Debit Card,Delivered
TXN004894,CUST0781,Sports,Dumbbells,Bengaluru,1,49994.56,0,Cash on Delivery,Delivered
TXN004895,CUST0074,Clothing,Jeans,Pune,10,44333.0,15,Cash on Delivery,Delivered
TXN004896,CUST2772,Clothing,T-Shirt,Mumbai,8,36971.31,10,Debit Card,Pending
TXN004897,CUST0017,Clothing,Shoes,Hyderabad,1,24415.39,25,Debit Card,Delivered
TXN004898,CUST2567,Electronics,Headphones,Coimbatore,9,4213.24,25,Cash on Delivery,Delivered
TXN004899,CUST1020,Sports,Dumbbells,Bengaluru,2,36549.27,20,Cash on Delivery,Delivered
TXN004900,CUST0927,Clothing,Shoes,Kochi,9,19903.57,0,UPI,Shipped
TXN004901,CUST2841,Books,Data Science Guide,Pune,7,28554.41,0,Debit Card,Cancelled
TXN004902,CUST1411,Home & Kitchen,Vacuum Cleaner,Chennai,9,14740.18,25,Debit Card,Delivered
TXN004903,CUST1279,Home & Kitchen,Mixer,Pune,3,12183.58,20,Debit Card,Delivered
TXN004904,CUST0529,Clothing,Jeans,Pune,1,16282.42,15,Credit Card,Delivered
TXN004905,CUST0421,Home & Kitchen,Vacuum Cleaner,Mumbai,1,40710.02,10,UPI,Pending
TXN004906,CUST1572,Home & Kitchen,Table Lamp,Delhi,10,21381.93,25,Cash on Delivery,Delivered
TXN004907,CUST2062,Electronics,Smartwatch,Delhi,6,15654.22,25,UPI,Delivered
TXN004908,CUST2412,Books,Python Programming,Chennai,7,21705.22,10,Credit Card,Delivered
TXN004909,CUST1254,Books,Novel,Mumbai,9,1711.14,10,UPI,Delivered
TXN004910,CUST0685,Electronics,Headphones,Mumbai,6,44541.15,25,Credit Card,Delivered
TXN004911,CUST0268,Electronics,Smartphone,Kochi,5,27632.9,15,UPI,Delivered
TXN004912,CUST0188,Home & Kitchen,Table Lamp,Mumbai,2,5330.83,15,UPI,Delivered
TXN004913,CUST1222,Sports,Cricket Bat,Mumbai,2,14491.51,0,UPI,Delivered
TXN004914,CUST1192,Home & Kitchen,Mixer,Delhi,8,49179.28,15,Debit Card,Delivered
TXN004915,CUST1868,Electronics,Laptop,Bengaluru,1,29693.57,5,Cash on Delivery,Delivered
TXN004916,CUST2982,Books,Machine Learning Basics,Mumbai,8,14641.1,20,UPI,Delivered
TXN004917,CUST2132,Home & Kitchen,Table Lamp,Bengaluru,10,21374.65,15,Debit Card,Delivered
TXN004918,CUST2443,Sports,Football,Pune,7,12997.89,10,Debit Card,Delivered
TXN004919,CUST2147,Home & Kitchen,Vacuum Cleaner,Pune,7,1687.03,15,Debit Card,Delivered
TXN004920,CUST1384,Clothing,Jeans,Mumbai,5,42117.3,0,Credit Card,Delivered
TXN004921,CUST1777,Home & Kitchen,Vacuum Cleaner,Coimbatore,3,14694.68,20,UPI,Pending
TXN004922,CUST2814,Electronics,Smartwatch,Hyderabad,7,41936.7,20,Cash on Delivery,Delivered
TXN004923,CUST0549,Books,Data Science Guide,Coimbatore,7,23980.0,10,UPI,Delivered
TXN004924,CUST1404,Books,Machine Learning Basics,Pune,7,9226.44,20,UPI,Delivered
TXN004925,CUST2008,Electronics,Laptop,Hyderabad,2,40113.25,5,Cash on Delivery,Delivered
TXN004926,CUST1472,Clothing,Jeans,Coimbatore,3,18917.86,20,Debit Card,Delivered
TXN004927,CUST0772,Electronics,Laptop,Mumbai,3,35415.69,25,UPI,Cancelled
TXN004928,CUST0676,Home & Kitchen,Cookware Set,Bengaluru,4,41877.76,10,Debit Card,Delivered
TXN004929,CUST1653,Electronics,Headphones,Hyderabad,9,48152.98,20,Debit Card,Delivered
TXN004930,CUST0079,Electronics,Laptop,Delhi,10,4382.15,15,Debit Card,Delivered
TXN004931,CUST0936,Clothing,T-Shirt,Chennai,1,518.49,0,Cash on Delivery,Delivered
TXN004932,CUST0919,Home & Kitchen,Mixer,Hyderabad,7,27466.41,25,Debit Card,Shipped
TXN004933,CUST2979,Sports,Cricket Bat,Hyderabad,7,13285.62,25,UPI,Cancelled
TXN004934,CUST0538,Sports,Football,Delhi,4,23508.18,15,Debit Card,Pending
TXN004935,CUST0866,Books,Machine Learning Basics,Mumbai,1,3725.67,25,Credit Card,Delivered
TXN004936,CUST0090,Electronics,Smartphone,Coimbatore,3,25129.29,5,Credit Card,Delivered
TXN004937,CUST2416,Books,Machine Learning Basics,Coimbatore,5,6330.3,5,Credit Card,Delivered
TXN004938,CUST2067,Clothing,Jacket,Pune,2,41945.53,0,Debit Card,Shipped
TXN004939,CUST0693,Sports,Football,Bengaluru,7,37998.39,0,UPI,Delivered
TXN004940,CUST0505,Electronics,Laptop,Mumbai,10,3796.27,0,UPI,Shipped
TXN004941,CUST1502,Clothing,Jeans,Delhi,10,41833.88,0,Debit Card,Pending
TXN004942,CUST2913,Clothing,Jacket,Mumbai,7,16315.43,20,Debit Card,Delivered
TXN004943,CUST2665,Electronics,Laptop,Mumbai,10,17707.7,25,Cash on Delivery,Delivered
TXN004944,CUST0154,Clothing,Shoes,Coimbatore,5,9072.2,15,Debit Card,Pending
TXN004945,CUST1537,Electronics,Headphones,Delhi,10,41781.68,5,Credit Card,Cancelled
TXN004946,CUST2623,Electronics,Laptop,Kochi,6,20294.82,20,Cash on Delivery,Delivered
TXN004947,CUST1048,Home & Kitchen,Cookware Set,Chennai,1,2536.91,0,Cash on Delivery,Delivered
TXN004948,CUST2191,Books,Machine Learning Basics,Hyderabad,4,48315.86,10,Debit Card,Delivered
TXN004949,CUST2553,Clothing,T-Shirt,Coimbatore,4,12868.77,10,Debit Card,Delivered
TXN004950,CUST0200,Clothing,Jeans,Delhi,8,46815.25,15,Cash on Delivery,Pending
TXN004951,CUST2433,Home & Kitchen,Table Lamp,Bengaluru,2,15131.79,5,Cash on Delivery,Shipped
TXN004952,CUST0197,Home & Kitchen,Mixer,Hyderabad,1,41588.19,5,Cash on Delivery,Delivered
TXN004953,CUST2712,Home & Kitchen,Table Lamp,Hyderabad,7,33244.55,15,Cash on Delivery,Pending
TXN004954,CUST0443,Sports,Cricket Bat,Kochi,6,43078.04,0,Cash on Delivery,Delivered
TXN004955,CUST2678,Sports,Dumbbells,Kochi,5,48808.29,0,UPI,Delivered
TXN004956,CUST0081,Sports,Football,Coimbatore,8,43587.04,25,Cash on Delivery,Delivered
TXN004957,CUST0198,Electronics,Smartwatch,Pune,2,20242.89,5,Cash on Delivery,Cancelled
TXN004958,CUST2826,Clothing,T-Shirt,Bengaluru,2,40743.72,5,UPI,Delivered
TXN004959,CUST0475,Books,Novel,Coimbatore,9,35611.38,5,Credit Card,Delivered
TXN004960,CUST1708,Electronics,Smartwatch,Mumbai,1,3174.02,0,Credit Card,Shipped
TXN004961,CUST1820,Clothing,Shoes,Pune,6,46495.03,10,Credit Card,Shipped
TXN004962,CUST1558,Clothing,Jeans,Delhi,3,23351.46,15,Credit Card,Delivered
TXN004963,CUST0507,Home & Kitchen,Cookware Set,Kochi,5,6809.08,15,Debit Card,Delivered
TXN004964,CUST2242,Home & Kitchen,Table Lamp,Bengaluru,8,21326.37,20,Debit Card,Shipped
TXN004965,CUST1036,Electronics,Smartphone,Hyderabad,7,30196.75,20,Cash on Delivery,Pending
TXN004966,CUST1944,Home & Kitchen,Mixer,Coimbatore,4,28690.01,10,Cash on Delivery,Shipped
TXN004967,CUST2875,Clothing,Jeans,Kochi,8,28782.2,5,Credit Card,Delivered
TXN004968,CUST0628,Home & Kitchen,Mixer,Hyderabad,10,12866.38,10,Credit Card,Delivered
TXN004969,CUST0842,Sports,Football,Bengaluru,2,31671.85,20,UPI,Delivered
TXN004970,CUST2848,Home & Kitchen,Cookware Set,Kochi,7,45380.0,25,UPI,Delivered
TXN004971,CUST2809,Clothing,T-Shirt,Kochi,5,19494.48,20,UPI,Shipped
TXN004972,CUST2582,Electronics,Smartwatch,Hyderabad,6,31565.96,15,Credit Card,Delivered
TXN004973,CUST0039,Books,Machine Learning Basics,Coimbatore,3,12274.95,10,UPI,Delivered
TXN004974,CUST1234,Home & Kitchen,Vacuum Cleaner,Pune,10,2509.22,0,Cash on Delivery,Delivered
TXN004975,CUST1724,Clothing,Shoes,Coimbatore,7,29328.0,20,Credit Card,Delivered
TXN004976,CUST2711,Books,Data Science Guide,Chennai,7,2472.74,15,Debit Card,Delivered
TXN004977,CUST0414,Books,Data Science Guide,Kochi,2,36206.87,5,Credit Card,Delivered
TXN004978,CUST2714,Sports,Cricket Bat,Hyderabad,1,33550.6,10,Debit Card,Delivered
TXN004979,CUST2132,Books,Machine Learning Basics,Chennai,10,18529.32,20,Debit Card,Delivered
TXN004980,CUST1106,Clothing,Shoes,Pune,2,20623.38,0,Credit Card,Pending
TXN004981,CUST2551,Clothing,Jacket,Chennai,8,45896.27,20,UPI,Delivered
TXN004982,CUST2481,Home & Kitchen,Mixer,Hyderabad,10,755.37,0,Cash on Delivery,Delivered
TXN004983,CUST2871,Home & Kitchen,Table Lamp,Bengaluru,3,28208.84,10,Credit Card,Delivered
TXN004984,CUST0562,Home & Kitchen,Mixer,Mumbai,4,46175.72,25,UPI,Cancelled
TXN004985,CUST1716,Books,Python Programming,Pune,8,45707.96,0,Debit Card,Delivered
TXN004986,CUST0430,Books,Novel,Coimbatore,3,29274.32,0,Debit Card,Delivered
TXN004987,CUST2096,Sports,Dumbbells,Delhi,6,19123.38,15,Debit Card,Delivered
TXN004988,CUST2945,Home & Kitchen,Table Lamp,Pune,2,5035.29,25,Debit Card,Delivered
TXN004989,CUST2531,Electronics,Smartphone,Chennai,3,8771.83,10,Credit Card,Pending
TXN004990,CUST0483,Sports,Yoga Mat,Bengaluru,1,34015.7,20,Cash on Delivery,Delivered
TXN004991,CUST1158,Electronics,Headphones,Hyderabad,9,930.04,25,Debit Card,Cancelled
TXN004992,CUST0467,Books,Machine Learning Basics,Bengaluru,4,44185.93,5,UPI,Delivered
TXN004993,CUST0436,Sports,Cricket Bat,Bengaluru,6,29437.93,10,UPI,Delivered
TXN004994,CUST2039,Sports,Dumbbells,Hyderabad,7,2352.82,25,Cash on Delivery,Pending
TXN004995,CUST0814,Clothing,Jacket,Delhi,2,12064.39,10,Cash on Delivery,Delivered
TXN004996,CUST2495,Books,Data Science Guide,Hyderabad,8,29750.63,5,Cash on Delivery,Delivered
TXN004997,CUST0819,Books,Python Programming,Delhi,9,1876.5,20,Debit Card,Delivered
TXN004998,CUST1078,Sports,Dumbbells,Hyderabad,10,39021.37,15,Credit Card,Delivered
TXN004999,CUST2143,Books,Novel,Chennai,2,46004.11,25,Debit Card,Delivered
TXN005000,CUST0827,Sports,Cricket Bat,Delhi,5,48064.9,20,Debit Card,Delivered
TXN005001,CUST1467,Clothing,Jacket,Chennai,2,36709.6,5,UPI,Delivered
TXN005002,CUST2882,Sports,Yoga Mat,Pune,5,42855.59,20,Credit Card,Delivered
TXN005003,CUST1679,Books,Python Programming,Delhi,7,30574.3,10,Credit Card,Pending
TXN005004,CUST1210,Books,Data Science Guide,Delhi,6,22981.33,15,UPI,Delivered
TXN005005,CUST0657,Sports,Football,Hyderabad,4,35685.42,0,UPI,Delivered
TXN005006,CUST0162,Sports,Football,Delhi,2,11286.62,25,UPI,Delivered
TXN005007,CUST2246,Sports,Cricket Bat,Chennai,7,5578.24,20,Cash on Delivery,Delivered
TXN005008,CUST2034,Home & Kitchen,Cookware Set,Kochi,10,38116.36,0,Credit Card,Delivered
TXN005009,CUST0851,Books,Data Science Guide,Pune,9,47913.52,15,UPI,Delivered
TXN005010,CUST2819,Books,Data Science Guide,Kochi,1,28916.22,0,UPI,Pending
TXN005011,CUST1969,Home & Kitchen,Table Lamp,Hyderabad,3,24178.86,20,UPI,Delivered
TXN005012,CUST1355,Sports,Cricket Bat,Coimbatore,7,26766.77,5,Debit Card,Delivered
TXN005013,CUST0961,Clothing,T-Shirt,Pune,9,23975.36,25,Credit Card,Delivered
TXN005014,CUST0012,Sports,Football,Kochi,5,22165.79,10,Credit Card,Cancelled
TXN005015,CUST0053,Sports,Yoga Mat,Pune,7,47357.08,10,Cash on Delivery,Delivered
TXN005016,CUST2752,Home & Kitchen,Vacuum Cleaner,Kochi,10,24040.18,25,Debit Card,Shipped
TXN005017,CUST0365,Books,Novel,Chennai,7,4147.01,0,Credit Card,Delivered
TXN005018,CUST0453,Sports,Football,Kochi,4,38299.28,10,Cash on Delivery,Delivered
TXN005019,CUST2352,Books,Novel,Pune,5,19638.92,25,Cash on Delivery,Delivered
TXN005020,CUST2741,Electronics,Laptop,Coimbatore,2,35563.61,25,UPI,Shipped
TXN005021,CUST2024,Books,Data Science Guide,Bengaluru,8,29020.51,10,Cash on Delivery,Cancelled
TXN005022,CUST0611,Clothing,Jeans,Hyderabad,1,35687.69,5,Cash on Delivery,Delivered
TXN005023,CUST0369,Clothing,Jeans,Bengaluru,2,3193.5,0,Debit Card,Delivered
TXN005024,CUST2096,Sports,Yoga Mat,Hyderabad,3,1790.28,5,UPI,Delivered
TXN005025,CUST0308,Books,Python Programming,Pune,7,18989.23,5,UPI,Delivered
TXN005026,CUST2964,Sports,Football,Hyderabad,6,34688.99,15,UPI,Delivered
TXN005027,CUST2964,Home & Kitchen,Mixer,Kochi,7,11261.76,0,Cash on Delivery,Delivered
TXN005028,CUST0415,Clothing,Shoes,Chennai,5,21726.7,5,UPI,Pending
TXN005029,CUST1049,Sports,Football,Coimbatore,4,49042.43,20,Credit Card,Delivered
TXN005030,CUST2640,Home & Kitchen,Vacuum Cleaner,Hyderabad,7,10822.24,10,Debit Card,Delivered
TXN005031,CUST0947,Sports,Dumbbells,Coimbatore,3,42412.38,0,Debit Card,Delivered
TXN005032,CUST1871,Books,Machine Learning Basics,Hyderabad,10,41290.5,15,Cash on Delivery,Shipped
TXN005033,CUST1213,Books,Machine Learning Basics,Coimbatore,7,44578.47,5,UPI,Delivered
TXN005034,CUST1082,Books,Machine Learning Basics,Bengaluru,2,45765.57,20,Debit Card,Delivered
TXN005035,CUST1902,Books,Python Programming,Chennai,8,25415.28,10,Cash on Delivery,Delivered
TXN005036,CUST0206,Electronics,Smartphone,Hyderabad,6,34128.5,10,Cash on Delivery,Pending
TXN005037,CUST0409,Home & Kitchen,Vacuum Cleaner,Mumbai,3,30982.66,20,Debit Card,Pending
TXN005038,CUST0716,Home & Kitchen,Mixer,Coimbatore,3,15516.53,0,UPI,Pending
TXN005039,CUST0162,Books,Novel,Coimbatore,5,14061.4,10,UPI,Delivered
TXN005040,CUST1191,Electronics,Smartphone,Kochi,3,17144.34,10,Credit Card,Delivered
TXN005041,CUST1476,Books,Data Science Guide,Mumbai,6,11001.04,10,Credit Card,Pending
TXN005042,CUST2773,Electronics,Smartwatch,Chennai,2,37893.44,25,UPI,Shipped
TXN005043,CUST1281,Books,Python Programming,Coimbatore,8,48232.19,5,Credit Card,Delivered
TXN005044,CUST1745,Clothing,Shoes,Chennai,9,43401.81,5,Credit Card,Delivered
TXN005045,CUST0475,Clothing,Jeans,Coimbatore,7,10975.23,10,Debit Card,Delivered
TXN005046,CUST0390,Sports,Football,Pune,3,2690.58,15,UPI,Cancelled
TXN005047,CUST0188,Books,Python Programming,Delhi,10,37878.99,25,Debit Card,Delivered
TXN005048,CUST0040,Home & Kitchen,Mixer,Pune,4,19571.67,10,Debit Card,Pending
TXN005049,CUST0567,Sports,Yoga Mat,Coimbatore,10,41248.17,0,Cash on Delivery,Delivered
TXN005050,CUST2718,Clothing,Jeans,Delhi,2,38983.87,25,UPI,Delivered
TXN005051,CUST2651,Books,Python Programming,Hyderabad,9,31307.97,15,Debit Card,Shipped
TXN005052,CUST0699,Sports,Dumbbells,Chennai,5,12841.43,0,Credit Card,Pending
TXN005053,CUST1347,Books,Python Programming,Coimbatore,2,5291.38,20,Cash on Delivery,Delivered
TXN005054,CUST1465,Clothing,T-Shirt,Kochi,10,12707.15,20,Credit Card,Delivered
TXN005055,CUST1793,Sports,Dumbbells,Bengaluru,6,25537.01,5,Cash on Delivery,Delivered
TXN005056,CUST2547,Clothing,Shoes,Kochi,7,48975.2,25,Credit Card,Delivered
TXN005057,CUST1099,Electronics,Smartwatch,Bengaluru,2,3277.99,5,Credit Card,Delivered
TXN005058,CUST0381,Clothing,Shoes,Mumbai,1,10083.59,5,Credit Card,Delivered
TXN005059,CUST1527,Books,Data Science Guide,Bengaluru,7,31401.24,25,Debit Card,Delivered
TXN005060,CUST1404,Home & Kitchen,Mixer,Delhi,1,15287.78,20,UPI,Delivered
TXN005061,CUST0750,Clothing,Jacket,Bengaluru,3,42939.36,25,Cash on Delivery,Delivered
TXN005062,CUST0467,Home & Kitchen,Table Lamp,Bengaluru,4,7056.91,0,Debit Card,Shipped
TXN005063,CUST1642,Electronics,Smartwatch,Bengaluru,2,48161.56,15,Cash on Delivery,Delivered
TXN005064,CUST1640,Sports,Yoga Mat,Coimbatore,7,45627.51,5,Debit Card,Delivered
TXN005065,CUST1870,Sports,Football,Mumbai,5,44387.7,20,Cash on Delivery,Delivered
TXN005066,CUST1114,Home & Kitchen,Vacuum Cleaner,Chennai,1,8736.15,5,Cash on Delivery,Delivered
TXN005067,CUST1580,Sports,Yoga Mat,Mumbai,8,16541.86,10,Credit Card,Cancelled
TXN005068,CUST2826,Clothing,T-Shirt,Kochi,10,40224.43,15,Cash on Delivery,Cancelled
TXN005069,CUST1959,Home & Kitchen,Table Lamp,Delhi,7,40409.62,0,Cash on Delivery,Delivered
TXN005070,CUST1728,Books,Novel,Coimbatore,4,35288.25,5,Credit Card,Delivered
TXN005071,CUST2658,Clothing,Jeans,Hyderabad,2,22457.74,10,Debit Card,Shipped
TXN005072,CUST0684,Clothing,Jeans,Coimbatore,7,15648.3,10,Debit Card,Pending
TXN005073,CUST0464,Clothing,Jeans,Pune,2,48151.6,15,UPI,Delivered
TXN005074,CUST0543,Books,Data Science Guide,Bengaluru,6,7049.19,20,UPI,Cancelled
TXN005075,CUST2852,Electronics,Laptop,Kochi,1,2283.33,20,UPI,Delivered
TXN005076,CUST2976,Sports,Football,Bengaluru,7,555.61,5,UPI,Delivered
TXN005077,CUST0241,Home & Kitchen,Mixer,Delhi,7,38773.84,5,Cash on Delivery,Delivered
TXN005078,CUST0653,Electronics,Smartphone,Hyderabad,4,2929.59,20,Cash on Delivery,Delivered
TXN005079,CUST0425,Home & Kitchen,Table Lamp,Kochi,4,26978.32,0,UPI,Delivered
TXN005080,CUST1705,Sports,Yoga Mat,Pune,10,18427.89,0,Credit Card,Cancelled
TXN005081,CUST2420,Books,Python Programming,Coimbatore,5,7430.7,10,UPI,Delivered
TXN005082,CUST1978,Clothing,Jeans,Hyderabad,2,37055.71,15,Debit Card,Delivered
TXN005083,CUST2331,Clothing,Jeans,Chennai,9,2844.84,0,Cash on Delivery,Delivered
TXN005084,CUST2779,Books,Machine Learning Basics,Mumbai,10,15987.85,5,Credit Card,Shipped
TXN005085,CUST1795,Electronics,Laptop,Coimbatore,4,28153.34,0,Debit Card,Delivered
TXN005086,CUST0743,Electronics,Headphones,Hyderabad,9,20180.54,15,Credit Card,Delivered
TXN005087,CUST2504,Home & Kitchen,Vacuum Cleaner,Chennai,3,13031.5,5,Credit Card,Delivered
TXN005088,CUST1556,Books,Novel,Chennai,9,46307.45,15,UPI,Delivered
TXN005089,CUST1469,Electronics,Headphones,Pune,1,46555.42,20,Debit Card,Cancelled
TXN005090,CUST2505,Books,Data Science Guide,Pune,7,20863.12,15,UPI,Delivered
TXN005091,CUST0119,Sports,Yoga Mat,Mumbai,4,19747.85,15,Debit Card,Delivered
TXN005092,CUST2804,Clothing,Shoes,Chennai,7,15438.51,15,Cash on Delivery,Delivered
TXN005093,CUST2979,Clothing,Jacket,Kochi,10,42802.23,5,Debit Card,Delivered
TXN005094,CUST0536,Clothing,Jeans,Delhi,6,28438.97,15,Cash on Delivery,Delivered
TXN005095,CUST1979,Books,Python Programming,Chennai,4,4567.16,15,Cash on Delivery,Delivered
TXN005096,CUST2000,Books,Novel,Hyderabad,4,42680.7,25,UPI,Delivered
TXN005097,CUST0463,Home & Kitchen,Mixer,Pune,8,26790.82,25,Cash on Delivery,Pending
TXN005098,CUST1685,Clothing,Jeans,Delhi,7,20838.03,10,UPI,Delivered
TXN005099,CUST1806,Home & Kitchen,Cookware Set,Kochi,4,16959.46,5,Credit Card,Delivered
TXN005100,CUST0189,Clothing,T-Shirt,Pune,6,5061.39,25,Credit Card,Delivered
TXN005101,CUST0260,Home & Kitchen,Cookware Set,Kochi,6,47839.44,15,Credit Card,Delivered
TXN005102,CUST1072,Home & Kitchen,Mixer,Pune,1,37088.05,0,Debit Card,Delivered
TXN005103,CUST2683,Sports,Football,Pune,2,6675.7,15,Cash on Delivery,Shipped
TXN005104,CUST1288,Home & Kitchen,Cookware Set,Chennai,4,25612.31,0,UPI,Delivered
TXN005105,CUST0051,Books,Novel,Bengaluru,6,27823.2,20,Credit Card,Delivered
TXN005106,CUST2886,Home & Kitchen,Vacuum Cleaner,Chennai,6,8477.65,20,UPI,Delivered
TXN005107,CUST2777,Clothing,T-Shirt,Pune,1,21418.35,5,Credit Card,Delivered
TXN005108,CUST2150,Home & Kitchen,Table Lamp,Delhi,8,32322.73,5,Cash on Delivery,Pending
TXN005109,CUST2362,Electronics,Smartwatch,Chennai,2,14272.13,20,Credit Card,Shipped
TXN005110,CUST2965,Clothing,Jacket,Pune,5,16647.29,5,UPI,Shipped
TXN005111,CUST2315,Electronics,Laptop,Pune,4,6189.22,0,Credit Card,Pending
TXN005112,CUST0918,Clothing,Shoes,Chennai,5,20720.71,0,UPI,Delivered
TXN005113,CUST2744,Books,Novel,Chennai,5,29234.48,10,Credit Card,Delivered
TXN005114,CUST1386,Books,Data Science Guide,Delhi,10,5914.62,5,UPI,Delivered
TXN005115,CUST2127,Books,Novel,Kochi,8,30777.74,5,Credit Card,Delivered
TXN005116,CUST2143,Electronics,Headphones,Chennai,10,19949.88,10,Cash on Delivery,Delivered
TXN005117,CUST2820,Sports,Dumbbells,Mumbai,7,33941.29,15,Credit Card,Delivered
TXN005118,CUST2870,Clothing,T-Shirt,Hyderabad,9,15810.37,0,Debit Card,Shipped
TXN005119,CUST2533,Books,Machine Learning Basics,Mumbai,1,28468.11,15,UPI,Pending
TXN005120,CUST0391,Clothing,Jacket,Delhi,6,30678.86,25,Credit Card,Delivered
TXN005121,CUST1773,Electronics,Headphones,Bengaluru,6,34556.32,10,Debit Card,Delivered
TXN005122,CUST2711,Sports,Football,Mumbai,2,37871.26,25,UPI,Delivered
TXN005123,CUST2977,Electronics,Headphones,Kochi,8,6903.95,25,Credit Card,Delivered
TXN005124,CUST1019,Clothing,Jacket,Pune,6,48265.61,5,Credit Card,Delivered
TXN005125,CUST1974,Sports,Dumbbells,Hyderabad,10,42197.91,15,Cash on Delivery,Delivered
TXN005126,CUST1417,Sports,Dumbbells,Coimbatore,9,28159.71,5,Credit Card,Delivered
TXN005127,CUST2719,Electronics,Smartphone,Hyderabad,10,44528.91,10,UPI,Delivered
TXN005128,CUST2771,Books,Machine Learning Basics,Mumbai,5,19183.41,20,Debit Card,Delivered
TXN005129,CUST2628,Clothing,Jacket,Coimbatore,7,1810.9,5,Credit Card,Delivered
TXN005130,CUST1577,Home & Kitchen,Mixer,Delhi,6,36378.87,25,Debit Card,Delivered
TXN005131,CUST0609,Home & Kitchen,Vacuum Cleaner,Kochi,5,47172.87,25,UPI,Delivered
TXN005132,CUST2287,Electronics,Smartwatch,Hyderabad,6,8176.55,15,UPI,Pending
TXN005133,CUST2511,Clothing,T-Shirt,Bengaluru,4,32229.31,15,Credit Card,Delivered
TXN005134,CUST0224,Clothing,Jeans,Coimbatore,3,40689.94,10,Cash on Delivery,Delivered
TXN005135,CUST0048,Electronics,Smartphone,Coimbatore,1,45262.85,15,Credit Card,Delivered
TXN005136,CUST2636,Clothing,Jeans,Hyderabad,1,13898.74,0,Cash on Delivery,Delivered
TXN005137,CUST0643,Books,Novel,Mumbai,6,6523.82,5,Credit Card,Delivered
TXN005138,CUST2071,Electronics,Smartphone,Coimbatore,9,12467.72,25,Debit Card,Cancelled
TXN005139,CUST1923,Books,Python Programming,Delhi,8,28928.31,0,Cash on Delivery,Cancelled
TXN005140,CUST2031,Clothing,Jacket,Hyderabad,2,45944.54,10,Cash on Delivery,Delivered
TXN005141,CUST0678,Electronics,Laptop,Delhi,9,29168.54,25,Debit Card,Shipped
TXN005142,CUST0307,Clothing,Jacket,Hyderabad,8,45989.1,0,Credit Card,Shipped
TXN005143,CUST2014,Electronics,Headphones,Delhi,9,38524.85,0,UPI,Cancelled
TXN005144,CUST1314,Clothing,Shoes,Mumbai,4,29959.63,25,UPI,Delivered
TXN005145,CUST0987,Books,Novel,Hyderabad,9,1187.75,5,Credit Card,Cancelled
TXN005146,CUST1356,Books,Python Programming,Kochi,2,16720.48,5,Debit Card,Delivered
TXN005147,CUST1140,Clothing,Jeans,Pune,1,2967.23,20,UPI,Delivered
TXN005148,CUST0207,Electronics,Smartwatch,Bengaluru,9,16179.89,0,Debit Card,Pending
TXN005149,CUST2077,Home & Kitchen,Cookware Set,Mumbai,10,3210.44,5,Credit Card,Delivered
TXN005150,CUST0913,Books,Data Science Guide,Delhi,8,8474.01,0,Debit Card,Delivered
TXN005151,CUST2255,Books,Data Science Guide,Kochi,7,20593.23,0,Debit Card,Cancelled
TXN005152,CUST2636,Home & Kitchen,Mixer,Hyderabad,8,25792.75,10,Debit Card,Cancelled
TXN005153,CUST1551,Clothing,Jeans,Mumbai,1,10935.37,10,UPI,Cancelled
TXN005154,CUST1652,Electronics,Headphones,Delhi,9,36655.61,25,Debit Card,Cancelled
TXN005155,CUST0963,Clothing,Jeans,Chennai,10,29559.19,0,Cash on Delivery,Delivered
TXN005156,CUST0323,Sports,Cricket Bat,Chennai,9,34618.85,10,Debit Card,Delivered
TXN005157,CUST1881,Books,Machine Learning Basics,Coimbatore,9,36665.01,25,Debit Card,Shipped
TXN005158,CUST1820,Sports,Football,Bengaluru,6,36373.32,5,Credit Card,Delivered
TXN005159,CUST2348,Books,Data Science Guide,Chennai,4,46818.07,0,Debit Card,Cancelled
TXN005160,CUST1836,Books,Machine Learning Basics,Pune,2,11937.29,10,Debit Card,Delivered
TXN005161,CUST0361,Sports,Football,Delhi,4,13580.77,5,UPI,Shipped
TXN005162,CUST2042,Sports,Cricket Bat,Mumbai,7,4800.63,0,Cash on Delivery,Delivered
TXN005163,CUST1832,Clothing,Jeans,Hyderabad,1,29670.06,25,Credit Card,Delivered
TXN005164,CUST1295,Sports,Football,Mumbai,9,19819.76,0,Cash on Delivery,Cancelled
TXN005165,CUST0487,Clothing,Jeans,Coimbatore,3,24860.32,10,Debit Card,Delivered
TXN005166,CUST2038,Clothing,Shoes,Kochi,4,8574.09,5,UPI,Delivered
TXN005167,CUST2677,Clothing,Jeans,Mumbai,5,32488.11,0,Cash on Delivery,Delivered
TXN005168,CUST0073,Books,Machine Learning Basics,Chennai,3,30989.07,0,Cash on Delivery,Delivered
TXN005169,CUST0421,Books,Python Programming,Mumbai,4,13312.74,25,Cash on Delivery,Delivered
TXN005170,CUST1653,Sports,Dumbbells,Chennai,5,23324.29,20,Cash on Delivery,Cancelled
TXN005171,CUST1689,Books,Machine Learning Basics,Chennai,1,44725.62,0,Cash on Delivery,Delivered
TXN005172,CUST0147,Sports,Dumbbells,Bengaluru,9,38697.6,20,UPI,Delivered
TXN005173,CUST2283,Books,Novel,Coimbatore,10,11424.5,20,Debit Card,Delivered
TXN005174,CUST2250,Electronics,Smartwatch,Pune,10,43954.86,5,UPI,Delivered
TXN005175,CUST0001,Electronics,Smartwatch,Pune,4,3458.92,15,UPI,Delivered
TXN005176,CUST0373,Sports,Yoga Mat,Delhi,9,20755.04,25,UPI,Delivered
TXN005177,CUST2475,Books,Data Science Guide,Pune,4,4097.9,20,UPI,Delivered
TXN005178,CUST2536,Books,Machine Learning Basics,Chennai,1,46218.29,5,Debit Card,Delivered
TXN005179,CUST2612,Clothing,T-Shirt,Hyderabad,5,2131.05,25,Debit Card,Cancelled
TXN005180,CUST1248,Home & Kitchen,Mixer,Coimbatore,9,7646.89,10,UPI,Delivered
TXN005181,CUST2083,Sports,Yoga Mat,Delhi,3,45760.49,20,Cash on Delivery,Pending
TXN005182,CUST2304,Home & Kitchen,Vacuum Cleaner,Pune,5,29149.67,15,Debit Card,Delivered
TXN005183,CUST0848,Home & Kitchen,Cookware Set,Pune,3,39779.88,10,Debit Card,Delivered
TXN005184,CUST2682,Sports,Cricket Bat,Hyderabad,3,918.7,25,UPI,Delivered
TXN005185,CUST2751,Books,Python Programming,Mumbai,1,21012.84,20,Cash on Delivery,Delivered
TXN005186,CUST1869,Sports,Dumbbells,Coimbatore,2,49224.83,20,Cash on Delivery,Delivered
TXN005187,CUST1397,Home & Kitchen,Cookware Set,Hyderabad,2,29032.97,15,UPI,Delivered
TXN005188,CUST1489,Books,Data Science Guide,Pune,9,42499.17,0,UPI,Cancelled
TXN005189,CUST0223,Electronics,Smartwatch,Coimbatore,7,48181.62,15,Debit Card,Delivered
TXN005190,CUST0914,Sports,Football,Coimbatore,8,34283.52,5,Debit Card,Shipped
TXN005191,CUST1862,Sports,Football,Pune,2,16448.76,5,Credit Card,Shipped
TXN005192,CUST1360,Books,Novel,Mumbai,9,15499.49,15,Credit Card,Shipped
TXN005193,CUST2295,Electronics,Laptop,Mumbai,3,3656.74,15,UPI,Delivered
TXN005194,CUST2539,Electronics,Smartwatch,Pune,10,21445.83,15,Credit Card,Delivered
TXN005195,CUST2458,Books,Novel,Coimbatore,2,45777.93,15,Cash on Delivery,Delivered
TXN005196,CUST1938,Clothing,Jeans,Hyderabad,1,23955.32,15,Cash on Delivery,Shipped
TXN005197,CUST2936,Sports,Football,Bengaluru,9,45558.65,20,Cash on Delivery,Delivered
TXN005198,CUST2692,Sports,Yoga Mat,Chennai,8,40875.38,25,Debit Card,Delivered
TXN005199,CUST1489,Home & Kitchen,Mixer,Mumbai,4,49210.94,25,Credit Card,Delivered
TXN005200,CUST2933,Books,Data Science Guide,Pune,7,47389.99,10,Credit Card,Delivered
TXN005201,CUST1854,Home & Kitchen,Vacuum Cleaner,Kochi,3,35353.52,5,UPI,Delivered
TXN005202,CUST0468,Home & Kitchen,Cookware Set,Bengaluru,3,43573.74,5,Debit Card,Delivered
TXN005203,CUST0400,Electronics,Smartwatch,Mumbai,4,37429.08,25,Debit Card,Pending
TXN005204,CUST2699,Sports,Cricket Bat,Kochi,2,35199.39,25,Debit Card,Delivered
TXN005205,CUST0909,Home & Kitchen,Cookware Set,Coimbatore,10,35806.42,10,Cash on Delivery,Delivered
TXN005206,CUST0009,Electronics,Laptop,Pune,4,36080.08,15,Debit Card,Delivered
TXN005207,CUST1399,Books,Novel,Bengaluru,10,19033.01,25,Credit Card,Delivered
TXN005208,CUST1455,Home & Kitchen,Cookware Set,Pune,3,21235.76,25,UPI,Delivered
TXN005209,CUST2596,Sports,Yoga Mat,Hyderabad,8,14774.15,10,Credit Card,Delivered
TXN005210,CUST1196,Home & Kitchen,Vacuum Cleaner,Hyderabad,2,7498.2,15,Debit Card,Shipped
TXN005211,CUST2244,Books,Python Programming,Delhi,9,22976.33,5,UPI,Delivered
TXN005212,CUST2139,Home & Kitchen,Mixer,Chennai,3,45007.47,25,Cash on Delivery,Delivered
TXN005213,CUST1532,Sports,Yoga Mat,Chennai,4,32598.11,0,UPI,Cancelled
TXN005214,CUST2876,Electronics,Smartphone,Mumbai,10,2903.4,5,Debit Card,Delivered
TXN005215,CUST0436,Sports,Dumbbells,Chennai,10,40578.88,5,Debit Card,Delivered
TXN005216,CUST0188,Electronics,Laptop,Pune,3,46776.54,0,UPI,Delivered
TXN005217,CUST0673,Clothing,Shoes,Pune,3,41488.18,10,Debit Card,Pending
TXN005218,CUST2017,Sports,Yoga Mat,Delhi,8,36404.32,20,Debit Card,Delivered
TXN005219,CUST0576,Sports,Cricket Bat,Kochi,8,7591.01,15,Debit Card,Cancelled
TXN005220,CUST2937,Books,Novel,Hyderabad,6,17515.09,15,Debit Card,Delivered
TXN005221,CUST2956,Home & Kitchen,Cookware Set,Kochi,4,28307.82,5,UPI,Delivered
TXN005222,CUST1677,Electronics,Smartphone,Kochi,1,3935.35,0,UPI,Delivered
TXN005223,CUST0439,Electronics,Headphones,Bengaluru,4,5402.88,5,Credit Card,Delivered
TXN005224,CUST1042,Books,Machine Learning Basics,Bengaluru,8,46719.27,5,Cash on Delivery,Delivered
TXN005225,CUST2503,Books,Python Programming,Hyderabad,6,35164.29,25,Cash on Delivery,Delivered
TXN005226,CUST0803,Home & Kitchen,Table Lamp,Coimbatore,2,13826.84,10,Credit Card,Delivered
TXN005227,CUST0769,Home & Kitchen,Vacuum Cleaner,Hyderabad,3,16435.28,15,UPI,Cancelled
TXN005228,CUST0495,Sports,Cricket Bat,Bengaluru,7,19283.02,20,Credit Card,Delivered
TXN005229,CUST1610,Clothing,Shoes,Kochi,4,3846.06,0,Debit Card,Delivered
TXN005230,CUST0884,Home & Kitchen,Table Lamp,Mumbai,4,36984.93,20,Debit Card,Cancelled
TXN005231,CUST1873,Books,Data Science Guide,Delhi,5,8924.02,0,Cash on Delivery,Delivered
TXN005232,CUST0781,Home & Kitchen,Table Lamp,Kochi,8,40275.49,15,UPI,Delivered
TXN005233,CUST2936,Electronics,Headphones,Hyderabad,7,42309.03,10,Cash on Delivery,Delivered
TXN005234,CUST1385,Clothing,Jeans,Coimbatore,9,31957.87,20,Credit Card,Delivered
TXN005235,CUST0442,Sports,Cricket Bat,Kochi,5,38515.76,0,Cash on Delivery,Pending
TXN005236,CUST1698,Electronics,Smartphone,Mumbai,1,8674.57,5,Cash on Delivery,Delivered
TXN005237,CUST0191,Electronics,Headphones,Hyderabad,4,28839.36,15,Debit Card,Delivered
TXN005238,CUST2594,Clothing,Jeans,Mumbai,6,33872.29,10,Cash on Delivery,Delivered
TXN005239,CUST2754,Sports,Dumbbells,Kochi,6,33111.87,25,Credit Card,Delivered
TXN005240,CUST2412,Books,Novel,Hyderabad,9,5952.76,5,UPI,Delivered
TXN005241,CUST0505,Sports,Dumbbells,Mumbai,10,17284.68,10,Cash on Delivery,Delivered
TXN005242,CUST1846,Home & Kitchen,Mixer,Pune,5,16319.37,0,UPI,Delivered
TXN005243,CUST1874,Electronics,Smartphone,Chennai,5,28669.09,5,Credit Card,Delivered
TXN005244,CUST2698,Home & Kitchen,Vacuum Cleaner,Mumbai,6,38285.33,25,Cash on Delivery,Pending
TXN005245,CUST2414,Books,Machine Learning Basics,Pune,6,28572.46,25,UPI,Cancelled
TXN005246,CUST2066,Home & Kitchen,Vacuum Cleaner,Kochi,3,37765.89,10,Debit Card,Delivered
TXN005247,CUST0552,Sports,Yoga Mat,Chennai,6,5038.48,15,Debit Card,Delivered
TXN005248,CUST2044,Home & Kitchen,Table Lamp,Bengaluru,8,43919.12,20,Credit Card,Delivered
TXN005249,CUST0018,Books,Machine Learning Basics,Chennai,6,26877.19,25,Cash on Delivery,Delivered
TXN005250,CUST2173,Books,Machine Learning Basics,Mumbai,5,1971.18,25,Credit Card,Delivered
TXN005251,CUST0199,Books,Python Programming,Delhi,3,32196.33,20,UPI,Shipped
TXN005252,CUST2267,Sports,Cricket Bat,Delhi,1,25915.62,5,UPI,Pending
TXN005253,CUST1773,Books,Python Programming,Bengaluru,5,11096.44,15,Credit Card,Delivered
TXN005254,CUST2397,Electronics,Smartwatch,Mumbai,6,38244.83,15,UPI,Delivered
TXN005255,CUST1979,Books,Data Science Guide,Chennai,6,46685.06,10,Credit Card,Pending
TXN005256,CUST2083,Home & Kitchen,Table Lamp,Delhi,6,16201.9,5,Credit Card,Delivered
TXN005257,CUST0726,Home & Kitchen,Cookware Set,Hyderabad,3,24746.39,15,Debit Card,Delivered
TXN005258,CUST2834,Home & Kitchen,Table Lamp,Coimbatore,4,6495.93,10,UPI,Delivered
TXN005259,CUST2370,Sports,Yoga Mat,Mumbai,3,46497.01,15,Credit Card,Delivered
TXN005260,CUST0712,Home & Kitchen,Mixer,Pune,2,16007.92,5,Debit Card,Shipped
TXN005261,CUST2993,Sports,Dumbbells,Pune,8,9819.76,15,Credit Card,Delivered
TXN005262,CUST0526,Sports,Dumbbells,Hyderabad,7,23973.59,15,UPI,Pending
TXN005263,CUST0425,Books,Novel,Hyderabad,8,2259.8,15,Debit Card,Delivered
TXN005264,CUST1587,Electronics,Smartphone,Mumbai,6,12716.56,20,UPI,Pending
TXN005265,CUST2694,Books,Python Programming,Coimbatore,7,3476.12,0,Cash on Delivery,Delivered
TXN005266,CUST2460,Books,Python Programming,Delhi,1,6455.82,5,Cash on Delivery,Pending
TXN005267,CUST2483,Sports,Cricket Bat,Coimbatore,10,5696.66,20,Cash on Delivery,Pending
TXN005268,CUST1319,Sports,Cricket Bat,Bengaluru,5,43633.76,0,Cash on Delivery,Delivered
TXN005269,CUST2065,Home & Kitchen,Cookware Set,Chennai,4,46528.7,25,Debit Card,Delivered
TXN005270,CUST1576,Home & Kitchen,Vacuum Cleaner,Chennai,10,23778.66,15,UPI,Shipped
TXN005271,CUST1715,Books,Novel,Hyderabad,3,31557.81,15,Credit Card,Delivered
TXN005272,CUST2495,Clothing,Shoes,Delhi,2,34825.5,20,Credit Card,Delivered
TXN005273,CUST2837,Clothing,T-Shirt,Coimbatore,9,19626.53,10,Credit Card,Pending
TXN005274,CUST1017,Home & Kitchen,Vacuum Cleaner,Hyderabad,8,18573.5,5,UPI,Delivered
TXN005275,CUST1121,Clothing,Shoes,Mumbai,10,33810.89,0,Debit Card,Pending
TXN005276,CUST1630,Home & Kitchen,Table Lamp,Hyderabad,2,18898.05,15,UPI,Delivered
TXN005277,CUST1405,Sports,Cricket Bat,Mumbai,6,29092.38,5,Cash on Delivery,Delivered
TXN005278,CUST1205,Books,Novel,Mumbai,3,25808.12,15,Credit Card,Delivered
TXN005279,CUST1855,Electronics,Smartwatch,Bengaluru,3,26270.58,15,UPI,Cancelled
TXN005280,CUST0547,Books,Python Programming,Bengaluru,5,41485.01,15,Cash on Delivery,Delivered
TXN005281,CUST0566,Home & Kitchen,Cookware Set,Mumbai,7,35232.45,5,Cash on Delivery,Cancelled
TXN005282,CUST1691,Home & Kitchen,Cookware Set,Kochi,7,48038.06,20,Debit Card,Delivered
TXN005283,CUST2468,Books,Python Programming,Delhi,10,39569.73,5,Credit Card,Pending
TXN005284,CUST2868,Home & Kitchen,Vacuum Cleaner,Bengaluru,1,7375.05,5,UPI,Delivered
TXN005285,CUST2099,Clothing,T-Shirt,Bengaluru,7,36950.32,25,Cash on Delivery,Delivered
TXN005286,CUST1225,Clothing,Jacket,Chennai,7,33315.81,10,Cash on Delivery,Delivered
TXN005287,CUST2874,Home & Kitchen,Table Lamp,Hyderabad,6,32337.59,10,Credit Card,Delivered
TXN005288,CUST2244,Home & Kitchen,Mixer,Chennai,6,24089.16,20,UPI,Delivered
TXN005289,CUST1286,Clothing,Shoes,Delhi,2,3216.95,10,UPI,Shipped
TXN005290,CUST2916,Home & Kitchen,Vacuum Cleaner,Bengaluru,3,47579.09,20,Credit Card,Shipped
TXN005291,CUST2268,Home & Kitchen,Vacuum Cleaner,Pune,3,42611.04,15,Cash on Delivery,Delivered
TXN005292,CUST2592,Books,Machine Learning Basics,Kochi,3,24391.72,15,Debit Card,Delivered
TXN005293,CUST0891,Electronics,Headphones,Bengaluru,2,8013.19,5,Credit Card,Delivered
TXN005294,CUST0823,Clothing,Jeans,Coimbatore,9,41241.19,15,Cash on Delivery,Cancelled
TXN005295,CUST0859,Books,Machine Learning Basics,Delhi,6,21590.51,10,Debit Card,Delivered
TXN005296,CUST2557,Electronics,Smartwatch,Pune,2,19566.68,0,Credit Card,Delivered
TXN005297,CUST2927,Home & Kitchen,Mixer,Hyderabad,3,33302.57,5,Credit Card,Delivered
TXN005298,CUST1191,Home & Kitchen,Vacuum Cleaner,Hyderabad,10,37957.9,20,Cash on Delivery,Delivered
TXN005299,CUST2813,Books,Novel,Pune,6,3235.75,15,Credit Card,Delivered
TXN005300,CUST1415,Home & Kitchen,Vacuum Cleaner,Hyderabad,4,38401.07,5,UPI,Delivered
TXN005301,CUST2755,Sports,Football,Kochi,7,36723.63,5,UPI,Shipped
TXN005302,CUST0544,Books,Data Science Guide,Pune,6,29501.56,5,Debit Card,Cancelled
TXN005303,CUST2910,Electronics,Headphones,Delhi,6,16987.1,15,Credit Card,Shipped
TXN005304,CUST2663,Books,Novel,Pune,3,8323.63,20,UPI,Delivered
TXN005305,CUST0729,Clothing,Jacket,Pune,8,5222.38,5,Cash on Delivery,Shipped
TXN005306,CUST2064,Books,Data Science Guide,Coimbatore,9,159.07,5,Cash on Delivery,Pending
TXN005307,CUST2223,Home & Kitchen,Table Lamp,Coimbatore,6,10402.36,5,Cash on Delivery,Delivered
TXN005308,CUST2844,Home & Kitchen,Mixer,Chennai,2,20625.71,25,UPI,Cancelled
TXN005309,CUST2609,Sports,Yoga Mat,Delhi,1,12257.85,15,Credit Card,Pending
TXN005310,CUST1321,Sports,Yoga Mat,Delhi,3,15518.05,25,Credit Card,Pending
TXN005311,CUST2910,Sports,Football,Coimbatore,3,19583.58,10,Credit Card,Pending
TXN005312,CUST0473,Electronics,Headphones,Mumbai,8,15482.29,20,Debit Card,Cancelled
TXN005313,CUST1443,Sports,Yoga Mat,Mumbai,5,36258.59,5,Credit Card,Shipped
TXN005314,CUST2304,Electronics,Smartphone,Chennai,1,24637.17,25,UPI,Delivered
TXN005315,CUST1968,Sports,Cricket Bat,Kochi,4,1064.42,5,UPI,Shipped
TXN005316,CUST2388,Electronics,Smartwatch,Mumbai,7,11410.74,25,Credit Card,Cancelled
TXN005317,CUST2338,Books,Machine Learning Basics,Mumbai,5,35511.95,5,Cash on Delivery,Delivered
TXN005318,CUST2733,Books,Novel,Mumbai,10,15116.43,15,Debit Card,Delivered
TXN005319,CUST2909,Home & Kitchen,Cookware Set,Kochi,6,46015.07,10,Debit Card,Delivered
TXN005320,CUST1710,Electronics,Smartwatch,Bengaluru,10,35661.94,5,UPI,Pending
TXN005321,CUST2762,Clothing,Jeans,Chennai,4,14567.36,25,Debit Card,Delivered
TXN005322,CUST2187,Home & Kitchen,Vacuum Cleaner,Coimbatore,2,25868.85,5,Cash on Delivery,Delivered
TXN005323,CUST1172,Books,Novel,Mumbai,9,33395.23,15,Credit Card,Delivered
TXN005324,CUST1731,Electronics,Headphones,Hyderabad,2,9748.96,20,Debit Card,Shipped
TXN005325,CUST0053,Sports,Yoga Mat,Pune,2,12384.75,20,Debit Card,Cancelled
TXN005326,CUST2142,Clothing,Shoes,Bengaluru,2,25405.47,10,UPI,Delivered
TXN005327,CUST0437,Books,Machine Learning Basics,Kochi,1,46252.25,20,Cash on Delivery,Delivered
TXN005328,CUST0104,Home & Kitchen,Cookware Set,Kochi,3,17266.12,5,UPI,Shipped
TXN005329,CUST1561,Electronics,Laptop,Kochi,6,20166.3,15,UPI,Delivered
TXN005330,CUST0596,Clothing,Jacket,Mumbai,7,9611.95,5,Debit Card,Delivered
TXN005331,CUST0218,Electronics,Smartphone,Pune,1,29701.11,5,UPI,Pending
TXN005332,CUST2746,Sports,Cricket Bat,Pune,5,37033.52,10,UPI,Delivered
TXN005333,CUST0232,Home & Kitchen,Cookware Set,Bengaluru,5,22088.05,20,Debit Card,Delivered
TXN005334,CUST0819,Electronics,Headphones,Chennai,1,37537.44,20,Debit Card,Shipped
TXN005335,CUST1094,Books,Machine Learning Basics,Kochi,4,15199.98,20,Debit Card,Delivered
TXN005336,CUST0660,Home & Kitchen,Cookware Set,Hyderabad,10,35378.52,25,Credit Card,Delivered
TXN005337,CUST1174,Books,Novel,Hyderabad,1,12991.39,5,Cash on Delivery,Delivered
TXN005338,CUST2800,Electronics,Smartphone,Hyderabad,1,39054.41,15,Credit Card,Pending
TXN005339,CUST1027,Home & Kitchen,Cookware Set,Kochi,7,41549.01,15,Debit Card,Delivered
TXN005340,CUST0600,Books,Python Programming,Mumbai,7,39906.41,5,Cash on Delivery,Delivered
TXN005341,CUST0255,Sports,Cricket Bat,Bengaluru,3,10852.08,0,UPI,Delivered
TXN005342,CUST2829,Sports,Dumbbells,Kochi,7,34743.05,5,Cash on Delivery,Delivered
TXN005343,CUST1209,Electronics,Headphones,Hyderabad,3,26973.17,25,Debit Card,Cancelled
TXN005344,CUST0836,Home & Kitchen,Cookware Set,Pune,2,49303.25,20,Credit Card,Cancelled
TXN005345,CUST2217,Clothing,Jacket,Kochi,10,18142.68,5,Cash on Delivery,Cancelled
TXN005346,CUST0133,Home & Kitchen,Vacuum Cleaner,Pune,4,38585.44,25,UPI,Delivered
TXN005347,CUST1470,Sports,Dumbbells,Delhi,10,18566.9,0,Credit Card,Delivered
TXN005348,CUST1854,Books,Data Science Guide,Kochi,3,19903.19,5,Credit Card,Cancelled
TXN005349,CUST0420,Clothing,Shoes,Delhi,7,5638.51,20,Credit Card,Delivered
TXN005350,CUST2524,Electronics,Smartphone,Bengaluru,1,12059.09,10,Credit Card,Delivered
TXN005351,CUST2767,Clothing,Jacket,Kochi,6,8307.77,15,UPI,Delivered
TXN005352,CUST2302,Electronics,Smartphone,Mumbai,2,8044.11,0,Debit Card,Cancelled
TXN005353,CUST0919,Clothing,Jacket,Mumbai,8,549.92,10,UPI,Shipped
TXN005354,CUST2651,Electronics,Laptop,Chennai,5,39709.66,15,Debit Card,Delivered
TXN005355,CUST2299,Electronics,Smartwatch,Chennai,3,23449.77,10,Debit Card,Shipped
TXN005356,CUST1593,Clothing,T-Shirt,Hyderabad,10,40227.96,5,Cash on Delivery,Pending
TXN005357,CUST0974,Clothing,Jeans,Coimbatore,7,30666.27,5,UPI,Delivered
TXN005358,CUST2093,Electronics,Laptop,Pune,2,41583.75,15,Debit Card,Delivered
TXN005359,CUST2852,Sports,Yoga Mat,Chennai,5,25237.87,15,UPI,Delivered
TXN005360,CUST1179,Clothing,T-Shirt,Mumbai,8,4792.65,5,UPI,Cancelled
TXN005361,CUST2839,Home & Kitchen,Table Lamp,Pune,1,30876.51,5,Debit Card,Delivered
TXN005362,CUST2722,Books,Data Science Guide,Coimbatore,1,33920.47,25,Debit Card,Delivered
TXN005363,CUST0193,Electronics,Laptop,Chennai,3,31362.56,15,Credit Card,Shipped
TXN005364,CUST1563,Electronics,Laptop,Bengaluru,3,40086.68,15,Cash on Delivery,Delivered
TXN005365,CUST1588,Books,Data Science Guide,Delhi,7,36601.81,25,Debit Card,Delivered
TXN005366,CUST1707,Sports,Dumbbells,Chennai,6,21688.36,15,Debit Card,Pending
TXN005367,CUST2807,Books,Data Science Guide,Kochi,7,40973.27,20,Debit Card,Delivered
TXN005368,CUST1281,Clothing,Jeans,Chennai,4,34620.15,25,Cash on Delivery,Delivered
TXN005369,CUST2262,Books,Python Programming,Kochi,2,6106.3,20,UPI,Delivered
TXN005370,CUST0221,Electronics,Headphones,Bengaluru,2,27039.66,5,Credit Card,Pending
TXN005371,CUST0054,Books,Data Science Guide,Mumbai,10,36454.93,20,Credit Card,Delivered
TXN005372,CUST1030,Home & Kitchen,Mixer,Hyderabad,1,27709.08,0,UPI,Delivered
TXN005373,CUST0832,Clothing,Shoes,Bengaluru,9,47456.53,5,Cash on Delivery,Delivered
TXN005374,CUST2542,Books,Novel,Hyderabad,7,5164.41,0,Cash on Delivery,Delivered
TXN005375,CUST1815,Electronics,Smartwatch,Chennai,10,36143.85,10,Debit Card,Delivered
TXN005376,CUST0924,Clothing,Jeans,Mumbai,3,41240.1,0,Cash on Delivery,Delivered
TXN005377,CUST2596,Electronics,Smartwatch,Coimbatore,2,35162.39,10,Cash on Delivery,Delivered
TXN005378,CUST2887,Sports,Football,Chennai,3,19340.69,0,Debit Card,Delivered
TXN005379,CUST2907,Home & Kitchen,Table Lamp,Bengaluru,7,19335.47,10,UPI,Pending
TXN005380,CUST2653,Sports,Dumbbells,Coimbatore,5,29369.72,10,Credit Card,Shipped
TXN005381,CUST1507,Home & Kitchen,Vacuum Cleaner,Delhi,3,19915.19,5,UPI,Delivered
TXN005382,CUST2411,Books,Machine Learning Basics,Coimbatore,9,44170.83,15,UPI,Delivered
TXN005383,CUST2239,Clothing,Jacket,Bengaluru,2,5585.54,15,Debit Card,Delivered
TXN005384,CUST2472,Books,Novel,Pune,7,31993.95,5,UPI,Pending
TXN005385,CUST0805,Home & Kitchen,Vacuum Cleaner,Coimbatore,10,6792.34,10,Cash on Delivery,Shipped
TXN005386,CUST2970,Home & Kitchen,Vacuum Cleaner,Bengaluru,6,27053.97,15,UPI,Pending
TXN005387,CUST0793,Home & Kitchen,Cookware Set,Pune,6,35807.5,15,UPI,Delivered
TXN005388,CUST1205,Electronics,Headphones,Chennai,7,8358.99,0,Debit Card,Delivered
TXN005389,CUST1839,Clothing,Jacket,Pune,6,35231.26,20,Debit Card,Delivered
TXN005390,CUST0727,Books,Python Programming,Mumbai,2,7085.0,5,Credit Card,Delivered
TXN005391,CUST2797,Books,Data Science Guide,Delhi,5,31065.63,20,Cash on Delivery,Delivered
TXN005392,CUST0306,Sports,Yoga Mat,Pune,3,25327.1,10,Cash on Delivery,Delivered
TXN005393,CUST0766,Home & Kitchen,Cookware Set,Mumbai,9,14973.94,0,Credit Card,Cancelled
TXN005394,CUST0712,Home & Kitchen,Cookware Set,Mumbai,8,5666.28,15,Credit Card,Pending
TXN005395,CUST2105,Home & Kitchen,Mixer,Mumbai,10,36819.12,25,Debit Card,Delivered
TXN005396,CUST0489,Books,Novel,Pune,2,19152.08,0,Credit Card,Shipped
TXN005397,CUST1546,Sports,Yoga Mat,Bengaluru,1,4417.89,5,UPI,Pending
TXN005398,CUST0167,Electronics,Smartphone,Kochi,4,38662.19,10,Credit Card,Delivered
TXN005399,CUST1756,Clothing,Jeans,Bengaluru,4,11721.44,0,UPI,Cancelled
TXN005400,CUST1144,Electronics,Headphones,Delhi,10,36848.96,0,Credit Card,Delivered
TXN005401,CUST2280,Books,Data Science Guide,Bengaluru,2,28288.44,0,Debit Card,Delivered
TXN005402,CUST1083,Home & Kitchen,Table Lamp,Hyderabad,7,9807.0,15,Cash on Delivery,Shipped
TXN005403,CUST0533,Clothing,Jacket,Bengaluru,3,3912.65,10,UPI,Shipped
TXN005404,CUST0660,Books,Python Programming,Bengaluru,7,29703.13,15,Cash on Delivery,Shipped
TXN005405,CUST2393,Books,Novel,Bengaluru,7,1358.07,0,UPI,Delivered
TXN005406,CUST1045,Books,Novel,Chennai,1,3366.68,15,Cash on Delivery,Delivered
TXN005407,CUST0024,Clothing,Shoes,Delhi,6,35140.73,15,Debit Card,Delivered
TXN005408,CUST1354,Clothing,Shoes,Hyderabad,4,26989.8,5,UPI,Delivered
TXN005409,CUST1911,Sports,Cricket Bat,Bengaluru,8,16382.13,20,Credit Card,Delivered
TXN005410,CUST2907,Sports,Football,Kochi,8,27007.47,20,Debit Card,Delivered
TXN005411,CUST0635,Electronics,Smartphone,Delhi,3,29623.3,5,Cash on Delivery,Delivered
TXN005412,CUST0164,Clothing,Shoes,Coimbatore,4,28307.76,5,UPI,Shipped
TXN005413,CUST0630,Clothing,T-Shirt,Chennai,1,32163.45,25,Debit Card,Delivered
TXN005414,CUST1322,Clothing,Jacket,Pune,10,47020.38,15,Cash on Delivery,Delivered
TXN005415,CUST2445,Sports,Dumbbells,Kochi,2,19500.0,25,UPI,Delivered
TXN005416,CUST0209,Books,Data Science Guide,Bengaluru,7,15127.46,15,UPI,Shipped
TXN005417,CUST2562,Home & Kitchen,Mixer,Kochi,7,2017.9,10,Debit Card,Delivered
TXN005418,CUST2522,Sports,Yoga Mat,Hyderabad,9,7438.95,20,Cash on Delivery,Delivered
TXN005419,CUST2712,Clothing,T-Shirt,Chennai,10,5401.87,15,Cash on Delivery,Delivered
TXN005420,CUST1234,Sports,Yoga Mat,Hyderabad,9,16838.66,10,UPI,Delivered
TXN005421,CUST2010,Electronics,Headphones,Pune,9,30538.54,25,Cash on Delivery,Delivered
TXN005422,CUST2346,Clothing,T-Shirt,Pune,6,2412.06,20,Credit Card,Delivered
TXN005423,CUST2254,Electronics,Smartwatch,Kochi,8,36410.48,10,Credit Card,Delivered
TXN005424,CUST1467,Clothing,Shoes,Chennai,9,19931.9,10,UPI,Pending
TXN005425,CUST0299,Sports,Football,Coimbatore,7,48178.88,5,Cash on Delivery,Delivered
TXN005426,CUST2899,Books,Novel,Kochi,4,28462.41,0,UPI,Delivered
TXN005427,CUST1302,Home & Kitchen,Cookware Set,Delhi,4,38590.98,0,Credit Card,Delivered
TXN005428,CUST2153,Electronics,Smartwatch,Chennai,6,43072.94,0,UPI,Delivered
TXN005429,CUST0901,Sports,Yoga Mat,Mumbai,4,44453.43,10,UPI,Cancelled
TXN005430,CUST0754,Books,Machine Learning Basics,Pune,7,25971.24,15,Debit Card,Delivered
TXN005431,CUST2133,Sports,Yoga Mat,Coimbatore,8,19897.45,25,Debit Card,Delivered
TXN005432,CUST0280,Electronics,Laptop,Kochi,8,28069.7,0,Credit Card,Delivered
TXN005433,CUST2070,Home & Kitchen,Table Lamp,Pune,8,20163.31,15,Cash on Delivery,Delivered
TXN005434,CUST0653,Sports,Football,Mumbai,2,12111.68,20,Credit Card,Cancelled
TXN005435,CUST1704,Clothing,Jacket,Coimbatore,10,16263.6,25,Cash on Delivery,Pending
TXN005436,CUST2225,Books,Python Programming,Pune,2,11715.22,25,Cash on Delivery,Delivered
TXN005437,CUST2200,Sports,Cricket Bat,Mumbai,2,13544.94,0,Debit Card,Shipped
TXN005438,CUST1653,Books,Machine Learning Basics,Mumbai,2,4771.03,10,Debit Card,Delivered
TXN005439,CUST0377,Clothing,T-Shirt,Pune,4,21380.49,5,Credit Card,Delivered
TXN005440,CUST1432,Home & Kitchen,Mixer,Kochi,5,11840.67,10,Credit Card,Delivered
TXN005441,CUST0907,Home & Kitchen,Mixer,Pune,4,22473.49,25,Credit Card,Delivered
TXN005442,CUST0874,Clothing,Shoes,Hyderabad,5,39630.69,15,Debit Card,Delivered
TXN005443,CUST2718,Books,Data Science Guide,Chennai,4,22470.79,20,Debit Card,Delivered
TXN005444,CUST1360,Sports,Football,Chennai,7,47735.13,25,UPI,Pending
TXN005445,CUST1357,Clothing,Jeans,Coimbatore,10,7477.06,10,Credit Card,Delivered
TXN005446,CUST1478,Electronics,Laptop,Delhi,1,42528.22,25,UPI,Delivered
TXN005447,CUST1203,Books,Data Science Guide,Pune,1,12488.08,5,Cash on Delivery,Pending
TXN005448,CUST0895,Home & Kitchen,Mixer,Kochi,2,46703.28,5,Credit Card,Pending
TXN005449,CUST2533,Clothing,Shoes,Hyderabad,1,11434.68,20,Debit Card,Delivered
TXN005450,CUST2173,Home & Kitchen,Mixer,Chennai,10,37373.39,0,Credit Card,Delivered
TXN005451,CUST1946,Books,Machine Learning Basics,Chennai,10,3199.68,10,Credit Card,Delivered
TXN005452,CUST2300,Home & Kitchen,Mixer,Kochi,3,31527.69,25,Debit Card,Delivered
TXN005453,CUST2660,Clothing,T-Shirt,Hyderabad,6,11011.84,10,Debit Card,Delivered
TXN005454,CUST0037,Books,Novel,Bengaluru,10,33541.61,5,Cash on Delivery,Delivered
TXN005455,CUST0470,Electronics,Smartwatch,Hyderabad,6,31827.88,15,Credit Card,Delivered
TXN005456,CUST2740,Clothing,Shoes,Kochi,1,46192.42,10,Credit Card,Pending
TXN005457,CUST1418,Sports,Dumbbells,Chennai,6,31371.15,5,Credit Card,Delivered
TXN005458,CUST1826,Clothing,Shoes,Delhi,5,20471.62,15,Credit Card,Delivered
TXN005459,CUST0985,Books,Data Science Guide,Bengaluru,7,9759.03,0,Cash on Delivery,Delivered
TXN005460,CUST2631,Clothing,Jacket,Kochi,6,32906.81,0,Credit Card,Delivered
TXN005461,CUST2514,Electronics,Laptop,Kochi,7,5906.69,5,Cash on Delivery,Delivered
TXN005462,CUST2545,Electronics,Smartphone,Mumbai,2,41442.99,5,Cash on Delivery,Delivered
TXN005463,CUST0999,Sports,Yoga Mat,Hyderabad,1,12441.99,0,Debit Card,Delivered
TXN005464,CUST0164,Home & Kitchen,Vacuum Cleaner,Mumbai,7,26255.53,5,Credit Card,Shipped
TXN005465,CUST2796,Books,Data Science Guide,Bengaluru,9,29837.77,20,Debit Card,Shipped
TXN005466,CUST1315,Books,Novel,Bengaluru,2,18188.25,10,Cash on Delivery,Delivered
TXN005467,CUST1563,Home & Kitchen,Vacuum Cleaner,Bengaluru,7,33227.3,20,UPI,Delivered
TXN005468,CUST0465,Electronics,Smartwatch,Coimbatore,3,12585.83,15,UPI,Delivered
TXN005469,CUST1581,Electronics,Smartphone,Hyderabad,6,1827.77,5,Credit Card,Delivered
TXN005470,CUST1051,Clothing,Jeans,Kochi,3,47967.46,5,UPI,Delivered
TXN005471,CUST2213,Sports,Yoga Mat,Pune,10,16070.29,15,Debit Card,Delivered
TXN005472,CUST2966,Sports,Dumbbells,Delhi,5,35701.77,10,UPI,Delivered
TXN005473,CUST1159,Sports,Football,Delhi,2,25425.93,0,UPI,Cancelled
TXN005474,CUST0102,Clothing,Jeans,Kochi,8,33483.03,20,Cash on Delivery,Cancelled
TXN005475,CUST2118,Sports,Yoga Mat,Mumbai,8,5635.73,10,Debit Card,Cancelled
TXN005476,CUST1536,Home & Kitchen,Mixer,Kochi,7,25990.51,0,Credit Card,Delivered
TXN005477,CUST2107,Clothing,Jacket,Mumbai,6,19671.76,0,Debit Card,Delivered
TXN005478,CUST2084,Home & Kitchen,Table Lamp,Pune,1,22647.29,5,Debit Card,Shipped
TXN005479,CUST1826,Clothing,T-Shirt,Mumbai,8,48313.8,15,Credit Card,Pending
TXN005480,CUST1994,Sports,Yoga Mat,Hyderabad,1,6900.82,25,Debit Card,Delivered
TXN005481,CUST0180,Home & Kitchen,Mixer,Chennai,8,37759.54,5,Cash on Delivery,Shipped
TXN005482,CUST1215,Home & Kitchen,Mixer,Mumbai,2,16584.11,25,Credit Card,Pending
TXN005483,CUST2669,Home & Kitchen,Mixer,Bengaluru,8,14588.86,15,Cash on Delivery,Delivered
TXN005484,CUST0789,Clothing,Jacket,Mumbai,10,13611.79,5,Debit Card,Delivered
TXN005485,CUST1313,Books,Python Programming,Bengaluru,4,17504.2,20,UPI,Delivered
TXN005486,CUST2105,Sports,Football,Coimbatore,7,17920.14,5,Credit Card,Pending
TXN005487,CUST0338,Home & Kitchen,Mixer,Chennai,5,13610.28,20,Credit Card,Delivered
TXN005488,CUST0394,Books,Python Programming,Chennai,8,33407.91,25,UPI,Delivered
TXN005489,CUST0686,Sports,Cricket Bat,Pune,6,2481.33,10,UPI,Shipped
TXN005490,CUST2204,Sports,Yoga Mat,Hyderabad,5,16681.46,10,Credit Card,Cancelled
TXN005491,CUST2185,Home & Kitchen,Table Lamp,Kochi,1,14082.26,25,UPI,Delivered
TXN005492,CUST0031,Home & Kitchen,Vacuum Cleaner,Hyderabad,3,37595.76,25,Cash on Delivery,Delivered
TXN005493,CUST2568,Clothing,T-Shirt,Delhi,10,7410.28,5,Debit Card,Delivered
TXN005494,CUST0269,Books,Machine Learning Basics,Coimbatore,9,47040.29,10,Cash on Delivery,Cancelled
TXN005495,CUST0864,Books,Python Programming,Pune,9,8608.88,0,Debit Card,Shipped
TXN005496,CUST2746,Home & Kitchen,Cookware Set,Hyderabad,5,18564.37,20,Debit Card,Pending
TXN005497,CUST2579,Sports,Football,Bengaluru,3,10065.04,25,UPI,Delivered
TXN005498,CUST0874,Home & Kitchen,Table Lamp,Coimbatore,6,14406.23,15,UPI,Delivered
TXN005499,CUST2808,Sports,Football,Chennai,5,38075.13,20,Cash on Delivery,Pending
TXN005500,CUST1738,Sports,Football,Kochi,1,23872.6,5,UPI,Cancelled
TXN005501,CUST0426,Home & Kitchen,Vacuum Cleaner,Kochi,2,8212.53,10,Cash on Delivery,Delivered
TXN005502,CUST0843,Electronics,Smartphone,Bengaluru,5,2427.08,10,Credit Card,Pending
TXN005503,CUST2203,Books,Data Science Guide,Pune,9,11572.82,0,Cash on Delivery,Delivered
TXN005504,CUST2879,Sports,Yoga Mat,Pune,4,47285.58,10,Debit Card,Delivered
TXN005505,CUST1783,Sports,Football,Coimbatore,9,42281.31,5,Credit Card,Delivered
TXN005506,CUST2649,Electronics,Smartwatch,Chennai,3,22064.67,5,Cash on Delivery,Shipped
TXN005507,CUST0296,Clothing,Jeans,Hyderabad,1,24151.56,15,Cash on Delivery,Pending
TXN005508,CUST2811,Electronics,Laptop,Bengaluru,6,44978.37,20,Credit Card,Delivered
TXN005509,CUST0630,Electronics,Smartwatch,Bengaluru,10,29608.13,20,Credit Card,Delivered
TXN005510,CUST0098,Sports,Cricket Bat,Chennai,7,44050.28,20,Debit Card,Delivered
TXN005511,CUST1881,Books,Python Programming,Bengaluru,4,24642.77,15,Debit Card,Delivered
TXN005512,CUST2937,Electronics,Smartphone,Kochi,10,10084.87,15,Debit Card,Delivered
TXN005513,CUST1359,Clothing,Jacket,Hyderabad,5,36323.76,15,UPI,Shipped
TXN005514,CUST0156,Home & Kitchen,Vacuum Cleaner,Hyderabad,4,26367.03,0,Debit Card,Shipped
TXN005515,CUST0359,Electronics,Smartphone,Hyderabad,3,33455.14,15,UPI,Delivered
TXN005516,CUST0301,Electronics,Headphones,Chennai,1,7945.82,10,Cash on Delivery,Delivered
TXN005517,CUST0223,Clothing,Jeans,Mumbai,6,32415.33,25,Cash on Delivery,Cancelled
TXN005518,CUST0730,Books,Data Science Guide,Mumbai,10,19174.63,0,Cash on Delivery,Delivered
TXN005519,CUST1032,Electronics,Smartphone,Pune,5,16666.69,10,UPI,Pending
TXN005520,CUST2286,Electronics,Smartwatch,Pune,1,33606.63,20,Cash on Delivery,Pending
TXN005521,CUST0289,Books,Data Science Guide,Kochi,5,29652.73,5,Cash on Delivery,Delivered
TXN005522,CUST2356,Clothing,Jeans,Bengaluru,6,32490.46,20,UPI,Shipped
TXN005523,CUST0933,Electronics,Headphones,Hyderabad,10,48270.12,15,Debit Card,Delivered
TXN005524,CUST1060,Books,Novel,Bengaluru,5,35089.7,5,Debit Card,Delivered
TXN005525,CUST1670,Electronics,Smartwatch,Chennai,1,32080.86,20,Debit Card,Delivered
TXN005526,CUST1590,Home & Kitchen,Table Lamp,Bengaluru,5,30716.3,0,Debit Card,Shipped
TXN005527,CUST1848,Sports,Cricket Bat,Delhi,10,19995.84,15,Credit Card,Delivered
TXN005528,CUST2582,Home & Kitchen,Mixer,Mumbai,1,41975.67,20,Cash on Delivery,Shipped
TXN005529,CUST1657,Electronics,Headphones,Bengaluru,3,19108.84,5,Debit Card,Shipped
TXN005530,CUST1774,Clothing,Jeans,Bengaluru,2,35042.16,10,Debit Card,Cancelled
TXN005531,CUST1296,Sports,Yoga Mat,Coimbatore,1,14727.87,20,Debit Card,Delivered
TXN005532,CUST0070,Home & Kitchen,Cookware Set,Kochi,4,7473.05,0,Debit Card,Delivered
TXN005533,CUST1596,Books,Data Science Guide,Bengaluru,2,6575.19,5,Debit Card,Shipped
TXN005534,CUST2758,Clothing,Shoes,Delhi,5,31764.49,20,Credit Card,Shipped
TXN005535,CUST0485,Home & Kitchen,Cookware Set,Mumbai,10,16464.95,10,Credit Card,Cancelled
TXN005536,CUST2191,Books,Novel,Coimbatore,1,13824.96,15,UPI,Delivered
TXN005537,CUST0025,Electronics,Smartphone,Kochi,10,29643.76,15,UPI,Delivered
TXN005538,CUST2628,Books,Machine Learning Basics,Chennai,1,1380.92,15,Debit Card,Cancelled
TXN005539,CUST2951,Home & Kitchen,Mixer,Pune,10,12386.66,25,UPI,Pending
TXN005540,CUST2533,Home & Kitchen,Table Lamp,Chennai,4,17093.31,5,Credit Card,Delivered
TXN005541,CUST0260,Electronics,Smartphone,Mumbai,7,35447.84,25,Debit Card,Delivered
TXN005542,CUST2399,Books,Python Programming,Pune,2,27295.56,10,UPI,Delivered
TXN005543,CUST0187,Books,Machine Learning Basics,Chennai,2,42813.83,10,UPI,Shipped
TXN005544,CUST2871,Electronics,Smartwatch,Kochi,1,16791.87,20,Credit Card,Pending
TXN005545,CUST0298,Books,Data Science Guide,Delhi,5,14892.41,15,Cash on Delivery,Delivered
TXN005546,CUST1466,Electronics,Headphones,Bengaluru,6,1756.55,5,Debit Card,Pending
TXN005547,CUST2060,Clothing,Jacket,Mumbai,6,47590.69,25,UPI,Shipped
TXN005548,CUST0435,Home & Kitchen,Cookware Set,Pune,2,25124.46,25,Credit Card,Delivered
TXN005549,CUST1188,Clothing,Shoes,Coimbatore,7,25175.94,15,Debit Card,Delivered
TXN005550,CUST2810,Sports,Football,Bengaluru,6,46179.46,25,Credit Card,Delivered
TXN005551,CUST1235,Sports,Yoga Mat,Chennai,8,14566.92,15,Debit Card,Pending
TXN005552,CUST2485,Sports,Dumbbells,Chennai,6,16672.1,20,Cash on Delivery,Shipped
TXN005553,CUST0355,Electronics,Smartwatch,Coimbatore,9,32851.75,20,Cash on Delivery,Delivered
TXN005554,CUST1154,Books,Novel,Delhi,10,39280.28,20,Debit Card,Delivered
TXN005555,CUST1793,Clothing,Shoes,Kochi,2,34995.61,0,Debit Card,Delivered
TXN005556,CUST1563,Clothing,T-Shirt,Kochi,7,39457.04,0,Credit Card,Pending
TXN005557,CUST1619,Clothing,Shoes,Coimbatore,5,28797.89,25,Debit Card,Shipped
TXN005558,CUST2707,Clothing,T-Shirt,Mumbai,1,43154.89,5,UPI,Delivered
TXN005559,CUST0127,Sports,Dumbbells,Coimbatore,3,27550.33,5,Debit Card,Pending
TXN005560,CUST1942,Clothing,T-Shirt,Chennai,4,11544.1,20,Debit Card,Shipped
TXN005561,CUST0641,Books,Machine Learning Basics,Delhi,2,27130.89,10,Cash on Delivery,Delivered
TXN005562,CUST2186,Sports,Dumbbells,Delhi,7,35675.94,5,Cash on Delivery,Delivered
TXN005563,CUST0901,Clothing,Shoes,Hyderabad,1,32713.41,25,Credit Card,Delivered
TXN005564,CUST0559,Electronics,Headphones,Coimbatore,3,12226.54,0,Debit Card,Delivered
TXN005565,CUST1602,Home & Kitchen,Table Lamp,Mumbai,9,2149.8,25,UPI,Delivered
TXN005566,CUST2236,Home & Kitchen,Vacuum Cleaner,Chennai,2,12698.79,25,UPI,Delivered
TXN005567,CUST1209,Home & Kitchen,Mixer,Bengaluru,5,49203.7,0,Debit Card,Delivered
TXN005568,CUST2598,Sports,Cricket Bat,Kochi,4,9304.87,15,Credit Card,Delivered
TXN005569,CUST0591,Clothing,Jeans,Kochi,3,23272.15,20,UPI,Delivered
TXN005570,CUST1221,Sports,Cricket Bat,Kochi,5,31953.46,25,Credit Card,Delivered
TXN005571,CUST2775,Books,Machine Learning Basics,Delhi,6,43985.71,10,Debit Card,Shipped
TXN005572,CUST2988,Electronics,Laptop,Kochi,1,38036.91,20,Credit Card,Delivered
TXN005573,CUST2654,Electronics,Headphones,Coimbatore,2,45456.76,0,Debit Card,Delivered
TXN005574,CUST1529,Home & Kitchen,Mixer,Hyderabad,1,30258.75,10,Cash on Delivery,Delivered
TXN005575,CUST0046,Home & Kitchen,Mixer,Mumbai,3,43279.41,5,Debit Card,Delivered
TXN005576,CUST2268,Home & Kitchen,Mixer,Mumbai,8,13265.77,15,Credit Card,Delivered
TXN005577,CUST2274,Clothing,Jacket,Pune,8,21585.19,25,UPI,Delivered
TXN005578,CUST0580,Books,Novel,Kochi,4,42204.25,0,Debit Card,Delivered
TXN005579,CUST0505,Books,Data Science Guide,Chennai,6,16345.63,15,Debit Card,Delivered
TXN005580,CUST0172,Books,Machine Learning Basics,Delhi,9,43573.98,25,Debit Card,Cancelled
TXN005581,CUST0021,Books,Python Programming,Chennai,7,18219.44,25,Cash on Delivery,Delivered
TXN005582,CUST2346,Home & Kitchen,Table Lamp,Kochi,2,18233.4,20,Cash on Delivery,Delivered
TXN005583,CUST2444,Electronics,Laptop,Hyderabad,2,15520.74,10,Cash on Delivery,Delivered
TXN005584,CUST1615,Home & Kitchen,Vacuum Cleaner,Bengaluru,3,27392.46,20,UPI,Cancelled
TXN005585,CUST2201,Books,Python Programming,Kochi,8,6540.53,15,UPI,Delivered
TXN005586,CUST2243,Home & Kitchen,Cookware Set,Bengaluru,10,1926.47,0,Debit Card,Cancelled
TXN005587,CUST0349,Books,Python Programming,Bengaluru,9,44880.91,15,UPI,Delivered
TXN005588,CUST1249,Sports,Dumbbells,Mumbai,3,46454.02,0,Credit Card,Pending
TXN005589,CUST0861,Electronics,Laptop,Delhi,9,3900.92,15,Credit Card,Delivered
TXN005590,CUST2974,Sports,Football,Kochi,10,27529.91,20,Cash on Delivery,Delivered
TXN005591,CUST1409,Clothing,Jacket,Chennai,8,27030.14,15,Credit Card,Pending
TXN005592,CUST0868,Home & Kitchen,Mixer,Chennai,5,18684.29,5,Credit Card,Delivered
TXN005593,CUST1691,Clothing,Jeans,Hyderabad,10,28488.35,20,Debit Card,Delivered
TXN005594,CUST2646,Home & Kitchen,Table Lamp,Bengaluru,3,22960.16,15,Cash on Delivery,Delivered
TXN005595,CUST2100,Sports,Football,Delhi,7,24532.79,15,Cash on Delivery,Shipped
TXN005596,CUST0584,Books,Python Programming,Delhi,9,37791.31,10,Cash on Delivery,Delivered
TXN005597,CUST0660,Books,Python Programming,Hyderabad,6,26345.42,20,Credit Card,Delivered
TXN005598,CUST0754,Home & Kitchen,Table Lamp,Coimbatore,3,16250.54,10,UPI,Delivered
TXN005599,CUST0905,Books,Data Science Guide,Delhi,5,29114.66,20,Debit Card,Pending
TXN005600,CUST2527,Sports,Cricket Bat,Delhi,7,32073.62,0,UPI,Pending
TXN005601,CUST1036,Books,Machine Learning Basics,Chennai,8,33149.34,20,Cash on Delivery,Delivered
TXN005602,CUST0796,Sports,Cricket Bat,Hyderabad,4,30953.5,20,Cash on Delivery,Delivered
TXN005603,CUST0470,Clothing,Jeans,Kochi,2,33263.68,15,Credit Card,Delivered
TXN005604,CUST0743,Sports,Yoga Mat,Delhi,10,15573.63,5,Debit Card,Cancelled
TXN005605,CUST2749,Electronics,Laptop,Delhi,2,22362.08,25,Debit Card,Delivered
TXN005606,CUST2324,Electronics,Smartwatch,Chennai,3,33468.44,20,Debit Card,Delivered
TXN005607,CUST0223,Electronics,Laptop,Kochi,8,37742.99,10,Credit Card,Delivered
TXN005608,CUST2249,Home & Kitchen,Vacuum Cleaner,Kochi,1,21763.89,5,UPI,Delivered
TXN005609,CUST1890,Home & Kitchen,Table Lamp,Delhi,7,18330.11,20,Debit Card,Delivered
TXN005610,CUST2641,Home & Kitchen,Mixer,Chennai,6,35822.54,5,UPI,Delivered
TXN005611,CUST2252,Sports,Football,Coimbatore,2,11186.44,0,Credit Card,Delivered
TXN005612,CUST0300,Home & Kitchen,Cookware Set,Mumbai,9,573.66,5,Credit Card,Cancelled
TXN005613,CUST1191,Clothing,Jeans,Pune,5,23611.18,0,UPI,Delivered
TXN005614,CUST2752,Electronics,Headphones,Chennai,2,8751.32,5,Debit Card,Delivered
TXN005615,CUST0276,Sports,Dumbbells,Chennai,3,18976.31,5,UPI,Delivered
TXN005616,CUST1027,Electronics,Headphones,Delhi,7,14632.58,10,Debit Card,Delivered
TXN005617,CUST0403,Home & Kitchen,Cookware Set,Chennai,7,38885.37,25,Cash on Delivery,Delivered
TXN005618,CUST0809,Sports,Yoga Mat,Hyderabad,10,16637.28,10,Cash on Delivery,Shipped
TXN005619,CUST2973,Books,Novel,Bengaluru,1,32069.72,15,Debit Card,Delivered
TXN005620,CUST2379,Clothing,T-Shirt,Bengaluru,10,33728.24,5,UPI,Delivered
TXN005621,CUST1996,Home & Kitchen,Table Lamp,Coimbatore,4,22877.07,0,Debit Card,Cancelled
TXN005622,CUST1356,Home & Kitchen,Table Lamp,Kochi,6,4145.79,5,Debit Card,Delivered
TXN005623,CUST1463,Clothing,Shoes,Chennai,8,35048.22,20,Debit Card,Pending
TXN005624,CUST0526,Clothing,Jacket,Kochi,3,3850.88,0,Cash on Delivery,Pending
TXN005625,CUST2750,Books,Data Science Guide,Hyderabad,3,5050.73,20,Credit Card,Cancelled
TXN005626,CUST2685,Home & Kitchen,Table Lamp,Delhi,8,9880.27,15,Cash on Delivery,Delivered
TXN005627,CUST0961,Home & Kitchen,Vacuum Cleaner,Delhi,8,14090.75,20,Debit Card,Shipped
TXN005628,CUST0410,Electronics,Smartphone,Pune,8,42337.94,15,UPI,Delivered
TXN005629,CUST1168,Sports,Dumbbells,Mumbai,1,33778.6,15,Credit Card,Pending
TXN005630,CUST2538,Sports,Cricket Bat,Coimbatore,8,19421.92,15,Debit Card,Delivered
TXN005631,CUST0286,Electronics,Smartwatch,Hyderabad,8,48933.51,20,Credit Card,Shipped
TXN005632,CUST0793,Sports,Football,Kochi,2,12255.77,15,UPI,Delivered
TXN005633,CUST1302,Clothing,Jeans,Hyderabad,9,30529.74,15,Credit Card,Delivered
TXN005634,CUST1991,Sports,Cricket Bat,Pune,7,42375.98,10,Credit Card,Cancelled
TXN005635,CUST1846,Sports,Cricket Bat,Pune,8,40120.93,25,Debit Card,Delivered
TXN005636,CUST1345,Electronics,Smartphone,Delhi,2,4606.36,5,UPI,Delivered
TXN005637,CUST2525,Books,Data Science Guide,Kochi,4,34893.98,15,UPI,Delivered
TXN005638,CUST2701,Sports,Dumbbells,Mumbai,7,12967.4,0,Cash on Delivery,Delivered
TXN005639,CUST1253,Sports,Cricket Bat,Delhi,6,17851.1,0,Credit Card,Delivered
TXN005640,CUST2841,Books,Data Science Guide,Mumbai,7,24500.7,10,Debit Card,Delivered
TXN005641,CUST2393,Electronics,Headphones,Bengaluru,1,39558.43,20,Credit Card,Delivered
TXN005642,CUST0625,Books,Data Science Guide,Hyderabad,8,8393.45,20,Credit Card,Delivered
TXN005643,CUST2317,Electronics,Headphones,Pune,7,5516.91,20,Credit Card,Delivered
TXN005644,CUST2322,Clothing,Shoes,Bengaluru,4,7756.72,15,Debit Card,Shipped
TXN005645,CUST1493,Electronics,Headphones,Kochi,1,10989.35,25,Credit Card,Shipped
TXN005646,CUST1296,Clothing,Jacket,Delhi,8,3069.14,25,Debit Card,Pending
TXN005647,CUST1755,Clothing,Jacket,Coimbatore,10,46325.19,20,UPI,Cancelled
TXN005648,CUST0691,Electronics,Headphones,Chennai,7,16022.26,20,Credit Card,Shipped
TXN005649,CUST0020,Home & Kitchen,Mixer,Coimbatore,8,8931.08,5,Cash on Delivery,Delivered
TXN005650,CUST1283,Electronics,Smartphone,Coimbatore,10,31927.93,25,UPI,Shipped
TXN005651,CUST1009,Sports,Dumbbells,Chennai,1,39371.11,15,Cash on Delivery,Shipped
TXN005652,CUST0908,Sports,Football,Hyderabad,5,37686.38,15,Credit Card,Delivered
TXN005653,CUST2918,Home & Kitchen,Mixer,Bengaluru,9,35963.49,0,UPI,Delivered
TXN005654,CUST2625,Clothing,Shoes,Bengaluru,5,2621.45,0,Debit Card,Delivered
TXN005655,CUST1787,Home & Kitchen,Cookware Set,Hyderabad,10,39129.76,5,Credit Card,Delivered
TXN005656,CUST1134,Sports,Football,Chennai,3,25143.74,10,Credit Card,Pending
TXN005657,CUST1473,Home & Kitchen,Mixer,Mumbai,9,32489.39,15,Debit Card,Shipped
TXN005658,CUST0551,Electronics,Smartwatch,Coimbatore,9,47825.59,0,Cash on Delivery,Delivered
TXN005659,CUST2784,Home & Kitchen,Table Lamp,Delhi,4,40552.56,20,UPI,Delivered
TXN005660,CUST1359,Clothing,T-Shirt,Bengaluru,4,41286.06,15,UPI,Delivered
TXN005661,CUST1966,Electronics,Smartphone,Hyderabad,8,9155.21,15,Debit Card,Delivered
TXN005662,CUST1896,Books,Data Science Guide,Delhi,7,23873.21,15,UPI,Delivered
TXN005663,CUST1825,Sports,Cricket Bat,Pune,5,47471.34,25,Debit Card,Cancelled
TXN005664,CUST1470,Sports,Dumbbells,Chennai,6,29175.99,0,Cash on Delivery,Pending
TXN005665,CUST1252,Home & Kitchen,Cookware Set,Delhi,3,5219.06,5,Cash on Delivery,Shipped
TXN005666,CUST1995,Electronics,Smartphone,Kochi,6,36617.81,0,UPI,Cancelled
TXN005667,CUST2260,Books,Python Programming,Delhi,8,2242.05,20,Debit Card,Delivered
TXN005668,CUST0446,Electronics,Laptop,Kochi,10,37140.63,20,Debit Card,Delivered
TXN005669,CUST0720,Sports,Dumbbells,Coimbatore,9,44000.65,10,Debit Card,Delivered
TXN005670,CUST2645,Electronics,Headphones,Chennai,3,21319.98,0,Debit Card,Delivered
TXN005671,CUST2485,Books,Novel,Delhi,8,20739.28,0,UPI,Delivered
TXN005672,CUST0336,Home & Kitchen,Cookware Set,Bengaluru,3,15280.15,10,Credit Card,Delivered
TXN005673,CUST1150,Clothing,Shoes,Chennai,2,43859.22,10,UPI,Delivered
TXN005674,CUST0574,Electronics,Smartphone,Bengaluru,5,27434.45,15,Debit Card,Delivered
TXN005675,CUST2207,Clothing,Jeans,Hyderabad,4,29005.07,15,Credit Card,Delivered
TXN005676,CUST0805,Sports,Football,Hyderabad,5,33119.2,20,Credit Card,Delivered
TXN005677,CUST1079,Home & Kitchen,Vacuum Cleaner,Pune,6,15081.52,5,UPI,Delivered
TXN005678,CUST2567,Home & Kitchen,Mixer,Mumbai,3,21696.04,20,Debit Card,Delivered
TXN005679,CUST0314,Electronics,Smartphone,Hyderabad,1,37106.13,25,Debit Card,Delivered
TXN005680,CUST2980,Home & Kitchen,Cookware Set,Delhi,4,49275.8,0,Debit Card,Shipped
TXN005681,CUST0309,Electronics,Headphones,Chennai,6,1811.85,5,Debit Card,Delivered
TXN005682,CUST0077,Electronics,Headphones,Hyderabad,2,2228.16,15,Debit Card,Delivered
TXN005683,CUST2078,Clothing,Jeans,Bengaluru,2,21461.32,10,Credit Card,Pending
TXN005684,CUST2588,Home & Kitchen,Vacuum Cleaner,Delhi,1,33015.13,10,UPI,Delivered
TXN005685,CUST0128,Electronics,Smartwatch,Hyderabad,9,19379.59,20,UPI,Delivered
TXN005686,CUST2384,Clothing,Jeans,Kochi,3,49981.97,0,Cash on Delivery,Cancelled
TXN005687,CUST2372,Books,Python Programming,Kochi,2,9848.43,0,UPI,Delivered
TXN005688,CUST1660,Clothing,Shoes,Coimbatore,4,495.48,10,Credit Card,Delivered
TXN005689,CUST2417,Clothing,Shoes,Bengaluru,6,9587.46,20,Cash on Delivery,Delivered
TXN005690,CUST0872,Electronics,Laptop,Pune,1,44353.43,25,Credit Card,Delivered
TXN005691,CUST0151,Sports,Yoga Mat,Pune,9,7342.93,20,UPI,Delivered
TXN005692,CUST2260,Sports,Cricket Bat,Pune,9,24000.84,15,Credit Card,Delivered
TXN005693,CUST1068,Sports,Football,Bengaluru,8,21021.88,15,Credit Card,Pending
TXN005694,CUST2227,Clothing,Jeans,Pune,6,33319.69,15,UPI,Delivered
TXN005695,CUST2211,Electronics,Laptop,Mumbai,4,2824.32,25,Credit Card,Delivered
TXN005696,CUST1934,Home & Kitchen,Vacuum Cleaner,Coimbatore,2,32971.63,5,Cash on Delivery,Delivered
TXN005697,CUST2679,Clothing,Shoes,Mumbai,8,17802.11,20,Cash on Delivery,Delivered
TXN005698,CUST0609,Clothing,T-Shirt,Kochi,7,46309.37,20,Debit Card,Delivered
TXN005699,CUST1499,Electronics,Smartwatch,Hyderabad,4,42459.48,25,Cash on Delivery,Delivered
TXN005700,CUST1608,Books,Python Programming,Coimbatore,3,20035.36,15,Cash on Delivery,Pending
TXN005701,CUST0915,Clothing,Jeans,Bengaluru,6,49645.3,10,UPI,Delivered
TXN005702,CUST2416,Books,Machine Learning Basics,Mumbai,1,2691.99,15,Cash on Delivery,Delivered
TXN005703,CUST1192,Books,Data Science Guide,Delhi,2,39452.75,5,UPI,Delivered
TXN005704,CUST0549,Sports,Football,Coimbatore,7,21748.44,25,Cash on Delivery,Shipped
TXN005705,CUST1904,Electronics,Headphones,Bengaluru,3,21721.93,10,UPI,Delivered
TXN005706,CUST2053,Books,Python Programming,Chennai,1,8589.68,20,UPI,Cancelled
TXN005707,CUST2091,Electronics,Smartphone,Coimbatore,2,25792.51,5,Credit Card,Delivered
TXN005708,CUST0371,Sports,Cricket Bat,Coimbatore,10,4327.45,5,Cash on Delivery,Delivered
TXN005709,CUST1626,Electronics,Smartwatch,Hyderabad,10,30867.2,25,UPI,Delivered
TXN005710,CUST1491,Clothing,T-Shirt,Delhi,9,12155.36,10,Cash on Delivery,Delivered
TXN005711,CUST2057,Books,Data Science Guide,Hyderabad,7,36270.42,15,Debit Card,Delivered
TXN005712,CUST0044,Electronics,Headphones,Pune,7,30407.34,15,Credit Card,Delivered
TXN005713,CUST2715,Home & Kitchen,Vacuum Cleaner,Coimbatore,10,37345.61,0,Credit Card,Delivered
TXN005714,CUST0979,Electronics,Smartphone,Kochi,8,37512.13,10,UPI,Delivered
TXN005715,CUST2516,Books,Data Science Guide,Coimbatore,8,9915.78,15,Cash on Delivery,Delivered
TXN005716,CUST2803,Sports,Cricket Bat,Pune,9,133.67,5,Credit Card,Delivered
TXN005717,CUST0680,Sports,Football,Delhi,2,18351.49,25,Credit Card,Delivered
TXN005718,CUST2106,Books,Python Programming,Delhi,8,45961.55,15,Credit Card,Shipped
TXN005719,CUST0575,Clothing,Shoes,Kochi,8,28937.18,25,UPI,Delivered
TXN005720,CUST1828,Clothing,T-Shirt,Kochi,5,36402.35,15,Debit Card,Pending
TXN005721,CUST0653,Sports,Cricket Bat,Mumbai,5,43990.56,25,UPI,Delivered
TXN005722,CUST0734,Sports,Dumbbells,Bengaluru,4,45312.31,5,Debit Card,Shipped
TXN005723,CUST2320,Books,Python Programming,Bengaluru,5,26498.36,10,Credit Card,Delivered
TXN005724,CUST2318,Clothing,Jeans,Mumbai,2,27093.01,0,Debit Card,Delivered
TXN005725,CUST2701,Sports,Cricket Bat,Bengaluru,2,42561.85,25,UPI,Delivered
TXN005726,CUST0599,Clothing,T-Shirt,Coimbatore,5,40393.52,15,UPI,Delivered
TXN005727,CUST2999,Sports,Cricket Bat,Mumbai,3,34973.04,25,Cash on Delivery,Pending
TXN005728,CUST1981,Electronics,Smartwatch,Mumbai,1,30262.77,25,Cash on Delivery,Delivered
TXN005729,CUST1470,Home & Kitchen,Table Lamp,Bengaluru,9,30899.03,15,UPI,Delivered
TXN005730,CUST0166,Electronics,Headphones,Chennai,2,18209.28,15,Cash on Delivery,Delivered
TXN005731,CUST0897,Sports,Dumbbells,Kochi,10,42061.8,10,Credit Card,Delivered
TXN005732,CUST1998,Home & Kitchen,Table Lamp,Bengaluru,2,30927.21,5,Debit Card,Delivered
TXN005733,CUST0950,Home & Kitchen,Cookware Set,Hyderabad,4,11254.05,5,UPI,Delivered
TXN005734,CUST0258,Sports,Dumbbells,Chennai,2,12068.18,5,UPI,Delivered
TXN005735,CUST1083,Sports,Yoga Mat,Mumbai,7,43093.99,5,Cash on Delivery,Delivered
TXN005736,CUST1514,Clothing,Jacket,Chennai,10,31322.81,5,UPI,Delivered
TXN005737,CUST0959,Sports,Dumbbells,Coimbatore,1,19995.34,5,Cash on Delivery,Pending
TXN005738,CUST0176,Books,Novel,Delhi,2,9436.33,15,Credit Card,Delivered
TXN005739,CUST2739,Sports,Football,Chennai,5,30549.78,15,UPI,Shipped
TXN005740,CUST0847,Books,Novel,Hyderabad,2,9297.09,5,Credit Card,Delivered
TXN005741,CUST2122,Sports,Yoga Mat,Delhi,9,23561.33,5,Credit Card,Delivered
TXN005742,CUST1480,Clothing,Jeans,Coimbatore,4,33907.78,10,UPI,Delivered
TXN005743,CUST1590,Books,Data Science Guide,Hyderabad,9,28314.23,25,Cash on Delivery,Delivered
TXN005744,CUST1924,Electronics,Headphones,Pune,1,46112.79,10,Cash on Delivery,Delivered
TXN005745,CUST1863,Books,Data Science Guide,Delhi,1,2082.09,20,Credit Card,Pending
TXN005746,CUST0191,Clothing,Shoes,Pune,1,14061.76,15,Cash on Delivery,Shipped
TXN005747,CUST0164,Books,Machine Learning Basics,Coimbatore,4,2948.6,5,Cash on Delivery,Delivered
TXN005748,CUST2657,Sports,Football,Delhi,9,9810.75,25,Credit Card,Shipped
TXN005749,CUST1328,Sports,Yoga Mat,Delhi,8,6286.77,15,UPI,Delivered
TXN005750,CUST0423,Clothing,T-Shirt,Bengaluru,7,36659.82,20,UPI,Delivered
TXN005751,CUST2883,Home & Kitchen,Table Lamp,Hyderabad,1,18531.86,10,Debit Card,Pending
TXN005752,CUST2136,Sports,Yoga Mat,Kochi,3,46259.71,20,UPI,Delivered
TXN005753,CUST2596,Electronics,Laptop,Hyderabad,9,1266.55,0,Cash on Delivery,Delivered
TXN005754,CUST1121,Clothing,T-Shirt,Chennai,9,32680.92,10,Debit Card,Cancelled
TXN005755,CUST1079,Books,Novel,Pune,5,48530.19,15,Debit Card,Shipped
TXN005756,CUST2371,Books,Novel,Pune,6,8874.35,10,Debit Card,Delivered
TXN005757,CUST2230,Electronics,Laptop,Hyderabad,6,22177.37,20,UPI,Delivered
TXN005758,CUST2336,Sports,Dumbbells,Hyderabad,10,35124.31,5,Debit Card,Shipped
TXN005759,CUST0713,Clothing,Jeans,Delhi,4,31693.59,25,Debit Card,Pending
TXN005760,CUST1543,Electronics,Headphones,Pune,1,28344.75,20,Debit Card,Pending
TXN005761,CUST2678,Sports,Football,Mumbai,5,16405.13,20,UPI,Pending
TXN005762,CUST1551,Clothing,Shoes,Kochi,1,36437.18,5,UPI,Pending
TXN005763,CUST1497,Books,Novel,Bengaluru,1,32697.44,25,UPI,Delivered
TXN005764,CUST2408,Clothing,Shoes,Kochi,5,8223.73,15,UPI,Cancelled
TXN005765,CUST2677,Home & Kitchen,Table Lamp,Chennai,5,48208.13,25,Credit Card,Delivered
TXN005766,CUST0319,Clothing,Shoes,Kochi,7,27828.08,15,UPI,Pending
TXN005767,CUST2117,Home & Kitchen,Table Lamp,Bengaluru,2,26320.53,10,Cash on Delivery,Delivered
TXN005768,CUST1031,Clothing,Shoes,Chennai,6,42427.01,20,Debit Card,Shipped
TXN005769,CUST1542,Home & Kitchen,Table Lamp,Coimbatore,2,32056.63,10,UPI,Shipped
TXN005770,CUST0913,Books,Machine Learning Basics,Delhi,10,3816.52,5,Cash on Delivery,Delivered
TXN005771,CUST2116,Sports,Yoga Mat,Hyderabad,5,25378.81,0,Cash on Delivery,Pending
TXN005772,CUST1663,Home & Kitchen,Vacuum Cleaner,Hyderabad,4,39051.76,15,Cash on Delivery,Shipped
TXN005773,CUST1446,Home & Kitchen,Table Lamp,Mumbai,10,35029.01,5,Credit Card,Delivered
TXN005774,CUST1414,Books,Data Science Guide,Kochi,5,48541.36,15,Credit Card,Cancelled
TXN005775,CUST1995,Home & Kitchen,Cookware Set,Pune,2,1343.32,10,Credit Card,Delivered
TXN005776,CUST1975,Electronics,Laptop,Pune,8,13134.83,0,Cash on Delivery,Delivered
TXN005777,CUST2475,Books,Data Science Guide,Bengaluru,8,27502.91,25,UPI,Cancelled
TXN005778,CUST0028,Electronics,Laptop,Bengaluru,6,31012.54,20,Cash on Delivery,Cancelled
TXN005779,CUST2056,Books,Data Science Guide,Bengaluru,3,13790.36,25,Credit Card,Delivered
TXN005780,CUST0570,Home & Kitchen,Vacuum Cleaner,Pune,4,41357.4,15,Credit Card,Pending
TXN005781,CUST1802,Electronics,Smartwatch,Hyderabad,1,8300.95,20,Credit Card,Delivered
TXN005782,CUST0679,Home & Kitchen,Table Lamp,Pune,9,142.37,10,UPI,Delivered
TXN005783,CUST0943,Books,Machine Learning Basics,Bengaluru,10,47624.33,15,Cash on Delivery,Delivered
TXN005784,CUST0316,Home & Kitchen,Vacuum Cleaner,Delhi,5,19638.68,25,Credit Card,Delivered
TXN005785,CUST2108,Electronics,Laptop,Chennai,8,47878.74,10,Cash on Delivery,Shipped
TXN005786,CUST2636,Electronics,Smartwatch,Hyderabad,3,13968.79,20,Cash on Delivery,Pending
TXN005787,CUST1151,Home & Kitchen,Cookware Set,Delhi,4,3266.09,10,Credit Card,Pending
TXN005788,CUST0867,Clothing,Shoes,Coimbatore,4,38648.73,10,Debit Card,Delivered
TXN005789,CUST0616,Books,Python Programming,Kochi,8,41807.39,10,Debit Card,Delivered
TXN005790,CUST0766,Books,Novel,Delhi,9,24655.14,5,Debit Card,Delivered
TXN005791,CUST0645,Home & Kitchen,Vacuum Cleaner,Kochi,3,3785.13,5,Credit Card,Pending
TXN005792,CUST1484,Clothing,Shoes,Delhi,7,32741.29,15,Cash on Delivery,Delivered
TXN005793,CUST2466,Electronics,Smartphone,Coimbatore,9,9188.98,10,Debit Card,Delivered
TXN005794,CUST2939,Sports,Football,Delhi,2,42484.14,25,UPI,Shipped
TXN005795,CUST0485,Sports,Football,Chennai,4,13773.75,10,Debit Card,Delivered
TXN005796,CUST2708,Home & Kitchen,Vacuum Cleaner,Hyderabad,3,42400.55,10,UPI,Delivered
TXN005797,CUST0944,Clothing,Jeans,Kochi,8,21403.53,5,Debit Card,Delivered
TXN005798,CUST1699,Clothing,Shoes,Mumbai,4,29864.74,20,Debit Card,Delivered
TXN005799,CUST1353,Books,Novel,Pune,9,39499.17,10,Debit Card,Delivered
TXN005800,CUST2951,Electronics,Laptop,Coimbatore,1,2117.92,0,UPI,Cancelled
TXN005801,CUST0465,Clothing,Shoes,Kochi,1,41076.18,15,UPI,Shipped
TXN005802,CUST1973,Sports,Cricket Bat,Hyderabad,4,7018.54,5,Debit Card,Delivered
TXN005803,CUST2766,Electronics,Laptop,Bengaluru,3,17985.08,20,UPI,Delivered
TXN005804,CUST1962,Electronics,Smartwatch,Kochi,3,23691.77,0,Cash on Delivery,Delivered
TXN005805,CUST1963,Home & Kitchen,Cookware Set,Chennai,10,44781.79,10,Debit Card,Delivered
TXN005806,CUST0864,Clothing,Jacket,Mumbai,2,1219.79,25,Cash on Delivery,Delivered
TXN005807,CUST2420,Home & Kitchen,Cookware Set,Chennai,10,28004.21,25,Credit Card,Delivered
TXN005808,CUST0661,Clothing,Shoes,Kochi,10,32161.87,5,Credit Card,Delivered
TXN005809,CUST2652,Books,Data Science Guide,Chennai,2,15897.46,10,Credit Card,Delivered
TXN005810,CUST1684,Home & Kitchen,Cookware Set,Bengaluru,8,14595.29,15,Cash on Delivery,Delivered
TXN005811,CUST0092,Home & Kitchen,Table Lamp,Mumbai,1,24574.41,5,UPI,Shipped
TXN005812,CUST0999,Sports,Yoga Mat,Pune,8,9436.31,0,Credit Card,Delivered
TXN005813,CUST0177,Home & Kitchen,Table Lamp,Chennai,10,23459.13,25,Debit Card,Delivered
TXN005814,CUST0524,Clothing,Jeans,Bengaluru,3,38274.76,20,Debit Card,Shipped
TXN005815,CUST2350,Sports,Football,Coimbatore,2,42285.24,20,UPI,Delivered
TXN005816,CUST2427,Home & Kitchen,Table Lamp,Bengaluru,9,19319.55,15,Debit Card,Pending
TXN005817,CUST0660,Home & Kitchen,Vacuum Cleaner,Delhi,5,30903.36,20,Cash on Delivery,Delivered
TXN005818,CUST0552,Books,Python Programming,Kochi,5,101.02,20,Credit Card,Delivered
TXN005819,CUST2579,Home & Kitchen,Mixer,Hyderabad,6,27562.59,15,Cash on Delivery,Delivered
TXN005820,CUST2100,Electronics,Smartphone,Kochi,4,48764.29,25,Debit Card,Delivered
TXN005821,CUST0161,Sports,Cricket Bat,Kochi,7,15682.02,0,Cash on Delivery,Delivered
TXN005822,CUST2345,Electronics,Smartphone,Bengaluru,7,29779.33,5,UPI,Cancelled
TXN005823,CUST0602,Sports,Cricket Bat,Bengaluru,9,38137.95,25,Cash on Delivery,Delivered
TXN005824,CUST0230,Books,Python Programming,Bengaluru,6,30485.76,5,Debit Card,Delivered
TXN005825,CUST0682,Home & Kitchen,Vacuum Cleaner,Kochi,1,20983.15,15,Debit Card,Delivered
TXN005826,CUST1058,Home & Kitchen,Mixer,Pune,9,7713.52,25,Credit Card,Cancelled
TXN005827,CUST0738,Home & Kitchen,Vacuum Cleaner,Chennai,10,23238.7,10,Cash on Delivery,Pending
TXN005828,CUST2117,Sports,Yoga Mat,Pune,9,14809.73,15,UPI,Pending
TXN005829,CUST1661,Home & Kitchen,Cookware Set,Mumbai,5,34826.42,15,Credit Card,Delivered
TXN005830,CUST2455,Electronics,Laptop,Bengaluru,7,22151.45,15,Debit Card,Delivered
TXN005831,CUST2309,Home & Kitchen,Cookware Set,Bengaluru,1,42509.0,15,Cash on Delivery,Cancelled
TXN005832,CUST2612,Books,Machine Learning Basics,Delhi,4,9746.79,20,UPI,Pending
TXN005833,CUST0077,Electronics,Smartphone,Delhi,10,20944.23,20,Debit Card,Delivered
TXN005834,CUST2948,Home & Kitchen,Vacuum Cleaner,Coimbatore,4,27919.5,25,Debit Card,Shipped
TXN005835,CUST2982,Home & Kitchen,Vacuum Cleaner,Coimbatore,5,6388.13,0,Credit Card,Delivered
TXN005836,CUST2711,Clothing,Shoes,Delhi,6,29436.71,15,Debit Card,Delivered
TXN005837,CUST1162,Sports,Dumbbells,Mumbai,4,14616.98,5,UPI,Shipped
TXN005838,CUST0352,Electronics,Headphones,Coimbatore,6,11553.91,10,UPI,Cancelled
TXN005839,CUST0888,Clothing,Jeans,Hyderabad,10,7181.35,20,Credit Card,Delivered
TXN005840,CUST1840,Books,Machine Learning Basics,Hyderabad,7,17559.11,5,Credit Card,Cancelled
TXN005841,CUST2485,Sports,Yoga Mat,Mumbai,3,46456.22,20,UPI,Delivered
TXN005842,CUST1931,Electronics,Smartphone,Delhi,9,1647.19,25,Credit Card,Delivered
TXN005843,CUST1973,Home & Kitchen,Cookware Set,Coimbatore,8,42622.59,0,Debit Card,Delivered
TXN005844,CUST0699,Electronics,Laptop,Bengaluru,1,19928.31,10,UPI,Delivered
TXN005845,CUST0899,Home & Kitchen,Cookware Set,Delhi,2,28123.92,20,Credit Card,Delivered
TXN005846,CUST1683,Sports,Dumbbells,Coimbatore,2,25689.33,10,UPI,Delivered
TXN005847,CUST2462,Home & Kitchen,Mixer,Mumbai,10,46294.44,10,Debit Card,Shipped
TXN005848,CUST0585,Books,Novel,Hyderabad,9,38529.45,25,Credit Card,Delivered
TXN005849,CUST2387,Home & Kitchen,Cookware Set,Kochi,9,49242.69,5,UPI,Delivered
TXN005850,CUST0745,Books,Novel,Mumbai,9,39742.05,20,Debit Card,Cancelled
TXN005851,CUST2553,Sports,Yoga Mat,Kochi,1,14864.84,10,Credit Card,Pending
TXN005852,CUST2702,Sports,Football,Coimbatore,7,48147.9,25,UPI,Delivered
TXN005853,CUST2093,Electronics,Smartphone,Mumbai,3,49179.93,15,Debit Card,Shipped
TXN005854,CUST1084,Books,Data Science Guide,Coimbatore,9,6242.38,10,Debit Card,Delivered
TXN005855,CUST0687,Books,Novel,Coimbatore,8,45062.1,10,Debit Card,Delivered
TXN005856,CUST2967,Clothing,T-Shirt,Kochi,3,33243.69,20,Cash on Delivery,Delivered
TXN005857,CUST2809,Clothing,T-Shirt,Mumbai,1,46107.49,15,Debit Card,Delivered
TXN005858,CUST1404,Clothing,Jeans,Chennai,9,45795.38,10,Debit Card,Cancelled
TXN005859,CUST1858,Home & Kitchen,Table Lamp,Bengaluru,10,44579.51,20,Credit Card,Delivered
TXN005860,CUST2444,Clothing,Shoes,Delhi,1,44275.25,20,Cash on Delivery,Shipped
TXN005861,CUST2420,Books,Novel,Hyderabad,3,5970.55,25,Debit Card,Delivered
TXN005862,CUST0282,Home & Kitchen,Table Lamp,Bengaluru,6,7261.43,10,Credit Card,Delivered
TXN005863,CUST0942,Sports,Football,Delhi,6,5977.19,0,Credit Card,Delivered
TXN005864,CUST1550,Electronics,Smartphone,Delhi,10,4642.35,0,UPI,Cancelled
TXN005865,CUST1579,Clothing,Jacket,Hyderabad,4,17728.94,5,UPI,Delivered
TXN005866,CUST0542,Sports,Dumbbells,Bengaluru,2,34229.52,0,Cash on Delivery,Delivered
TXN005867,CUST0445,Books,Data Science Guide,Hyderabad,10,17799.16,0,Credit Card,Delivered
TXN005868,CUST0068,Electronics,Smartwatch,Coimbatore,6,36042.99,20,Debit Card,Delivered
TXN005869,CUST0829,Sports,Cricket Bat,Hyderabad,10,41032.13,20,Debit Card,Delivered
TXN005870,CUST2142,Electronics,Smartwatch,Kochi,5,33344.12,25,Credit Card,Delivered
TXN005871,CUST2066,Clothing,Jacket,Kochi,6,23308.73,10,Cash on Delivery,Delivered
TXN005872,CUST2804,Books,Machine Learning Basics,Mumbai,7,14846.32,10,Debit Card,Pending
TXN005873,CUST1720,Electronics,Smartphone,Chennai,9,6307.73,20,Cash on Delivery,Delivered
TXN005874,CUST0613,Sports,Yoga Mat,Chennai,7,24733.23,10,Credit Card,Delivered
TXN005875,CUST2481,Clothing,T-Shirt,Chennai,4,36007.99,20,Cash on Delivery,Delivered
TXN005876,CUST0395,Clothing,Jeans,Bengaluru,10,27457.34,0,UPI,Delivered
TXN005877,CUST0727,Sports,Football,Kochi,5,36101.95,10,Cash on Delivery,Delivered
TXN005878,CUST1950,Sports,Yoga Mat,Bengaluru,6,16827.46,0,Cash on Delivery,Delivered
TXN005879,CUST2519,Electronics,Smartwatch,Coimbatore,9,3433.12,5,Debit Card,Delivered
TXN005880,CUST2457,Home & Kitchen,Cookware Set,Pune,5,38577.79,25,Cash on Delivery,Delivered
TXN005881,CUST0160,Clothing,T-Shirt,Chennai,5,11064.23,25,Debit Card,Pending
TXN005882,CUST2177,Electronics,Laptop,Coimbatore,7,30852.62,10,Debit Card,Delivered
TXN005883,CUST2062,Sports,Yoga Mat,Kochi,2,40234.21,20,UPI,Delivered
TXN005884,CUST0482,Electronics,Headphones,Pune,3,7041.59,25,Debit Card,Delivered
TXN005885,CUST0382,Sports,Cricket Bat,Chennai,2,29964.89,20,Credit Card,Pending
TXN005886,CUST1976,Books,Machine Learning Basics,Bengaluru,10,34499.78,25,Debit Card,Delivered
TXN005887,CUST2701,Sports,Dumbbells,Pune,10,37351.89,5,Credit Card,Delivered
TXN005888,CUST0534,Sports,Cricket Bat,Mumbai,2,7468.56,20,Debit Card,Cancelled
TXN005889,CUST2472,Sports,Dumbbells,Mumbai,3,41273.3,0,Credit Card,Delivered
TXN005890,CUST2209,Home & Kitchen,Cookware Set,Mumbai,6,4798.01,20,UPI,Pending
TXN005891,CUST0005,Sports,Yoga Mat,Hyderabad,5,26027.22,5,Cash on Delivery,Cancelled
TXN005892,CUST2780,Clothing,Jacket,Mumbai,5,22226.29,15,Debit Card,Shipped
TXN005893,CUST2660,Clothing,Jeans,Delhi,2,11166.13,15,UPI,Delivered
TXN005894,CUST1768,Electronics,Headphones,Chennai,2,15166.34,0,UPI,Delivered
TXN005895,CUST2139,Home & Kitchen,Mixer,Mumbai,1,8305.35,15,Debit Card,Delivered
TXN005896,CUST1724,Electronics,Smartwatch,Pune,3,21343.74,20,Debit Card,Delivered
TXN005897,CUST1518,Clothing,Jacket,Kochi,7,1872.0,5,Credit Card,Delivered
TXN005898,CUST0178,Clothing,Jeans,Delhi,5,44456.87,25,Debit Card,Delivered
TXN005899,CUST2858,Books,Python Programming,Delhi,7,8258.02,0,Debit Card,Delivered
TXN005900,CUST2171,Sports,Football,Delhi,9,44312.29,15,Credit Card,Delivered
TXN005901,CUST1758,Clothing,Jacket,Coimbatore,6,43192.51,20,Credit Card,Delivered
TXN005902,CUST0940,Electronics,Headphones,Pune,2,22638.69,25,Debit Card,Pending
TXN005903,CUST1975,Electronics,Smartwatch,Coimbatore,1,24936.51,25,Debit Card,Cancelled
TXN005904,CUST1562,Sports,Dumbbells,Delhi,1,15165.49,20,Debit Card,Delivered
TXN005905,CUST1436,Sports,Yoga Mat,Hyderabad,10,49844.04,10,Cash on Delivery,Delivered
TXN005906,CUST2413,Books,Python Programming,Mumbai,9,33571.53,10,Cash on Delivery,Shipped
TXN005907,CUST2854,Home & Kitchen,Vacuum Cleaner,Kochi,6,47595.23,5,UPI,Delivered
TXN005908,CUST2360,Electronics,Smartwatch,Chennai,6,20798.36,0,UPI,Delivered
TXN005909,CUST0401,Sports,Cricket Bat,Pune,4,44162.53,15,Debit Card,Delivered
TXN005910,CUST1743,Electronics,Headphones,Hyderabad,2,22466.91,15,Credit Card,Delivered
TXN005911,CUST0549,Sports,Cricket Bat,Bengaluru,10,43354.76,20,Debit Card,Delivered
TXN005912,CUST1043,Clothing,Jeans,Coimbatore,3,6633.24,15,Debit Card,Shipped
TXN005913,CUST1955,Electronics,Smartphone,Mumbai,3,31879.04,5,UPI,Delivered
TXN005914,CUST0953,Clothing,T-Shirt,Mumbai,8,33967.31,10,Debit Card,Shipped
TXN005915,CUST0344,Electronics,Headphones,Bengaluru,6,32842.92,20,Debit Card,Delivered
TXN005916,CUST1161,Home & Kitchen,Table Lamp,Bengaluru,7,22406.68,0,UPI,Cancelled
TXN005917,CUST2451,Books,Data Science Guide,Pune,9,34227.41,20,UPI,Delivered
TXN005918,CUST2228,Clothing,Shoes,Mumbai,1,12049.21,15,Credit Card,Delivered
TXN005919,CUST1674,Sports,Dumbbells,Bengaluru,2,29832.84,5,Credit Card,Delivered
TXN005920,CUST1056,Home & Kitchen,Table Lamp,Mumbai,9,27756.32,0,Credit Card,Cancelled
TXN005921,CUST0775,Electronics,Smartphone,Hyderabad,5,15985.14,20,Cash on Delivery,Pending
TXN005922,CUST0023,Clothing,Jacket,Pune,4,38965.3,15,Cash on Delivery,Delivered
TXN005923,CUST2905,Electronics,Smartwatch,Kochi,1,4135.52,20,Debit Card,Delivered
TXN005924,CUST0030,Electronics,Headphones,Bengaluru,9,8654.84,0,Credit Card,Cancelled
TXN005925,CUST2368,Electronics,Headphones,Hyderabad,9,23610.39,15,UPI,Shipped
TXN005926,CUST2141,Books,Novel,Hyderabad,4,44597.66,10,Credit Card,Delivered
TXN005927,CUST0483,Books,Novel,Bengaluru,9,28800.46,25,Debit Card,Delivered
TXN005928,CUST2129,Sports,Yoga Mat,Pune,10,42119.14,0,Cash on Delivery,Delivered
TXN005929,CUST0030,Clothing,Jeans,Mumbai,1,25926.73,10,Cash on Delivery,Delivered
TXN005930,CUST1537,Home & Kitchen,Vacuum Cleaner,Kochi,5,39294.25,10,Debit Card,Delivered
TXN005931,CUST2682,Home & Kitchen,Vacuum Cleaner,Delhi,1,16357.29,15,Credit Card,Delivered
TXN005932,CUST0842,Home & Kitchen,Cookware Set,Mumbai,4,40775.6,20,Debit Card,Delivered
TXN005933,CUST2818,Electronics,Smartwatch,Chennai,5,20144.13,20,Debit Card,Delivered
TXN005934,CUST1294,Books,Machine Learning Basics,Bengaluru,3,27985.67,5,Cash on Delivery,Shipped
TXN005935,CUST1675,Clothing,Jacket,Coimbatore,2,8876.49,0,Cash on Delivery,Cancelled
TXN005936,CUST1484,Electronics,Smartphone,Pune,6,46029.61,0,Cash on Delivery,Delivered
TXN005937,CUST0437,Books,Novel,Bengaluru,3,35102.81,15,Debit Card,Delivered
TXN005938,CUST0634,Books,Python Programming,Chennai,10,42956.86,15,Credit Card,Delivered
TXN005939,CUST1746,Clothing,Jacket,Hyderabad,1,10472.36,5,Debit Card,Cancelled
TXN005940,CUST2669,Clothing,T-Shirt,Coimbatore,5,3477.45,5,Credit Card,Delivered
TXN005941,CUST2398,Clothing,T-Shirt,Coimbatore,2,16926.74,10,Credit Card,Delivered
TXN005942,CUST1039,Electronics,Laptop,Mumbai,2,25882.6,25,Debit Card,Delivered
TXN005943,CUST1071,Sports,Cricket Bat,Delhi,4,40138.26,5,Credit Card,Delivered
TXN005944,CUST2196,Clothing,Jeans,Mumbai,4,19946.55,20,Credit Card,Delivered
TXN005945,CUST1735,Sports,Cricket Bat,Pune,4,13570.92,10,Debit Card,Delivered
TXN005946,CUST2313,Electronics,Laptop,Coimbatore,7,18690.0,25,Cash on Delivery,Delivered
TXN005947,CUST1498,Sports,Yoga Mat,Kochi,1,35210.01,5,Debit Card,Delivered
TXN005948,CUST2507,Home & Kitchen,Mixer,Kochi,8,16877.28,25,Cash on Delivery,Delivered
TXN005949,CUST1129,Sports,Football,Coimbatore,10,48960.36,20,Credit Card,Delivered
TXN005950,CUST2788,Clothing,Jeans,Kochi,9,8831.46,20,Cash on Delivery,Delivered
TXN005951,CUST1628,Electronics,Smartphone,Kochi,10,37679.5,10,Cash on Delivery,Delivered
TXN005952,CUST0835,Clothing,T-Shirt,Delhi,6,29499.26,10,UPI,Delivered
TXN005953,CUST1693,Home & Kitchen,Mixer,Pune,4,11731.47,20,UPI,Delivered
TXN005954,CUST2262,Clothing,T-Shirt,Bengaluru,6,37705.32,15,Cash on Delivery,Cancelled
TXN005955,CUST2284,Clothing,Jacket,Delhi,10,22432.26,10,UPI,Delivered
TXN005956,CUST1977,Clothing,T-Shirt,Hyderabad,7,34151.67,0,Cash on Delivery,Delivered
TXN005957,CUST0733,Books,Data Science Guide,Mumbai,6,33146.64,15,UPI,Shipped
TXN005958,CUST1517,Home & Kitchen,Table Lamp,Kochi,1,5621.11,0,Credit Card,Delivered
TXN005959,CUST2291,Clothing,Jacket,Bengaluru,5,42015.15,25,Debit Card,Shipped
TXN005960,CUST2273,Clothing,T-Shirt,Mumbai,8,34105.6,25,UPI,Delivered
TXN005961,CUST1982,Clothing,T-Shirt,Kochi,8,39051.28,25,Debit Card,Delivered
TXN005962,CUST1040,Electronics,Smartphone,Delhi,10,22443.52,5,UPI,Delivered
TXN005963,CUST1257,Books,Data Science Guide,Bengaluru,9,9833.58,10,Cash on Delivery,Cancelled
TXN005964,CUST2367,Electronics,Laptop,Delhi,4,16378.05,10,UPI,Delivered
TXN005965,CUST1411,Books,Python Programming,Hyderabad,10,45083.31,20,UPI,Delivered
TXN005966,CUST2890,Clothing,Jeans,Chennai,6,46907.13,10,Debit Card,Pending
TXN005967,CUST1631,Home & Kitchen,Mixer,Coimbatore,7,24145.13,25,Debit Card,Pending
TXN005968,CUST0566,Sports,Cricket Bat,Pune,5,15009.9,0,UPI,Shipped
TXN005969,CUST2701,Sports,Cricket Bat,Bengaluru,8,36542.53,15,Debit Card,Shipped
TXN005970,CUST0488,Clothing,Shoes,Coimbatore,3,38323.05,5,UPI,Delivered
TXN005971,CUST0942,Electronics,Laptop,Chennai,8,40791.77,15,Cash on Delivery,Delivered
TXN005972,CUST1830,Home & Kitchen,Cookware Set,Bengaluru,5,1651.08,0,Cash on Delivery,Delivered
TXN005973,CUST2865,Books,Python Programming,Coimbatore,1,585.72,5,Credit Card,Delivered
TXN005974,CUST0663,Clothing,T-Shirt,Coimbatore,6,17922.07,20,Debit Card,Delivered
TXN005975,CUST0411,Home & Kitchen,Table Lamp,Bengaluru,2,7709.58,10,UPI,Delivered
TXN005976,CUST0879,Home & Kitchen,Vacuum Cleaner,Coimbatore,7,40268.59,10,Cash on Delivery,Delivered
TXN005977,CUST2083,Books,Data Science Guide,Coimbatore,9,26688.91,20,Credit Card,Delivered
TXN005978,CUST1641,Home & Kitchen,Table Lamp,Bengaluru,3,41284.87,0,Credit Card,Shipped
TXN005979,CUST1387,Electronics,Laptop,Pune,10,8927.96,20,UPI,Shipped
TXN005980,CUST2256,Electronics,Smartwatch,Coimbatore,4,31398.41,25,Credit Card,Delivered
TXN005981,CUST2516,Electronics,Laptop,Coimbatore,4,29050.59,0,Credit Card,Delivered
TXN005982,CUST2856,Home & Kitchen,Table Lamp,Pune,4,17084.88,5,UPI,Cancelled
TXN005983,CUST2804,Electronics,Headphones,Mumbai,3,25902.36,15,Credit Card,Delivered
TXN005984,CUST2896,Books,Python Programming,Hyderabad,5,29492.47,15,Credit Card,Delivered
TXN005985,CUST0214,Home & Kitchen,Table Lamp,Mumbai,9,44485.44,20,UPI,Shipped
TXN005986,CUST0659,Sports,Football,Kochi,8,2876.36,10,UPI,Delivered
TXN005987,CUST1594,Home & Kitchen,Mixer,Chennai,10,41186.36,20,Cash on Delivery,Shipped
TXN005988,CUST2605,Books,Python Programming,Mumbai,2,49009.8,10,Credit Card,Delivered
TXN005989,CUST0022,Sports,Football,Mumbai,9,36615.58,20,Cash on Delivery,Shipped
TXN005990,CUST0374,Home & Kitchen,Cookware Set,Chennai,10,36893.61,20,Cash on Delivery,Delivered
TXN005991,CUST0596,Electronics,Headphones,Coimbatore,2,10976.92,15,Debit Card,Delivered
TXN005992,CUST1932,Clothing,Jeans,Coimbatore,7,26201.36,25,UPI,Delivered
TXN005993,CUST2459,Clothing,Jeans,Mumbai,5,35326.42,10,Debit Card,Delivered
TXN005994,CUST1784,Electronics,Smartphone,Chennai,7,30153.82,25,UPI,Delivered
TXN005995,CUST0362,Clothing,T-Shirt,Coimbatore,5,19318.07,25,Debit Card,Delivered
TXN005996,CUST0263,Clothing,Jeans,Delhi,6,47011.91,25,UPI,Delivered
TXN005997,CUST1078,Electronics,Laptop,Bengaluru,8,25747.94,15,Credit Card,Shipped
TXN005998,CUST0909,Electronics,Headphones,Bengaluru,1,48496.81,25,Credit Card,Delivered
TXN005999,CUST1519,Home & Kitchen,Cookware Set,Hyderabad,1,28237.4,10,Cash on Delivery,Delivered
TXN006000,CUST0328,Home & Kitchen,Cookware Set,Bengaluru,5,39689.83,5,Debit Card,Cancelled
TXN006001,CUST2495,Electronics,Smartwatch,Mumbai,1,37126.95,25,Cash on Delivery,Delivered
TXN006002,CUST0155,Books,Machine Learning Basics,Bengaluru,3,33075.11,25,Debit Card,Delivered
TXN006003,CUST2968,Clothing,Shoes,Bengaluru,10,821.6,5,UPI,Delivered
TXN006004,CUST1575,Home & Kitchen,Vacuum Cleaner,Delhi,9,3963.71,25,UPI,Delivered
TXN006005,CUST1642,Clothing,Jeans,Coimbatore,7,29116.07,5,Debit Card,Delivered
TXN006006,CUST2515,Sports,Dumbbells,Delhi,6,45597.89,0,Debit Card,Delivered
TXN006007,CUST2688,Electronics,Headphones,Mumbai,8,30096.97,15,Credit Card,Shipped
TXN006008,CUST2135,Books,Machine Learning Basics,Bengaluru,8,11876.2,15,Debit Card,Pending
TXN006009,CUST1174,Sports,Football,Pune,6,16078.9,5,Credit Card,Pending
TXN006010,CUST2915,Sports,Cricket Bat,Coimbatore,4,31195.68,20,Debit Card,Cancelled
TXN006011,CUST2448,Sports,Yoga Mat,Hyderabad,4,29893.02,15,Credit Card,Delivered
TXN006012,CUST0236,Electronics,Headphones,Hyderabad,4,47789.58,10,Cash on Delivery,Delivered
TXN006013,CUST0718,Home & Kitchen,Cookware Set,Kochi,6,26501.32,15,Credit Card,Cancelled
TXN006014,CUST2623,Electronics,Smartphone,Kochi,1,17815.24,15,Cash on Delivery,Delivered
TXN006015,CUST2025,Home & Kitchen,Mixer,Bengaluru,2,26297.14,10,Credit Card,Pending
TXN006016,CUST1799,Sports,Cricket Bat,Bengaluru,6,39333.08,5,UPI,Shipped
TXN006017,CUST0044,Sports,Dumbbells,Hyderabad,1,27064.15,5,Credit Card,Delivered
TXN006018,CUST0827,Books,Machine Learning Basics,Hyderabad,9,16370.02,10,Debit Card,Delivered
TXN006019,CUST2691,Home & Kitchen,Mixer,Pune,6,16997.19,15,Cash on Delivery,Delivered
TXN006020,CUST2123,Sports,Dumbbells,Mumbai,7,37864.91,25,Debit Card,Delivered
TXN006021,CUST1172,Clothing,T-Shirt,Bengaluru,1,3415.77,15,Debit Card,Delivered
TXN006022,CUST0798,Books,Novel,Hyderabad,8,13810.29,5,UPI,Pending
TXN006023,CUST0138,Electronics,Smartphone,Pune,5,7736.58,25,Credit Card,Delivered
TXN006024,CUST2456,Books,Python Programming,Chennai,5,47239.31,0,UPI,Delivered
TXN006025,CUST2092,Clothing,Jacket,Hyderabad,6,4595.7,5,Credit Card,Pending
TXN006026,CUST2113,Home & Kitchen,Vacuum Cleaner,Coimbatore,7,37933.36,10,Debit Card,Delivered
TXN006027,CUST2861,Electronics,Smartphone,Coimbatore,7,31558.24,25,Credit Card,Pending
TXN006028,CUST0949,Electronics,Headphones,Chennai,5,31676.94,0,UPI,Shipped
TXN006029,CUST2520,Home & Kitchen,Vacuum Cleaner,Kochi,1,38195.31,0,Cash on Delivery,Delivered
TXN006030,CUST0695,Books,Novel,Mumbai,9,20084.35,10,UPI,Delivered
TXN006031,CUST2761,Sports,Yoga Mat,Kochi,6,20097.09,25,UPI,Delivered
TXN006032,CUST0148,Books,Novel,Bengaluru,9,14506.42,20,UPI,Shipped
TXN006033,CUST1474,Clothing,Jacket,Kochi,4,29927.73,5,Cash on Delivery,Cancelled
TXN006034,CUST0980,Sports,Dumbbells,Bengaluru,2,46497.28,15,Debit Card,Delivered
TXN006035,CUST2683,Books,Machine Learning Basics,Hyderabad,3,46206.76,25,UPI,Delivered
TXN006036,CUST0002,Home & Kitchen,Table Lamp,Coimbatore,4,35177.74,5,UPI,Pending
TXN006037,CUST0645,Clothing,Jacket,Mumbai,10,45318.67,10,UPI,Delivered
TXN006038,CUST0356,Clothing,Jeans,Mumbai,8,48179.59,15,Cash on Delivery,Delivered
TXN006039,CUST1131,Clothing,Jeans,Mumbai,3,39775.74,20,Cash on Delivery,Delivered
TXN006040,CUST1637,Sports,Football,Hyderabad,8,20450.88,10,Cash on Delivery,Delivered
TXN006041,CUST1447,Electronics,Smartphone,Bengaluru,6,24212.93,5,Debit Card,Delivered
TXN006042,CUST2743,Sports,Yoga Mat,Mumbai,4,46569.72,0,Credit Card,Delivered
TXN006043,CUST1619,Books,Novel,Hyderabad,7,33533.4,10,Debit Card,Pending
TXN006044,CUST1661,Electronics,Smartwatch,Hyderabad,5,41052.63,10,Debit Card,Delivered
TXN006045,CUST2401,Books,Novel,Chennai,5,5894.09,5,Debit Card,Delivered
TXN006046,CUST0821,Electronics,Headphones,Delhi,9,9775.68,20,Credit Card,Delivered
TXN006047,CUST2121,Sports,Dumbbells,Kochi,3,17271.01,5,UPI,Delivered
TXN006048,CUST0063,Clothing,Shoes,Mumbai,10,9493.21,5,Cash on Delivery,Delivered
TXN006049,CUST2883,Home & Kitchen,Table Lamp,Delhi,4,45332.61,20,Debit Card,Delivered
TXN006050,CUST0282,Clothing,Shoes,Bengaluru,5,10922.84,20,Cash on Delivery,Shipped
TXN006051,CUST0370,Sports,Football,Hyderabad,1,27903.47,10,Cash on Delivery,Shipped
TXN006052,CUST2252,Electronics,Laptop,Pune,7,4364.15,0,Cash on Delivery,Cancelled
TXN006053,CUST1166,Clothing,Shoes,Kochi,8,7832.6,5,UPI,Delivered
TXN006054,CUST2975,Sports,Dumbbells,Kochi,6,12446.02,0,Cash on Delivery,Pending
TXN006055,CUST2291,Books,Python Programming,Mumbai,9,49146.38,20,Cash on Delivery,Delivered
TXN006056,CUST2388,Home & Kitchen,Cookware Set,Pune,3,39873.48,20,UPI,Delivered
TXN006057,CUST1426,Clothing,Jacket,Coimbatore,2,33710.4,5,Cash on Delivery,Cancelled
TXN006058,CUST1424,Electronics,Smartwatch,Bengaluru,5,45821.47,10,Credit Card,Delivered
TXN006059,CUST1133,Books,Data Science Guide,Chennai,9,47814.81,5,Credit Card,Delivered
TXN006060,CUST0927,Sports,Dumbbells,Chennai,1,22733.29,10,Debit Card,Pending
TXN006061,CUST2484,Home & Kitchen,Vacuum Cleaner,Delhi,1,16451.7,15,Credit Card,Delivered
TXN006062,CUST0797,Electronics,Smartphone,Hyderabad,10,15834.23,10,Credit Card,Delivered
TXN006063,CUST1863,Sports,Dumbbells,Delhi,3,1882.88,5,Credit Card,Pending
TXN006064,CUST1655,Sports,Football,Coimbatore,10,14053.94,5,UPI,Delivered
TXN006065,CUST2355,Clothing,Jeans,Coimbatore,3,17816.79,10,Credit Card,Delivered
TXN006066,CUST0020,Clothing,Jeans,Kochi,5,1941.25,0,Cash on Delivery,Delivered
TXN006067,CUST1070,Electronics,Laptop,Chennai,4,44141.98,10,Debit Card,Delivered
TXN006068,CUST0717,Sports,Cricket Bat,Pune,6,42408.05,15,Cash on Delivery,Shipped
TXN006069,CUST1668,Clothing,T-Shirt,Mumbai,8,12649.9,15,Cash on Delivery,Delivered
TXN006070,CUST2074,Home & Kitchen,Table Lamp,Chennai,8,40147.69,0,Credit Card,Delivered
TXN006071,CUST0437,Home & Kitchen,Table Lamp,Chennai,4,39830.97,15,Debit Card,Delivered
TXN006072,CUST2289,Sports,Football,Pune,1,16817.14,5,Cash on Delivery,Delivered
TXN006073,CUST0297,Clothing,Jacket,Kochi,7,34883.7,0,Debit Card,Delivered
TXN006074,CUST2061,Electronics,Headphones,Kochi,6,14563.91,0,Credit Card,Delivered
TXN006075,CUST1206,Electronics,Laptop,Pune,5,3606.78,0,Cash on Delivery,Delivered
TXN006076,CUST1393,Electronics,Smartphone,Coimbatore,4,25289.41,25,UPI,Delivered
TXN006077,CUST0480,Home & Kitchen,Table Lamp,Pune,6,21972.52,10,Cash on Delivery,Shipped
TXN006078,CUST2103,Clothing,Shoes,Delhi,8,6993.83,10,Cash on Delivery,Pending
TXN006079,CUST1056,Clothing,Jeans,Coimbatore,6,24578.61,0,Debit Card,Delivered
TXN006080,CUST2204,Home & Kitchen,Vacuum Cleaner,Pune,3,47473.85,15,Debit Card,Delivered
TXN006081,CUST2355,Electronics,Headphones,Hyderabad,9,36596.52,25,Debit Card,Shipped
TXN006082,CUST1025,Electronics,Laptop,Coimbatore,3,36969.73,25,Credit Card,Delivered
TXN006083,CUST2844,Sports,Football,Coimbatore,4,37901.78,5,Debit Card,Delivered
TXN006084,CUST1814,Books,Novel,Chennai,5,37257.23,5,Credit Card,Delivered
TXN006085,CUST1545,Clothing,Shoes,Mumbai,2,1093.08,10,Debit Card,Shipped
TXN006086,CUST2307,Clothing,Shoes,Chennai,10,46242.08,20,UPI,Delivered
TXN006087,CUST1981,Clothing,Shoes,Bengaluru,10,41523.87,0,Debit Card,Delivered
TXN006088,CUST0997,Books,Data Science Guide,Coimbatore,2,13801.51,20,Credit Card,Pending
TXN006089,CUST1392,Sports,Dumbbells,Pune,6,27681.9,5,Credit Card,Shipped
TXN006090,CUST1880,Books,Python Programming,Pune,2,30788.8,10,Cash on Delivery,Delivered
TXN006091,CUST2792,Electronics,Headphones,Pune,10,6684.06,10,Debit Card,Delivered
TXN006092,CUST1888,Electronics,Smartphone,Coimbatore,1,12772.77,10,Credit Card,Shipped
TXN006093,CUST2404,Clothing,T-Shirt,Pune,8,1260.2,10,Cash on Delivery,Delivered
TXN006094,CUST0113,Home & Kitchen,Vacuum Cleaner,Bengaluru,10,43211.19,10,UPI,Cancelled
TXN006095,CUST1975,Clothing,Shoes,Coimbatore,10,1342.76,0,Credit Card,Delivered
TXN006096,CUST0477,Home & Kitchen,Vacuum Cleaner,Pune,1,16002.92,25,Debit Card,Cancelled
TXN006097,CUST1057,Books,Data Science Guide,Coimbatore,10,4004.5,20,UPI,Delivered
TXN006098,CUST0277,Electronics,Laptop,Hyderabad,6,39092.16,25,Credit Card,Delivered
TXN006099,CUST1568,Home & Kitchen,Table Lamp,Coimbatore,1,46256.64,5,Debit Card,Delivered
TXN006100,CUST2596,Books,Data Science Guide,Bengaluru,8,28184.5,5,Credit Card,Delivered
TXN006101,CUST0903,Electronics,Smartwatch,Chennai,5,7064.38,25,Debit Card,Delivered
TXN006102,CUST2773,Home & Kitchen,Table Lamp,Coimbatore,3,27952.23,10,Cash on Delivery,Pending
TXN006103,CUST2873,Clothing,T-Shirt,Mumbai,5,38540.03,10,Credit Card,Shipped
TXN006104,CUST0942,Clothing,Jacket,Bengaluru,1,35948.97,25,Credit Card,Delivered
TXN006105,CUST1294,Clothing,Jeans,Delhi,1,37111.78,10,UPI,Delivered
TXN006106,CUST1690,Books,Machine Learning Basics,Hyderabad,4,14030.77,25,Cash on Delivery,Shipped
TXN006107,CUST1447,Clothing,Jacket,Bengaluru,9,3779.5,15,UPI,Pending
TXN006108,CUST2116,Sports,Dumbbells,Chennai,9,7533.29,5,Credit Card,Delivered
TXN006109,CUST2195,Electronics,Smartphone,Pune,1,47779.77,10,Cash on Delivery,Delivered
TXN006110,CUST0040,Books,Data Science Guide,Pune,3,30714.35,20,Debit Card,Delivered
TXN006111,CUST2871,Clothing,Jacket,Bengaluru,4,36422.19,15,Cash on Delivery,Delivered
TXN006112,CUST1079,Electronics,Headphones,Delhi,2,44963.32,0,Cash on Delivery,Delivered
TXN006113,CUST1017,Home & Kitchen,Vacuum Cleaner,Pune,7,42652.45,15,Debit Card,Delivered
TXN006114,CUST1177,Clothing,Jeans,Hyderabad,3,10998.25,15,Credit Card,Delivered
TXN006115,CUST0381,Electronics,Headphones,Mumbai,1,2997.2,15,Credit Card,Delivered
TXN006116,CUST1635,Sports,Dumbbells,Delhi,1,46263.9,20,UPI,Cancelled
TXN006117,CUST2760,Home & Kitchen,Mixer,Kochi,3,49085.25,5,Credit Card,Shipped
TXN006118,CUST1401,Sports,Cricket Bat,Kochi,6,28410.48,10,Credit Card,Pending
TXN006119,CUST0312,Electronics,Smartwatch,Bengaluru,4,44431.26,20,Debit Card,Delivered
TXN006120,CUST2272,Sports,Yoga Mat,Delhi,1,11667.62,20,UPI,Delivered
TXN006121,CUST0732,Electronics,Smartwatch,Pune,7,5640.83,25,Cash on Delivery,Pending
TXN006122,CUST1952,Electronics,Laptop,Pune,2,25040.87,10,UPI,Delivered
TXN006123,CUST1286,Sports,Football,Bengaluru,5,40578.05,25,Credit Card,Pending
TXN006124,CUST1449,Electronics,Headphones,Pune,8,32767.22,25,UPI,Delivered
TXN006125,CUST0896,Clothing,Jeans,Pune,7,31902.28,15,Cash on Delivery,Pending
TXN006126,CUST2350,Electronics,Headphones,Mumbai,8,971.2,25,Debit Card,Delivered
TXN006127,CUST1103,Books,Novel,Mumbai,10,15942.9,0,Credit Card,Delivered
TXN006128,CUST0749,Electronics,Headphones,Chennai,6,46980.84,15,Credit Card,Delivered
TXN006129,CUST2799,Books,Machine Learning Basics,Mumbai,7,6800.25,15,Cash on Delivery,Delivered
TXN006130,CUST0779,Electronics,Headphones,Coimbatore,9,36345.66,25,Debit Card,Delivered
TXN006131,CUST2044,Electronics,Laptop,Delhi,6,37989.63,25,UPI,Delivered
TXN006132,CUST0818,Sports,Football,Delhi,9,36668.38,5,Cash on Delivery,Cancelled
TXN006133,CUST0962,Clothing,Jacket,Bengaluru,2,49465.32,15,UPI,Delivered
TXN006134,CUST0992,Clothing,Jeans,Mumbai,2,20519.49,0,Debit Card,Shipped
TXN006135,CUST1088,Home & Kitchen,Cookware Set,Chennai,2,34141.45,20,Debit Card,Shipped
TXN006136,CUST0847,Sports,Football,Pune,6,9763.39,25,Debit Card,Delivered
TXN006137,CUST0939,Sports,Dumbbells,Chennai,2,20045.52,15,Debit Card,Delivered
TXN006138,CUST0831,Clothing,Shoes,Chennai,3,24628.87,20,UPI,Delivered
TXN006139,CUST1023,Sports,Cricket Bat,Hyderabad,8,10819.89,25,Cash on Delivery,Delivered
TXN006140,CUST2534,Clothing,Jacket,Pune,8,45349.86,5,Cash on Delivery,Cancelled
TXN006141,CUST1459,Sports,Cricket Bat,Coimbatore,4,35838.27,25,UPI,Delivered
TXN006142,CUST0639,Electronics,Smartwatch,Mumbai,9,14259.51,0,Debit Card,Delivered
TXN006143,CUST0437,Clothing,Jeans,Pune,8,6834.33,10,Debit Card,Delivered
TXN006144,CUST0492,Clothing,Jacket,Chennai,1,14464.58,10,Credit Card,Delivered
TXN006145,CUST0322,Books,Python Programming,Pune,8,31186.97,25,Credit Card,Delivered
TXN006146,CUST2769,Sports,Dumbbells,Coimbatore,1,41337.79,5,UPI,Shipped
TXN006147,CUST2718,Sports,Dumbbells,Delhi,4,25208.1,0,Cash on Delivery,Delivered
TXN006148,CUST2018,Clothing,Jacket,Bengaluru,10,5214.48,25,Credit Card,Pending
TXN006149,CUST2515,Electronics,Smartphone,Mumbai,6,12540.81,20,Credit Card,Delivered
TXN006150,CUST0028,Electronics,Smartwatch,Mumbai,7,17322.68,5,Cash on Delivery,Delivered
TXN006151,CUST2218,Electronics,Smartwatch,Hyderabad,10,31843.2,15,Credit Card,Delivered
TXN006152,CUST0174,Sports,Football,Delhi,4,12407.5,20,Cash on Delivery,Shipped
TXN006153,CUST1976,Books,Machine Learning Basics,Mumbai,8,11773.03,25,UPI,Delivered
TXN006154,CUST1521,Clothing,Jeans,Hyderabad,8,14381.47,15,Credit Card,Delivered
TXN006155,CUST2543,Home & Kitchen,Vacuum Cleaner,Hyderabad,9,29667.2,15,Debit Card,Pending
TXN006156,CUST1292,Books,Python Programming,Hyderabad,6,24682.25,20,UPI,Delivered
TXN006157,CUST2017,Home & Kitchen,Table Lamp,Kochi,4,42097.63,15,Credit Card,Delivered
TXN006158,CUST2354,Books,Data Science Guide,Mumbai,2,34926.82,10,Cash on Delivery,Delivered
TXN006159,CUST1126,Electronics,Laptop,Mumbai,7,33374.41,20,UPI,Delivered
TXN006160,CUST2011,Sports,Cricket Bat,Mumbai,10,7817.04,5,Credit Card,Shipped
TXN006161,CUST0750,Home & Kitchen,Vacuum Cleaner,Coimbatore,3,2855.87,10,UPI,Delivered
TXN006162,CUST2094,Books,Machine Learning Basics,Hyderabad,3,25548.94,5,Debit Card,Delivered
TXN006163,CUST1148,Sports,Dumbbells,Coimbatore,3,3674.92,0,Credit Card,Delivered
TXN006164,CUST1630,Home & Kitchen,Cookware Set,Bengaluru,4,18264.49,5,Credit Card,Delivered
TXN006165,CUST0910,Clothing,Jacket,Mumbai,2,1403.01,20,Cash on Delivery,Shipped
TXN006166,CUST2363,Books,Machine Learning Basics,Kochi,5,8922.77,5,UPI,Delivered
TXN006167,CUST0526,Clothing,Shoes,Pune,3,5607.36,0,Debit Card,Delivered
TXN006168,CUST0222,Electronics,Headphones,Delhi,10,40069.15,15,Cash on Delivery,Cancelled
TXN006169,CUST2154,Clothing,Jeans,Kochi,5,17371.7,20,Credit Card,Delivered
TXN006170,CUST1734,Clothing,Jeans,Chennai,7,4034.44,25,Cash on Delivery,Delivered
TXN006171,CUST1960,Books,Python Programming,Bengaluru,9,13347.46,10,Cash on Delivery,Delivered
TXN006172,CUST2215,Electronics,Headphones,Pune,2,34172.12,10,Debit Card,Pending
TXN006173,CUST0134,Clothing,T-Shirt,Chennai,9,37307.2,5,Credit Card,Shipped
TXN006174,CUST2059,Sports,Football,Chennai,10,6081.27,10,Debit Card,Delivered
TXN006175,CUST1423,Home & Kitchen,Vacuum Cleaner,Mumbai,6,38950.47,0,Credit Card,Delivered
TXN006176,CUST1613,Clothing,Jeans,Delhi,6,18590.9,25,UPI,Delivered
TXN006177,CUST2812,Electronics,Smartwatch,Chennai,3,34001.2,10,UPI,Delivered
TXN006178,CUST0716,Clothing,Shoes,Hyderabad,10,33608.24,5,Debit Card,Delivered
TXN006179,CUST1873,Home & Kitchen,Mixer,Pune,9,39700.28,10,Cash on Delivery,Delivered
TXN006180,CUST0494,Electronics,Headphones,Kochi,4,34889.42,15,Credit Card,Delivered
TXN006181,CUST2861,Books,Machine Learning Basics,Kochi,5,2039.53,15,Credit Card,Pending
TXN006182,CUST2123,Electronics,Laptop,Chennai,3,26022.11,10,Debit Card,Delivered
TXN006183,CUST1885,Books,Data Science Guide,Bengaluru,5,8392.44,20,Cash on Delivery,Delivered
TXN006184,CUST1293,Electronics,Headphones,Delhi,8,48501.23,25,Cash on Delivery,Delivered
TXN006185,CUST2824,Home & Kitchen,Mixer,Delhi,8,12866.14,10,Credit Card,Delivered
TXN006186,CUST0035,Home & Kitchen,Mixer,Kochi,8,21063.36,15,UPI,Delivered
TXN006187,CUST0049,Electronics,Smartwatch,Chennai,6,9915.44,15,Credit Card,Cancelled
TXN006188,CUST2762,Clothing,T-Shirt,Delhi,1,6816.0,0,UPI,Delivered
TXN006189,CUST0864,Home & Kitchen,Vacuum Cleaner,Bengaluru,10,30086.39,5,Debit Card,Delivered
TXN006190,CUST1555,Books,Novel,Kochi,6,24709.66,0,Cash on Delivery,Delivered
TXN006191,CUST2380,Books,Data Science Guide,Pune,10,18795.52,20,Credit Card,Delivered
TXN006192,CUST0413,Sports,Dumbbells,Bengaluru,7,4362.41,5,Debit Card,Delivered
TXN006193,CUST1333,Books,Novel,Bengaluru,9,36824.37,10,Cash on Delivery,Shipped
TXN006194,CUST1482,Sports,Football,Hyderabad,8,392.23,10,UPI,Delivered
TXN006195,CUST2510,Electronics,Smartwatch,Mumbai,8,22937.31,20,Debit Card,Delivered
TXN006196,CUST1064,Electronics,Headphones,Chennai,7,31665.34,25,Debit Card,Delivered
TXN006197,CUST0767,Electronics,Smartphone,Pune,2,21592.47,15,Credit Card,Pending
TXN006198,CUST2247,Clothing,Jacket,Kochi,1,6397.83,25,Debit Card,Delivered
TXN006199,CUST1077,Clothing,Shoes,Delhi,2,38934.67,10,Debit Card,Delivered
TXN006200,CUST0972,Sports,Yoga Mat,Bengaluru,6,16264.8,0,Credit Card,Delivered
TXN006201,CUST1104,Books,Data Science Guide,Kochi,2,6824.3,15,Debit Card,Delivered
TXN006202,CUST1931,Books,Novel,Chennai,10,27558.26,10,UPI,Delivered
TXN006203,CUST2512,Electronics,Headphones,Pune,4,1056.66,15,Credit Card,Delivered
TXN006204,CUST1406,Home & Kitchen,Cookware Set,Pune,10,16270.78,25,UPI,Delivered
TXN006205,CUST1499,Clothing,Jeans,Chennai,3,37557.05,5,Credit Card,Delivered
TXN006206,CUST0754,Clothing,Jacket,Mumbai,6,45644.3,10,Cash on Delivery,Delivered
TXN006207,CUST2043,Electronics,Smartphone,Hyderabad,8,29627.2,10,Debit Card,Pending
TXN006208,CUST1737,Clothing,T-Shirt,Delhi,6,10958.82,15,Cash on Delivery,Shipped
TXN006209,CUST0863,Electronics,Smartphone,Hyderabad,2,11078.01,5,UPI,Shipped
TXN006210,CUST1717,Sports,Yoga Mat,Pune,5,30233.2,0,Cash on Delivery,Delivered
TXN006211,CUST2871,Books,Novel,Delhi,6,20397.41,5,UPI,Pending
TXN006212,CUST1525,Home & Kitchen,Vacuum Cleaner,Pune,9,8945.49,0,Cash on Delivery,Delivered
TXN006213,CUST1496,Books,Data Science Guide,Bengaluru,6,39391.11,20,UPI,Delivered
TXN006214,CUST1641,Books,Machine Learning Basics,Bengaluru,10,10092.13,25,Debit Card,Delivered
TXN006215,CUST1146,Sports,Dumbbells,Chennai,5,16149.88,5,Cash on Delivery,Delivered
TXN006216,CUST1847,Clothing,T-Shirt,Delhi,1,3165.33,0,UPI,Shipped
TXN006217,CUST0737,Home & Kitchen,Table Lamp,Delhi,10,35098.47,15,UPI,Delivered
TXN006218,CUST2341,Clothing,Jacket,Pune,5,13836.37,0,Cash on Delivery,Delivered
TXN006219,CUST0538,Books,Novel,Hyderabad,5,11720.06,20,Cash on Delivery,Pending
TXN006220,CUST2359,Electronics,Laptop,Bengaluru,6,15237.58,0,Cash on Delivery,Delivered
TXN006221,CUST2810,Books,Machine Learning Basics,Coimbatore,7,43719.11,25,Debit Card,Delivered
TXN006222,CUST0937,Clothing,T-Shirt,Chennai,4,25949.13,5,Debit Card,Delivered
TXN006223,CUST0410,Books,Machine Learning Basics,Kochi,7,7978.45,0,Debit Card,Delivered
TXN006224,CUST2953,Electronics,Headphones,Delhi,5,38746.6,5,Cash on Delivery,Shipped
TXN006225,CUST1106,Sports,Cricket Bat,Mumbai,6,10501.82,20,UPI,Delivered
TXN006226,CUST0966,Clothing,T-Shirt,Mumbai,4,20682.56,0,UPI,Delivered
TXN006227,CUST2275,Books,Data Science Guide,Coimbatore,8,28446.98,0,UPI,Delivered
TXN006228,CUST1771,Clothing,Shoes,Bengaluru,9,29263.7,20,Credit Card,Delivered
TXN006229,CUST1561,Sports,Cricket Bat,Bengaluru,2,3544.7,25,Cash on Delivery,Shipped
TXN006230,CUST0804,Books,Python Programming,Bengaluru,4,41856.54,0,UPI,Delivered
TXN006231,CUST0598,Books,Data Science Guide,Hyderabad,8,24023.59,5,Cash on Delivery,Delivered
TXN006232,CUST0613,Clothing,Jeans,Pune,8,49464.11,25,Cash on Delivery,Delivered
TXN006233,CUST1938,Clothing,T-Shirt,Mumbai,9,35900.38,10,UPI,Delivered
TXN006234,CUST0040,Electronics,Laptop,Bengaluru,3,49629.19,25,Cash on Delivery,Cancelled
TXN006235,CUST0724,Sports,Football,Mumbai,1,22728.41,10,Credit Card,Delivered
TXN006236,CUST1727,Electronics,Smartphone,Coimbatore,9,7124.99,5,Credit Card,Delivered
TXN006237,CUST2047,Books,Machine Learning Basics,Chennai,1,36392.74,0,UPI,Shipped
TXN006238,CUST0551,Clothing,Jacket,Pune,3,38910.24,5,Cash on Delivery,Delivered
TXN006239,CUST2584,Books,Machine Learning Basics,Hyderabad,3,42656.48,20,Credit Card,Delivered
TXN006240,CUST2118,Books,Python Programming,Delhi,9,15142.31,5,UPI,Delivered
TXN006241,CUST2188,Home & Kitchen,Table Lamp,Coimbatore,1,25583.13,10,Debit Card,Shipped
TXN006242,CUST2952,Home & Kitchen,Vacuum Cleaner,Pune,7,42889.53,25,Debit Card,Delivered
TXN006243,CUST1294,Books,Python Programming,Mumbai,2,43250.34,15,Debit Card,Delivered
TXN006244,CUST1994,Clothing,Shoes,Coimbatore,7,1381.62,20,Debit Card,Delivered
TXN006245,CUST1229,Books,Novel,Delhi,1,33578.75,0,Credit Card,Pending
TXN006246,CUST1028,Home & Kitchen,Mixer,Pune,10,30124.2,25,UPI,Pending
TXN006247,CUST2303,Clothing,Shoes,Hyderabad,10,4258.56,5,Credit Card,Delivered
TXN006248,CUST2326,Books,Novel,Kochi,8,46513.79,20,Debit Card,Shipped
TXN006249,CUST0196,Sports,Football,Chennai,10,22324.08,10,Cash on Delivery,Delivered
TXN006250,CUST1632,Sports,Cricket Bat,Delhi,10,33745.46,0,Debit Card,Delivered
TXN006251,CUST0406,Books,Data Science Guide,Pune,2,44151.61,5,Cash on Delivery,Delivered
TXN006252,CUST2829,Clothing,Shoes,Hyderabad,3,6593.04,25,UPI,Delivered
TXN006253,CUST0670,Books,Data Science Guide,Mumbai,8,42806.57,5,Credit Card,Delivered
TXN006254,CUST0246,Books,Python Programming,Delhi,3,36242.85,0,Cash on Delivery,Shipped
TXN006255,CUST0883,Home & Kitchen,Vacuum Cleaner,Kochi,1,41995.66,25,Debit Card,Delivered
TXN006256,CUST1042,Sports,Football,Coimbatore,9,24792.3,15,Credit Card,Cancelled
TXN006257,CUST1952,Home & Kitchen,Cookware Set,Bengaluru,8,1770.89,15,Cash on Delivery,Delivered
TXN006258,CUST2580,Home & Kitchen,Mixer,Coimbatore,4,33558.74,20,UPI,Cancelled
TXN006259,CUST0395,Books,Python Programming,Mumbai,8,18789.17,5,Cash on Delivery,Delivered
TXN006260,CUST1843,Home & Kitchen,Mixer,Pune,5,20180.55,20,Cash on Delivery,Delivered
TXN006261,CUST1371,Sports,Football,Kochi,3,22118.98,0,UPI,Delivered
TXN006262,CUST1065,Home & Kitchen,Table Lamp,Chennai,1,24696.19,25,Credit Card,Delivered
TXN006263,CUST1479,Sports,Cricket Bat,Delhi,10,33130.52,20,UPI,Shipped
TXN006264,CUST1476,Home & Kitchen,Mixer,Pune,5,36366.11,5,Credit Card,Delivered
TXN006265,CUST2296,Sports,Football,Chennai,6,38864.43,15,Credit Card,Delivered
TXN006266,CUST2284,Home & Kitchen,Cookware Set,Mumbai,4,33613.15,15,Credit Card,Delivered
TXN006267,CUST1056,Home & Kitchen,Cookware Set,Delhi,7,40193.62,0,Cash on Delivery,Cancelled
TXN006268,CUST1410,Clothing,Jeans,Hyderabad,3,6195.25,10,Debit Card,Delivered
TXN006269,CUST0082,Sports,Yoga Mat,Hyderabad,7,41857.2,20,Debit Card,Delivered
TXN006270,CUST1687,Sports,Yoga Mat,Pune,1,19425.23,0,Cash on Delivery,Shipped
TXN006271,CUST0497,Sports,Dumbbells,Coimbatore,7,26485.96,15,Credit Card,Shipped
TXN006272,CUST1439,Electronics,Smartwatch,Pune,1,21745.59,5,UPI,Pending
TXN006273,CUST2784,Home & Kitchen,Mixer,Coimbatore,1,23838.29,5,UPI,Delivered
TXN006274,CUST2481,Sports,Yoga Mat,Kochi,2,14342.84,25,Debit Card,Delivered
TXN006275,CUST0815,Electronics,Smartwatch,Mumbai,2,8580.55,10,Credit Card,Pending
TXN006276,CUST2363,Clothing,T-Shirt,Hyderabad,4,5334.25,10,Cash on Delivery,Cancelled
TXN006277,CUST2359,Sports,Dumbbells,Kochi,1,22624.8,15,Cash on Delivery,Cancelled
TXN006278,CUST2662,Sports,Cricket Bat,Delhi,4,6350.52,10,Debit Card,Delivered
TXN006279,CUST2659,Electronics,Smartphone,Hyderabad,2,12324.92,10,Credit Card,Delivered
TXN006280,CUST2206,Home & Kitchen,Cookware Set,Coimbatore,4,6767.43,5,UPI,Pending
TXN006281,CUST0715,Clothing,T-Shirt,Pune,4,5545.15,25,UPI,Cancelled
TXN006282,CUST1166,Sports,Football,Mumbai,9,44134.81,20,Cash on Delivery,Delivered
TXN006283,CUST1455,Home & Kitchen,Cookware Set,Hyderabad,9,33733.9,5,Debit Card,Delivered
TXN006284,CUST1332,Clothing,Shoes,Kochi,1,46195.58,25,Cash on Delivery,Delivered
TXN006285,CUST2758,Books,Python Programming,Mumbai,5,32236.21,5,UPI,Cancelled
TXN006286,CUST2091,Books,Machine Learning Basics,Kochi,7,42213.16,15,Cash on Delivery,Delivered
TXN006287,CUST1997,Clothing,T-Shirt,Hyderabad,4,27809.4,25,Credit Card,Shipped
TXN006288,CUST1831,Electronics,Headphones,Pune,5,23185.24,25,UPI,Delivered
TXN006289,CUST0322,Clothing,Jeans,Chennai,2,26471.02,15,UPI,Delivered
TXN006290,CUST1561,Clothing,Shoes,Pune,3,16079.25,25,Cash on Delivery,Delivered
TXN006291,CUST2514,Electronics,Laptop,Hyderabad,7,32932.82,20,Cash on Delivery,Shipped
TXN006292,CUST1174,Electronics,Laptop,Coimbatore,10,44869.03,0,Debit Card,Delivered
TXN006293,CUST1900,Home & Kitchen,Mixer,Pune,7,39139.44,10,Cash on Delivery,Delivered
TXN006294,CUST2588,Home & Kitchen,Vacuum Cleaner,Delhi,4,23153.8,25,Credit Card,Delivered
TXN006295,CUST0594,Electronics,Headphones,Coimbatore,1,47700.56,10,Debit Card,Delivered
TXN006296,CUST0687,Books,Machine Learning Basics,Coimbatore,1,49272.61,5,Debit Card,Delivered
TXN006297,CUST2624,Books,Novel,Coimbatore,4,24705.72,5,UPI,Delivered
TXN006298,CUST1382,Clothing,Jeans,Mumbai,4,43245.53,25,Credit Card,Delivered
TXN006299,CUST1728,Sports,Football,Bengaluru,6,338.04,25,Credit Card,Delivered
TXN006300,CUST2586,Clothing,Jacket,Bengaluru,7,3426.11,25,Debit Card,Delivered
TXN006301,CUST2509,Clothing,Jacket,Chennai,9,1217.23,20,Debit Card,Cancelled
TXN006302,CUST2342,Sports,Football,Kochi,9,38680.83,25,UPI,Delivered
TXN006303,CUST1658,Electronics,Headphones,Kochi,10,4080.98,10,Cash on Delivery,Delivered
TXN006304,CUST0293,Books,Machine Learning Basics,Coimbatore,5,950.82,5,Credit Card,Pending
TXN006305,CUST0325,Clothing,Shoes,Bengaluru,10,7456.2,5,Credit Card,Delivered
TXN006306,CUST0664,Sports,Cricket Bat,Chennai,3,15384.11,25,UPI,Delivered
TXN006307,CUST1408,Home & Kitchen,Vacuum Cleaner,Mumbai,3,23288.56,15,Debit Card,Delivered
TXN006308,CUST0935,Clothing,Shoes,Coimbatore,6,3363.62,0,Credit Card,Pending
TXN006309,CUST1285,Books,Python Programming,Delhi,1,24999.21,25,UPI,Delivered
TXN006310,CUST1298,Electronics,Smartwatch,Mumbai,7,12478.27,20,Debit Card,Delivered
TXN006311,CUST2675,Clothing,Shoes,Chennai,3,13791.14,0,UPI,Pending
TXN006312,CUST1194,Clothing,Jeans,Mumbai,5,41112.92,0,Credit Card,Delivered
TXN006313,CUST2910,Sports,Football,Delhi,7,49347.49,25,Debit Card,Delivered
TXN006314,CUST1096,Home & Kitchen,Mixer,Kochi,7,23246.82,20,UPI,Delivered
TXN006315,CUST2480,Home & Kitchen,Mixer,Mumbai,9,16156.36,10,UPI,Pending
TXN006316,CUST2641,Electronics,Smartwatch,Chennai,1,46579.26,25,UPI,Delivered
TXN006317,CUST1620,Books,Python Programming,Kochi,3,25072.38,5,Credit Card,Delivered
TXN006318,CUST1112,Electronics,Laptop,Kochi,9,36544.64,20,Credit Card,Pending
TXN006319,CUST1823,Clothing,Jeans,Kochi,8,20745.63,5,Cash on Delivery,Delivered
TXN006320,CUST1488,Clothing,Jacket,Delhi,2,10207.17,25,Credit Card,Delivered
TXN006321,CUST2405,Home & Kitchen,Cookware Set,Delhi,8,32778.77,25,UPI,Delivered
TXN006322,CUST2134,Books,Machine Learning Basics,Kochi,8,33275.65,15,Credit Card,Shipped
TXN006323,CUST1845,Sports,Yoga Mat,Mumbai,2,23063.17,0,UPI,Delivered
TXN006324,CUST1696,Books,Novel,Delhi,8,13570.49,15,UPI,Pending
TXN006325,CUST0686,Clothing,T-Shirt,Pune,3,41607.49,0,UPI,Delivered
TXN006326,CUST0754,Sports,Football,Mumbai,7,13838.37,10,Debit Card,Delivered
TXN006327,CUST0095,Books,Machine Learning Basics,Coimbatore,9,32985.3,20,Cash on Delivery,Delivered
TXN006328,CUST0513,Books,Data Science Guide,Delhi,4,19260.88,10,Cash on Delivery,Delivered
TXN006329,CUST2981,Sports,Cricket Bat,Mumbai,6,23676.79,0,UPI,Delivered
TXN006330,CUST0962,Clothing,Jacket,Coimbatore,9,10648.99,25,Credit Card,Delivered
TXN006331,CUST2712,Books,Python Programming,Delhi,5,32509.05,15,Cash on Delivery,Delivered
TXN006332,CUST1031,Sports,Football,Coimbatore,1,11368.71,0,UPI,Delivered
TXN006333,CUST2871,Clothing,Jeans,Hyderabad,3,24337.13,25,Credit Card,Delivered
TXN006334,CUST0328,Sports,Yoga Mat,Delhi,9,16490.12,10,Debit Card,Cancelled
TXN006335,CUST0863,Sports,Football,Hyderabad,3,48183.93,25,Debit Card,Delivered
TXN006336,CUST0684,Books,Novel,Chennai,10,49112.83,25,UPI,Shipped
TXN006337,CUST1627,Clothing,Shoes,Chennai,2,37699.22,10,Credit Card,Delivered
TXN006338,CUST0422,Books,Machine Learning Basics,Mumbai,4,49197.48,15,Debit Card,Cancelled
TXN006339,CUST0392,Electronics,Smartwatch,Bengaluru,5,5766.18,25,Debit Card,Delivered
TXN006340,CUST0262,Electronics,Smartwatch,Hyderabad,7,49617.0,15,Debit Card,Delivered
TXN006341,CUST1939,Clothing,Jeans,Hyderabad,7,5267.44,25,Credit Card,Delivered
TXN006342,CUST2247,Sports,Dumbbells,Chennai,9,20831.04,25,UPI,Delivered
TXN006343,CUST0221,Books,Novel,Hyderabad,8,12023.48,10,UPI,Delivered
TXN006344,CUST0108,Books,Machine Learning Basics,Bengaluru,2,47696.91,0,Debit Card,Delivered
TXN006345,CUST1627,Clothing,Jeans,Kochi,8,31825.92,0,UPI,Delivered
TXN006346,CUST2147,Clothing,T-Shirt,Coimbatore,8,29896.66,20,Cash on Delivery,Delivered
TXN006347,CUST0341,Electronics,Smartphone,Coimbatore,5,49872.18,10,Debit Card,Delivered
TXN006348,CUST0426,Home & Kitchen,Mixer,Bengaluru,3,30660.06,20,Credit Card,Delivered
TXN006349,CUST1076,Clothing,T-Shirt,Hyderabad,9,32343.38,25,UPI,Cancelled
TXN006350,CUST2532,Home & Kitchen,Mixer,Hyderabad,7,2334.24,10,Credit Card,Delivered
TXN006351,CUST0637,Clothing,T-Shirt,Hyderabad,1,42966.63,20,UPI,Shipped
TXN006352,CUST0346,Sports,Yoga Mat,Pune,8,48507.46,5,Credit Card,Shipped
TXN006353,CUST2683,Sports,Cricket Bat,Mumbai,10,48019.53,0,Credit Card,Delivered
TXN006354,CUST1597,Electronics,Headphones,Delhi,5,11133.17,0,UPI,Delivered
TXN006355,CUST1268,Electronics,Smartwatch,Bengaluru,6,11373.18,5,Debit Card,Cancelled
TXN006356,CUST0940,Home & Kitchen,Table Lamp,Bengaluru,9,18365.75,15,Debit Card,Delivered
TXN006357,CUST1014,Clothing,Jeans,Pune,10,15579.48,5,Credit Card,Cancelled
TXN006358,CUST1164,Books,Python Programming,Bengaluru,8,15350.17,0,Cash on Delivery,Delivered
TXN006359,CUST1816,Electronics,Smartphone,Kochi,3,30300.31,10,Credit Card,Delivered
TXN006360,CUST2567,Books,Machine Learning Basics,Kochi,5,40299.84,20,Cash on Delivery,Delivered
TXN006361,CUST0518,Books,Data Science Guide,Bengaluru,4,46844.73,0,Debit Card,Delivered
TXN006362,CUST0538,Clothing,Jeans,Pune,1,3486.24,5,Cash on Delivery,Delivered
TXN006363,CUST2158,Home & Kitchen,Table Lamp,Bengaluru,5,13971.13,10,UPI,Delivered
TXN006364,CUST0699,Clothing,Jacket,Hyderabad,10,12825.19,0,Cash on Delivery,Delivered
TXN006365,CUST0118,Electronics,Smartphone,Pune,7,17936.24,5,UPI,Delivered
TXN006366,CUST0144,Books,Machine Learning Basics,Mumbai,1,21274.28,0,Credit Card,Delivered
TXN006367,CUST2718,Clothing,Shoes,Chennai,4,19519.66,5,Cash on Delivery,Delivered
TXN006368,CUST1462,Clothing,T-Shirt,Hyderabad,6,47612.15,25,UPI,Cancelled
TXN006369,CUST1333,Clothing,Jacket,Kochi,9,21912.74,5,Credit Card,Cancelled
TXN006370,CUST1951,Electronics,Smartphone,Hyderabad,8,27624.47,0,Cash on Delivery,Cancelled
TXN006371,CUST1914,Home & Kitchen,Mixer,Delhi,2,37456.8,10,Cash on Delivery,Delivered
TXN006372,CUST2215,Clothing,Jacket,Pune,3,36281.73,0,UPI,Delivered
TXN006373,CUST1116,Electronics,Laptop,Kochi,10,29189.93,0,Credit Card,Shipped
TXN006374,CUST2247,Books,Machine Learning Basics,Chennai,5,43055.52,25,UPI,Delivered
TXN006375,CUST1823,Sports,Dumbbells,Bengaluru,7,31246.65,10,Cash on Delivery,Delivered
TXN006376,CUST0554,Electronics,Laptop,Chennai,3,43750.47,25,Credit Card,Delivered
TXN006377,CUST2858,Sports,Cricket Bat,Mumbai,7,15208.01,0,Debit Card,Shipped
TXN006378,CUST2209,Clothing,T-Shirt,Coimbatore,5,6687.98,25,Debit Card,Delivered
TXN006379,CUST0726,Clothing,Shoes,Hyderabad,10,40994.07,20,Debit Card,Delivered
TXN006380,CUST2421,Electronics,Laptop,Pune,6,19187.64,20,Cash on Delivery,Cancelled
TXN006381,CUST2448,Sports,Cricket Bat,Pune,6,32589.12,20,Debit Card,Delivered
TXN006382,CUST1871,Clothing,T-Shirt,Chennai,4,36891.83,5,Cash on Delivery,Cancelled
TXN006383,CUST2585,Books,Python Programming,Delhi,8,16402.85,15,Credit Card,Delivered
TXN006384,CUST2605,Home & Kitchen,Cookware Set,Kochi,9,25307.65,25,UPI,Pending
TXN006385,CUST2311,Home & Kitchen,Table Lamp,Mumbai,2,44756.83,0,Cash on Delivery,Delivered
TXN006386,CUST1782,Clothing,Jacket,Coimbatore,9,44001.68,15,Credit Card,Delivered
TXN006387,CUST2145,Sports,Yoga Mat,Mumbai,4,37492.92,25,Credit Card,Delivered
TXN006388,CUST2621,Clothing,T-Shirt,Pune,6,38160.7,20,Credit Card,Delivered
TXN006389,CUST2620,Sports,Dumbbells,Bengaluru,7,44894.45,10,UPI,Delivered
TXN006390,CUST2187,Books,Python Programming,Coimbatore,4,36842.99,20,Cash on Delivery,Delivered
TXN006391,CUST1269,Sports,Football,Kochi,8,17045.31,0,Credit Card,Delivered
TXN006392,CUST1423,Clothing,Jeans,Kochi,10,6127.06,15,Debit Card,Pending
TXN006393,CUST1973,Books,Python Programming,Pune,8,21152.02,15,Debit Card,Delivered
TXN006394,CUST2211,Electronics,Smartwatch,Delhi,1,4458.44,25,Credit Card,Pending
TXN006395,CUST0931,Home & Kitchen,Table Lamp,Coimbatore,8,5876.96,5,Debit Card,Delivered
TXN006396,CUST0367,Clothing,T-Shirt,Pune,10,47513.59,10,Debit Card,Shipped
TXN006397,CUST1810,Clothing,T-Shirt,Delhi,3,33826.76,20,Cash on Delivery,Delivered
TXN006398,CUST1262,Clothing,Shoes,Bengaluru,5,42595.27,10,UPI,Delivered
TXN006399,CUST1499,Books,Novel,Delhi,10,32180.67,0,Cash on Delivery,Shipped
TXN006400,CUST1689,Electronics,Smartwatch,Mumbai,8,20985.15,5,Credit Card,Shipped
TXN006401,CUST1065,Sports,Dumbbells,Chennai,6,1355.42,20,Credit Card,Delivered
TXN006402,CUST0638,Electronics,Laptop,Mumbai,4,47796.27,0,Debit Card,Delivered
TXN006403,CUST1244,Books,Python Programming,Kochi,4,3639.53,10,Cash on Delivery,Pending
TXN006404,CUST0044,Clothing,T-Shirt,Pune,4,30547.14,5,Credit Card,Delivered
TXN006405,CUST0001,Home & Kitchen,Mixer,Pune,6,5199.94,20,Credit Card,Delivered
TXN006406,CUST2144,Clothing,Jacket,Hyderabad,7,14278.97,10,Debit Card,Pending
TXN006407,CUST0559,Sports,Yoga Mat,Mumbai,5,9372.29,20,Debit Card,Cancelled
TXN006408,CUST1409,Home & Kitchen,Table Lamp,Coimbatore,10,27730.47,5,Credit Card,Delivered
TXN006409,CUST1175,Clothing,Jeans,Kochi,8,44365.06,5,Cash on Delivery,Delivered
TXN006410,CUST1922,Home & Kitchen,Vacuum Cleaner,Bengaluru,7,31817.55,10,UPI,Delivered
TXN006411,CUST2192,Electronics,Smartphone,Kochi,8,33242.98,20,Cash on Delivery,Delivered
TXN006412,CUST0035,Books,Machine Learning Basics,Hyderabad,4,45455.68,15,Debit Card,Delivered
TXN006413,CUST2818,Clothing,Jeans,Hyderabad,8,37496.32,0,Credit Card,Delivered
TXN006414,CUST2015,Sports,Football,Hyderabad,6,43311.2,5,Debit Card,Shipped
TXN006415,CUST1955,Electronics,Smartwatch,Pune,3,20877.97,20,Credit Card,Cancelled
TXN006416,CUST1228,Clothing,T-Shirt,Chennai,8,43281.28,10,Credit Card,Delivered
TXN006417,CUST0038,Electronics,Smartphone,Delhi,7,32328.48,10,UPI,Shipped
TXN006418,CUST1764,Sports,Dumbbells,Coimbatore,10,6866.83,5,Debit Card,Delivered
TXN006419,CUST1200,Clothing,Shoes,Kochi,5,2031.75,25,UPI,Shipped
TXN006420,CUST2446,Sports,Football,Pune,4,12277.32,5,Cash on Delivery,Delivered
TXN006421,CUST0948,Home & Kitchen,Mixer,Kochi,1,18979.65,25,Debit Card,Delivered
TXN006422,CUST0030,Sports,Yoga Mat,Bengaluru,10,41894.64,15,UPI,Delivered
TXN006423,CUST2246,Home & Kitchen,Vacuum Cleaner,Pune,3,37088.1,10,Debit Card,Delivered
TXN006424,CUST1531,Clothing,T-Shirt,Chennai,2,47773.25,20,UPI,Pending
TXN006425,CUST0773,Home & Kitchen,Vacuum Cleaner,Kochi,8,28002.82,25,UPI,Delivered
TXN006426,CUST1687,Clothing,Shoes,Pune,8,37412.31,0,Debit Card,Delivered
TXN006427,CUST2297,Clothing,Shoes,Pune,5,13836.64,0,Cash on Delivery,Delivered
TXN006428,CUST1791,Books,Data Science Guide,Mumbai,5,34010.94,15,UPI,Pending
TXN006429,CUST1617,Clothing,Jacket,Bengaluru,4,35336.95,25,UPI,Delivered
TXN006430,CUST1024,Home & Kitchen,Vacuum Cleaner,Hyderabad,1,42435.92,25,Debit Card,Delivered
TXN006431,CUST0669,Books,Data Science Guide,Bengaluru,1,26866.54,20,Cash on Delivery,Delivered
TXN006432,CUST2929,Books,Machine Learning Basics,Bengaluru,6,32485.36,0,Debit Card,Delivered
TXN006433,CUST2646,Clothing,Jacket,Mumbai,4,10232.14,0,Credit Card,Delivered
TXN006434,CUST1597,Sports,Dumbbells,Delhi,4,36864.28,20,Debit Card,Delivered
TXN006435,CUST1550,Sports,Football,Pune,3,41936.74,25,Credit Card,Cancelled
TXN006436,CUST0904,Books,Novel,Coimbatore,9,29727.51,20,UPI,Delivered
TXN006437,CUST1078,Clothing,Jacket,Hyderabad,3,5872.16,5,Cash on Delivery,Delivered
TXN006438,CUST0325,Sports,Dumbbells,Kochi,8,15711.58,0,Cash on Delivery,Shipped
TXN006439,CUST1730,Clothing,Jacket,Delhi,2,23828.18,25,Debit Card,Shipped
TXN006440,CUST2562,Clothing,Jacket,Chennai,4,33890.4,0,Credit Card,Delivered
TXN006441,CUST0982,Books,Data Science Guide,Pune,1,16084.32,15,Debit Card,Shipped
TXN006442,CUST2117,Books,Novel,Hyderabad,5,42030.52,5,Cash on Delivery,Pending
TXN006443,CUST2512,Electronics,Smartwatch,Coimbatore,2,18652.31,5,Credit Card,Delivered
TXN006444,CUST2843,Sports,Yoga Mat,Pune,1,2237.53,0,Cash on Delivery,Delivered
TXN006445,CUST2805,Sports,Dumbbells,Chennai,1,39720.32,10,Credit Card,Delivered
TXN006446,CUST1114,Sports,Cricket Bat,Mumbai,2,32246.74,10,Debit Card,Pending
TXN006447,CUST1167,Home & Kitchen,Vacuum Cleaner,Delhi,5,40117.63,20,UPI,Delivered
TXN006448,CUST2657,Clothing,Jeans,Pune,9,17509.6,5,UPI,Delivered
TXN006449,CUST2179,Books,Machine Learning Basics,Hyderabad,6,979.75,0,Credit Card,Delivered
TXN006450,CUST1102,Sports,Yoga Mat,Bengaluru,4,3780.27,25,Credit Card,Delivered
TXN006451,CUST1692,Electronics,Smartwatch,Kochi,3,5678.86,0,UPI,Delivered
TXN006452,CUST0771,Sports,Dumbbells,Kochi,8,40276.86,0,Debit Card,Shipped
TXN006453,CUST0281,Clothing,Jeans,Kochi,3,15141.59,25,Debit Card,Delivered
TXN006454,CUST0748,Clothing,T-Shirt,Coimbatore,1,49895.14,25,Cash on Delivery,Shipped
TXN006455,CUST0560,Books,Machine Learning Basics,Pune,4,37943.58,15,Cash on Delivery,Pending
TXN006456,CUST1187,Home & Kitchen,Cookware Set,Kochi,5,30097.63,10,UPI,Delivered
TXN006457,CUST0453,Books,Machine Learning Basics,Hyderabad,5,49182.61,15,UPI,Shipped
TXN006458,CUST2609,Sports,Football,Bengaluru,5,15883.83,0,UPI,Delivered
TXN006459,CUST1866,Electronics,Laptop,Hyderabad,8,8364.22,0,Credit Card,Cancelled
TXN006460,CUST2531,Books,Data Science Guide,Pune,8,36889.92,5,Cash on Delivery,Pending
TXN006461,CUST1855,Home & Kitchen,Table Lamp,Chennai,4,13976.36,5,UPI,Cancelled
TXN006462,CUST1115,Books,Python Programming,Bengaluru,9,48055.74,10,UPI,Delivered
TXN006463,CUST2870,Clothing,Shoes,Bengaluru,1,49404.66,25,Cash on Delivery,Cancelled
TXN006464,CUST2551,Sports,Cricket Bat,Hyderabad,5,46327.58,20,UPI,Delivered
TXN006465,CUST2016,Sports,Cricket Bat,Mumbai,5,47243.61,0,UPI,Delivered
TXN006466,CUST0770,Sports,Cricket Bat,Pune,5,30821.18,5,Debit Card,Shipped
TXN006467,CUST1314,Sports,Cricket Bat,Kochi,8,34636.72,10,Cash on Delivery,Cancelled
TXN006468,CUST0080,Sports,Yoga Mat,Mumbai,9,4802.88,15,Debit Card,Delivered
TXN006469,CUST0624,Sports,Football,Delhi,3,38176.2,0,Cash on Delivery,Delivered
TXN006470,CUST0204,Electronics,Laptop,Kochi,9,10182.96,20,UPI,Delivered
TXN006471,CUST2192,Home & Kitchen,Vacuum Cleaner,Chennai,8,42032.27,10,Credit Card,Delivered
TXN006472,CUST0091,Sports,Dumbbells,Mumbai,3,48080.44,25,Credit Card,Cancelled
TXN006473,CUST0762,Home & Kitchen,Mixer,Hyderabad,2,10697.64,20,Debit Card,Delivered
TXN006474,CUST0419,Sports,Yoga Mat,Pune,4,3993.75,0,Credit Card,Delivered
TXN006475,CUST1156,Books,Machine Learning Basics,Mumbai,2,24246.12,10,Credit Card,Delivered
TXN006476,CUST1103,Sports,Dumbbells,Delhi,4,39598.31,25,Debit Card,Delivered
TXN006477,CUST0513,Clothing,Shoes,Coimbatore,5,38554.94,5,UPI,Delivered
TXN006478,CUST2930,Electronics,Laptop,Delhi,2,34871.24,20,Cash on Delivery,Delivered
TXN006479,CUST1796,Books,Machine Learning Basics,Bengaluru,8,41052.73,15,UPI,Delivered
TXN006480,CUST2979,Books,Novel,Kochi,1,8831.92,15,Debit Card,Delivered
TXN006481,CUST0034,Clothing,T-Shirt,Pune,3,32631.69,20,UPI,Delivered
TXN006482,CUST0954,Sports,Football,Bengaluru,7,30323.4,0,UPI,Delivered
TXN006483,CUST0370,Electronics,Smartwatch,Mumbai,10,7756.24,0,Debit Card,Delivered
TXN006484,CUST0618,Books,Data Science Guide,Mumbai,1,20779.91,0,Debit Card,Cancelled
TXN006485,CUST0061,Electronics,Laptop,Delhi,2,42641.23,15,Debit Card,Delivered
TXN006486,CUST2022,Books,Python Programming,Delhi,3,48592.91,15,Credit Card,Delivered
TXN006487,CUST0890,Sports,Cricket Bat,Hyderabad,2,33304.97,5,Debit Card,Delivered
TXN006488,CUST1401,Books,Novel,Chennai,2,46104.86,0,Debit Card,Delivered
TXN006489,CUST1722,Books,Data Science Guide,Hyderabad,6,6689.26,15,Debit Card,Delivered
TXN006490,CUST1277,Home & Kitchen,Mixer,Bengaluru,7,48755.52,15,Debit Card,Shipped
TXN006491,CUST2042,Sports,Yoga Mat,Hyderabad,6,1771.97,0,UPI,Delivered
TXN006492,CUST1522,Clothing,Jeans,Delhi,6,26410.24,0,Debit Card,Pending
TXN006493,CUST1900,Clothing,Shoes,Pune,9,14621.32,15,Cash on Delivery,Pending
TXN006494,CUST2855,Sports,Yoga Mat,Hyderabad,8,40714.06,25,Debit Card,Delivered
TXN006495,CUST0130,Clothing,Jeans,Coimbatore,8,10955.43,20,Cash on Delivery,Shipped
TXN006496,CUST1353,Sports,Cricket Bat,Kochi,6,675.35,15,Cash on Delivery,Delivered
TXN006497,CUST0329,Clothing,Jeans,Chennai,5,20789.01,5,Credit Card,Delivered
TXN006498,CUST0599,Home & Kitchen,Mixer,Delhi,9,3298.99,10,Credit Card,Delivered
TXN006499,CUST0230,Clothing,T-Shirt,Pune,2,14575.62,25,UPI,Cancelled
TXN006500,CUST1092,Books,Python Programming,Mumbai,7,32223.01,0,Debit Card,Delivered
TXN006501,CUST1608,Sports,Yoga Mat,Kochi,6,14805.69,5,Debit Card,Delivered
TXN006502,CUST0293,Electronics,Smartphone,Hyderabad,7,12365.08,20,Cash on Delivery,Delivered
TXN006503,CUST2225,Electronics,Laptop,Delhi,4,7859.23,10,Debit Card,Delivered
TXN006504,CUST1926,Sports,Football,Mumbai,9,6845.1,25,Cash on Delivery,Delivered
TXN006505,CUST0744,Home & Kitchen,Mixer,Mumbai,7,26340.28,15,Credit Card,Delivered
TXN006506,CUST0788,Clothing,T-Shirt,Bengaluru,2,34107.2,0,UPI,Delivered
TXN006507,CUST1025,Home & Kitchen,Vacuum Cleaner,Bengaluru,4,22691.39,15,Credit Card,Delivered
TXN006508,CUST1563,Electronics,Smartwatch,Pune,5,6267.79,5,Debit Card,Cancelled
TXN006509,CUST0052,Sports,Cricket Bat,Delhi,2,32423.04,0,Cash on Delivery,Shipped
TXN006510,CUST0500,Sports,Dumbbells,Kochi,10,27900.38,15,Credit Card,Delivered
TXN006511,CUST2928,Home & Kitchen,Vacuum Cleaner,Pune,8,19125.65,0,Debit Card,Cancelled
TXN006512,CUST1020,Home & Kitchen,Table Lamp,Delhi,1,16569.34,5,Cash on Delivery,Delivered
TXN006513,CUST1577,Clothing,T-Shirt,Coimbatore,3,9239.33,15,Debit Card,Delivered
TXN006514,CUST1815,Books,Machine Learning Basics,Chennai,1,7400.34,10,Debit Card,Delivered
TXN006515,CUST1013,Books,Machine Learning Basics,Chennai,5,17004.71,20,UPI,Pending
TXN006516,CUST0138,Clothing,Shoes,Kochi,8,2177.39,15,Credit Card,Delivered
TXN006517,CUST0816,Books,Machine Learning Basics,Delhi,7,21887.71,0,Debit Card,Delivered
TXN006518,CUST1888,Electronics,Laptop,Bengaluru,9,30118.54,25,Debit Card,Cancelled
TXN006519,CUST0385,Books,Machine Learning Basics,Kochi,2,47088.55,15,UPI,Shipped
TXN006520,CUST2135,Clothing,Shoes,Hyderabad,8,31328.82,0,UPI,Delivered
TXN006521,CUST2728,Books,Novel,Pune,8,31241.39,25,Cash on Delivery,Pending
TXN006522,CUST0854,Sports,Cricket Bat,Coimbatore,6,18783.3,5,Debit Card,Delivered
TXN006523,CUST1937,Home & Kitchen,Table Lamp,Chennai,3,6752.53,25,Debit Card,Delivered
TXN006524,CUST1594,Electronics,Smartphone,Delhi,2,22402.19,20,Debit Card,Delivered
TXN006525,CUST2792,Sports,Dumbbells,Bengaluru,8,29973.95,0,Debit Card,Delivered
TXN006526,CUST1279,Sports,Yoga Mat,Bengaluru,6,36229.28,15,UPI,Delivered
TXN006527,CUST1324,Clothing,Jacket,Bengaluru,4,41321.73,25,Credit Card,Delivered
TXN006528,CUST0650,Home & Kitchen,Mixer,Pune,5,12870.81,5,UPI,Delivered
TXN006529,CUST2578,Home & Kitchen,Vacuum Cleaner,Hyderabad,5,12136.88,25,Cash on Delivery,Delivered
TXN006530,CUST2983,Electronics,Smartwatch,Mumbai,9,28308.46,10,UPI,Delivered
TXN006531,CUST0173,Clothing,Shoes,Kochi,9,28344.16,15,Credit Card,Delivered
TXN006532,CUST2252,Electronics,Smartphone,Pune,8,10975.6,20,Debit Card,Cancelled
TXN006533,CUST2134,Books,Novel,Hyderabad,8,29415.02,5,Cash on Delivery,Delivered
TXN006534,CUST0501,Sports,Yoga Mat,Bengaluru,2,17359.35,15,Cash on Delivery,Pending
TXN006535,CUST1038,Electronics,Smartwatch,Delhi,3,32001.81,0,Debit Card,Delivered
TXN006536,CUST1972,Sports,Cricket Bat,Kochi,8,14623.13,0,Credit Card,Delivered
TXN006537,CUST2616,Clothing,Shoes,Coimbatore,5,29655.36,0,UPI,Delivered
TXN006538,CUST1224,Books,Python Programming,Hyderabad,7,38438.67,15,Debit Card,Shipped
TXN006539,CUST0814,Clothing,Shoes,Delhi,8,49009.92,20,Credit Card,Delivered
TXN006540,CUST1477,Books,Python Programming,Pune,6,45562.3,0,Credit Card,Shipped
TXN006541,CUST0214,Books,Novel,Pune,5,25226.58,15,Credit Card,Delivered
TXN006542,CUST2731,Sports,Yoga Mat,Kochi,8,24468.62,15,Debit Card,Shipped
TXN006543,CUST0893,Clothing,T-Shirt,Bengaluru,1,21941.23,20,Credit Card,Shipped
TXN006544,CUST0463,Clothing,T-Shirt,Coimbatore,1,1484.75,5,Cash on Delivery,Cancelled
TXN006545,CUST0967,Electronics,Laptop,Chennai,1,8381.13,5,Cash on Delivery,Delivered
TXN006546,CUST2593,Clothing,T-Shirt,Chennai,3,3053.54,15,UPI,Delivered
TXN006547,CUST1779,Electronics,Smartwatch,Pune,10,34848.12,5,UPI,Delivered
TXN006548,CUST1330,Home & Kitchen,Table Lamp,Delhi,6,20720.41,10,Credit Card,Delivered
TXN006549,CUST0062,Home & Kitchen,Vacuum Cleaner,Coimbatore,6,3282.12,20,Credit Card,Delivered
TXN006550,CUST0686,Home & Kitchen,Cookware Set,Delhi,5,34559.7,15,Credit Card,Delivered
TXN006551,CUST1131,Clothing,Shoes,Coimbatore,7,32257.35,5,UPI,Pending
TXN006552,CUST2395,Clothing,T-Shirt,Coimbatore,5,36026.15,25,Cash on Delivery,Delivered
TXN006553,CUST0491,Electronics,Headphones,Pune,2,30031.72,5,Cash on Delivery,Delivered
TXN006554,CUST1622,Books,Machine Learning Basics,Delhi,4,8160.82,20,Debit Card,Delivered
TXN006555,CUST0996,Electronics,Smartwatch,Pune,1,3163.48,25,UPI,Cancelled
TXN006556,CUST0037,Home & Kitchen,Cookware Set,Kochi,7,40875.33,0,Credit Card,Delivered
TXN006557,CUST0173,Electronics,Smartwatch,Coimbatore,4,10868.87,5,Cash on Delivery,Shipped
TXN006558,CUST2381,Books,Python Programming,Hyderabad,4,27172.21,25,Debit Card,Shipped
TXN006559,CUST2830,Clothing,T-Shirt,Bengaluru,4,24312.33,20,Cash on Delivery,Delivered
TXN006560,CUST1947,Electronics,Laptop,Kochi,3,46060.52,25,Debit Card,Delivered
TXN006561,CUST2820,Home & Kitchen,Mixer,Coimbatore,8,27666.74,0,Credit Card,Delivered
TXN006562,CUST2443,Home & Kitchen,Table Lamp,Hyderabad,4,29042.84,25,Credit Card,Cancelled
TXN006563,CUST0635,Clothing,T-Shirt,Coimbatore,8,16043.3,15,Cash on Delivery,Delivered
TXN006564,CUST1522,Electronics,Laptop,Hyderabad,9,47938.87,0,UPI,Delivered
TXN006565,CUST0367,Books,Novel,Delhi,1,30657.45,5,Cash on Delivery,Delivered
TXN006566,CUST1019,Clothing,Jacket,Chennai,4,348.52,15,UPI,Delivered
TXN006567,CUST0646,Electronics,Smartwatch,Mumbai,6,27848.5,15,Cash on Delivery,Delivered
TXN006568,CUST2048,Sports,Cricket Bat,Kochi,8,18256.88,0,UPI,Delivered
TXN006569,CUST0375,Home & Kitchen,Vacuum Cleaner,Coimbatore,6,1702.4,15,Credit Card,Delivered
TXN006570,CUST2810,Books,Python Programming,Mumbai,6,21634.33,0,Debit Card,Delivered
TXN006571,CUST2534,Books,Novel,Coimbatore,10,38700.97,0,UPI,Shipped
TXN006572,CUST1387,Books,Data Science Guide,Delhi,4,25239.09,25,Credit Card,Delivered
TXN006573,CUST2561,Home & Kitchen,Table Lamp,Delhi,9,32009.01,0,Debit Card,Cancelled
TXN006574,CUST0246,Electronics,Headphones,Hyderabad,7,32023.1,20,Credit Card,Delivered
TXN006575,CUST0245,Clothing,Jeans,Coimbatore,6,33583.86,5,Credit Card,Delivered
TXN006576,CUST1457,Electronics,Smartphone,Delhi,1,19441.05,15,Credit Card,Delivered
TXN006577,CUST2641,Clothing,Jacket,Delhi,2,18563.24,10,UPI,Shipped
TXN006578,CUST0631,Books,Machine Learning Basics,Coimbatore,6,328.77,25,Credit Card,Delivered
TXN006579,CUST2873,Electronics,Smartwatch,Hyderabad,1,7795.7,5,Credit Card,Cancelled
TXN006580,CUST2197,Books,Python Programming,Hyderabad,5,47545.43,10,Credit Card,Shipped
TXN006581,CUST0440,Sports,Football,Hyderabad,1,42136.59,0,UPI,Delivered
TXN006582,CUST0516,Books,Python Programming,Hyderabad,3,13827.91,15,Cash on Delivery,Delivered
TXN006583,CUST1999,Books,Data Science Guide,Chennai,7,20119.48,25,Credit Card,Delivered
TXN006584,CUST0954,Clothing,Shoes,Coimbatore,5,47002.07,5,Cash on Delivery,Pending
TXN006585,CUST1298,Sports,Dumbbells,Pune,10,12597.18,10,Credit Card,Delivered
TXN006586,CUST2288,Books,Data Science Guide,Chennai,1,26673.4,10,UPI,Delivered
TXN006587,CUST2641,Books,Python Programming,Delhi,1,1201.78,10,Cash on Delivery,Pending
TXN006588,CUST1423,Sports,Dumbbells,Chennai,8,31024.77,5,Credit Card,Delivered
TXN006589,CUST1797,Sports,Football,Kochi,9,46510.67,20,Cash on Delivery,Delivered
TXN006590,CUST0791,Electronics,Smartwatch,Pune,7,44248.69,0,Debit Card,Delivered
TXN006591,CUST0088,Clothing,T-Shirt,Pune,3,25148.26,15,Cash on Delivery,Shipped
TXN006592,CUST2824,Sports,Yoga Mat,Pune,6,32517.13,10,Credit Card,Delivered
TXN006593,CUST1548,Sports,Football,Hyderabad,3,28532.93,25,Cash on Delivery,Delivered
TXN006594,CUST1468,Home & Kitchen,Cookware Set,Delhi,10,3442.01,5,Credit Card,Delivered
TXN006595,CUST2968,Sports,Yoga Mat,Chennai,4,8020.3,25,Cash on Delivery,Shipped
TXN006596,CUST0552,Clothing,Shoes,Chennai,4,48194.48,10,Cash on Delivery,Delivered
TXN006597,CUST1027,Books,Data Science Guide,Kochi,3,12872.84,5,UPI,Delivered
TXN006598,CUST0162,Books,Novel,Coimbatore,10,19284.02,25,UPI,Shipped
TXN006599,CUST1988,Books,Python Programming,Chennai,6,25496.32,20,Cash on Delivery,Delivered
TXN006600,CUST2895,Books,Python Programming,Kochi,5,48958.69,10,UPI,Pending
TXN006601,CUST1793,Home & Kitchen,Cookware Set,Delhi,9,34530.68,10,UPI,Delivered
TXN006602,CUST2290,Sports,Football,Hyderabad,9,31516.97,15,Debit Card,Delivered
TXN006603,CUST1208,Books,Data Science Guide,Coimbatore,3,26267.56,5,Credit Card,Delivered
TXN006604,CUST2224,Electronics,Smartphone,Kochi,9,35063.65,5,Credit Card,Shipped
TXN006605,CUST2856,Books,Novel,Chennai,3,33234.39,20,Debit Card,Delivered
TXN006606,CUST2008,Sports,Dumbbells,Coimbatore,4,45151.76,10,Cash on Delivery,Delivered
TXN006607,CUST0778,Books,Machine Learning Basics,Mumbai,1,27137.58,15,UPI,Cancelled
TXN006608,CUST2322,Home & Kitchen,Table Lamp,Coimbatore,5,21132.98,25,Credit Card,Shipped
TXN006609,CUST0765,Clothing,T-Shirt,Pune,9,40377.39,0,Debit Card,Delivered
TXN006610,CUST2227,Clothing,Jacket,Hyderabad,2,40009.19,15,Credit Card,Delivered
TXN006611,CUST1425,Sports,Cricket Bat,Pune,4,8574.84,25,Cash on Delivery,Delivered
TXN006612,CUST1326,Clothing,Shoes,Mumbai,10,11915.92,15,Debit Card,Pending
TXN006613,CUST3000,Clothing,Shoes,Pune,2,47936.05,25,Cash on Delivery,Delivered
TXN006614,CUST1919,Electronics,Smartphone,Mumbai,8,22261.07,15,Cash on Delivery,Pending
TXN006615,CUST1128,Sports,Yoga Mat,Coimbatore,9,26031.07,15,Debit Card,Delivered
TXN006616,CUST2453,Sports,Dumbbells,Delhi,3,15576.99,10,Credit Card,Delivered
TXN006617,CUST2272,Clothing,Shoes,Hyderabad,9,24105.44,15,UPI,Delivered
TXN006618,CUST0657,Clothing,T-Shirt,Delhi,6,37193.49,25,UPI,Delivered
TXN006619,CUST0283,Clothing,T-Shirt,Hyderabad,6,24169.02,25,Debit Card,Delivered
TXN006620,CUST2176,Home & Kitchen,Mixer,Kochi,7,15807.76,5,UPI,Pending
TXN006621,CUST0635,Books,Machine Learning Basics,Hyderabad,5,4890.45,25,Cash on Delivery,Delivered
TXN006622,CUST1841,Home & Kitchen,Vacuum Cleaner,Pune,6,46420.25,5,Credit Card,Delivered
TXN006623,CUST1212,Sports,Dumbbells,Pune,1,43595.73,25,Debit Card,Shipped
TXN006624,CUST1079,Electronics,Smartwatch,Delhi,3,39589.11,15,Cash on Delivery,Delivered
TXN006625,CUST2219,Books,Data Science Guide,Bengaluru,9,34734.14,25,Cash on Delivery,Delivered
TXN006626,CUST1504,Electronics,Laptop,Kochi,5,25823.94,5,Credit Card,Pending
TXN006627,CUST1860,Sports,Cricket Bat,Mumbai,5,44880.1,10,Credit Card,Delivered
TXN006628,CUST0003,Sports,Cricket Bat,Pune,8,39605.91,0,UPI,Delivered
TXN006629,CUST2614,Electronics,Laptop,Kochi,2,40818.94,15,Credit Card,Cancelled
TXN006630,CUST2073,Electronics,Smartphone,Pune,7,15546.57,25,Debit Card,Delivered
TXN006631,CUST1553,Electronics,Laptop,Pune,9,21230.57,5,Debit Card,Cancelled
TXN006632,CUST0760,Sports,Football,Coimbatore,7,35369.43,5,Credit Card,Delivered
TXN006633,CUST0077,Clothing,Shoes,Delhi,5,18616.01,10,Credit Card,Delivered
TXN006634,CUST2539,Electronics,Headphones,Delhi,6,24749.34,25,Cash on Delivery,Cancelled
TXN006635,CUST1492,Books,Machine Learning Basics,Pune,4,32361.0,10,Debit Card,Delivered
TXN006636,CUST2541,Sports,Dumbbells,Coimbatore,7,21944.14,0,UPI,Shipped
TXN006637,CUST0979,Home & Kitchen,Mixer,Pune,1,39672.68,25,Cash on Delivery,Delivered
TXN006638,CUST1314,Home & Kitchen,Cookware Set,Mumbai,4,5902.31,20,Cash on Delivery,Shipped
TXN006639,CUST2954,Books,Novel,Coimbatore,3,35931.02,20,UPI,Cancelled
TXN006640,CUST0260,Clothing,T-Shirt,Pune,4,7345.98,25,UPI,Delivered
TXN006641,CUST2697,Electronics,Smartphone,Hyderabad,1,46898.2,20,Credit Card,Pending
TXN006642,CUST2208,Sports,Football,Bengaluru,2,15770.48,0,Credit Card,Delivered
TXN006643,CUST1588,Electronics,Laptop,Hyderabad,9,39792.07,15,Cash on Delivery,Cancelled
TXN006644,CUST0778,Sports,Football,Bengaluru,7,26118.71,20,Debit Card,Delivered
TXN006645,CUST2147,Home & Kitchen,Vacuum Cleaner,Coimbatore,6,4645.24,20,Debit Card,Shipped
TXN006646,CUST2799,Electronics,Laptop,Hyderabad,2,29171.08,25,Cash on Delivery,Delivered
TXN006647,CUST2038,Books,Novel,Mumbai,1,45617.67,5,Debit Card,Delivered
TXN006648,CUST2259,Clothing,T-Shirt,Kochi,2,7946.0,5,Debit Card,Delivered
TXN006649,CUST0632,Books,Machine Learning Basics,Hyderabad,7,16133.22,15,UPI,Delivered
TXN006650,CUST2512,Clothing,T-Shirt,Delhi,2,22014.02,25,Credit Card,Delivered
TXN006651,CUST1160,Electronics,Smartphone,Kochi,3,13825.15,10,Credit Card,Delivered
TXN006652,CUST1322,Electronics,Smartphone,Kochi,8,47194.6,0,Cash on Delivery,Delivered
TXN006653,CUST1679,Clothing,Jacket,Bengaluru,7,18937.26,20,UPI,Delivered
TXN006654,CUST2626,Home & Kitchen,Mixer,Bengaluru,9,32937.3,25,Debit Card,Shipped
TXN006655,CUST1320,Sports,Yoga Mat,Pune,4,11273.45,25,Cash on Delivery,Delivered
TXN006656,CUST0453,Books,Data Science Guide,Mumbai,7,11063.33,0,Cash on Delivery,Delivered
TXN006657,CUST0395,Books,Machine Learning Basics,Bengaluru,1,8874.88,5,Debit Card,Shipped
TXN006658,CUST2144,Books,Data Science Guide,Bengaluru,2,21797.13,0,Credit Card,Delivered
TXN006659,CUST2699,Electronics,Smartwatch,Pune,7,26689.62,5,Debit Card,Delivered
TXN006660,CUST0274,Books,Data Science Guide,Mumbai,2,636.33,0,Cash on Delivery,Pending
TXN006661,CUST0180,Sports,Football,Hyderabad,6,41662.88,5,Credit Card,Delivered
TXN006662,CUST0532,Sports,Dumbbells,Coimbatore,10,25686.42,0,Cash on Delivery,Delivered
TXN006663,CUST0732,Clothing,Shoes,Hyderabad,9,7944.78,20,UPI,Delivered
TXN006664,CUST0129,Electronics,Smartwatch,Delhi,5,3457.94,20,Credit Card,Delivered
TXN006665,CUST0828,Sports,Football,Delhi,10,3253.64,15,Cash on Delivery,Delivered
TXN006666,CUST0439,Home & Kitchen,Mixer,Bengaluru,7,12956.41,0,Cash on Delivery,Delivered
TXN006667,CUST1989,Electronics,Laptop,Kochi,1,25014.68,10,UPI,Pending
TXN006668,CUST0785,Electronics,Smartwatch,Delhi,8,43025.95,15,Debit Card,Pending
TXN006669,CUST0405,Sports,Cricket Bat,Coimbatore,9,45157.97,0,Credit Card,Delivered
TXN006670,CUST0131,Home & Kitchen,Cookware Set,Bengaluru,5,41633.16,10,Cash on Delivery,Delivered
TXN006671,CUST2339,Clothing,Jeans,Pune,6,16495.32,20,Cash on Delivery,Delivered
TXN006672,CUST2629,Sports,Football,Delhi,8,15397.23,20,Cash on Delivery,Delivered
TXN006673,CUST1592,Home & Kitchen,Mixer,Kochi,4,49374.17,25,Cash on Delivery,Shipped
TXN006674,CUST2695,Electronics,Smartwatch,Pune,2,34095.9,20,Debit Card,Delivered
TXN006675,CUST2007,Home & Kitchen,Mixer,Chennai,10,15317.1,25,Debit Card,Shipped
TXN006676,CUST2154,Electronics,Laptop,Chennai,8,16521.1,10,Debit Card,Delivered
TXN006677,CUST2556,Sports,Football,Chennai,2,21788.76,5,Credit Card,Shipped
TXN006678,CUST2873,Sports,Dumbbells,Pune,5,31128.15,0,Debit Card,Cancelled
TXN006679,CUST2418,Books,Machine Learning Basics,Chennai,6,44909.16,15,Credit Card,Delivered
TXN006680,CUST1049,Books,Data Science Guide,Hyderabad,5,9995.53,25,Debit Card,Delivered
TXN006681,CUST0202,Books,Machine Learning Basics,Chennai,6,4311.73,15,Cash on Delivery,Delivered
TXN006682,CUST1501,Sports,Dumbbells,Bengaluru,6,20347.03,20,UPI,Delivered
TXN006683,CUST0905,Clothing,T-Shirt,Mumbai,3,12348.23,5,Credit Card,Delivered
TXN006684,CUST2482,Sports,Dumbbells,Hyderabad,3,28844.03,25,UPI,Delivered
TXN006685,CUST2941,Home & Kitchen,Mixer,Kochi,9,34990.82,0,UPI,Pending
TXN006686,CUST0291,Sports,Yoga Mat,Mumbai,3,15605.72,25,Cash on Delivery,Delivered
TXN006687,CUST0054,Sports,Dumbbells,Bengaluru,3,34304.02,0,Cash on Delivery,Delivered
TXN006688,CUST0855,Electronics,Smartphone,Kochi,2,17223.05,15,Credit Card,Shipped
TXN006689,CUST2686,Electronics,Laptop,Bengaluru,7,31784.91,15,Credit Card,Delivered
TXN006690,CUST2013,Electronics,Headphones,Coimbatore,10,31689.73,15,Credit Card,Cancelled
TXN006691,CUST0328,Sports,Dumbbells,Kochi,10,13980.17,0,Debit Card,Delivered
TXN006692,CUST1918,Clothing,Shoes,Hyderabad,4,31822.57,25,Debit Card,Delivered
TXN006693,CUST2618,Home & Kitchen,Cookware Set,Mumbai,1,19109.66,15,UPI,Delivered
TXN006694,CUST0249,Home & Kitchen,Cookware Set,Chennai,6,16889.1,0,Credit Card,Delivered
TXN006695,CUST1479,Clothing,Shoes,Bengaluru,5,14535.46,20,UPI,Delivered
TXN006696,CUST2286,Clothing,Shoes,Chennai,2,17347.7,25,Debit Card,Delivered
TXN006697,CUST1704,Home & Kitchen,Cookware Set,Kochi,6,39358.57,25,UPI,Delivered
TXN006698,CUST1512,Books,Data Science Guide,Mumbai,1,12334.42,25,UPI,Delivered
TXN006699,CUST2902,Electronics,Headphones,Pune,3,34131.17,5,Credit Card,Delivered
TXN006700,CUST0239,Electronics,Smartwatch,Hyderabad,4,45040.97,15,Credit Card,Delivered
TXN006701,CUST2527,Home & Kitchen,Mixer,Delhi,3,17586.4,0,UPI,Delivered
TXN006702,CUST1089,Clothing,Shoes,Pune,6,1572.65,20,Debit Card,Shipped
TXN006703,CUST2167,Books,Python Programming,Kochi,4,1327.84,10,UPI,Delivered
TXN006704,CUST0167,Home & Kitchen,Table Lamp,Kochi,1,7061.19,20,Debit Card,Cancelled
TXN006705,CUST0289,Electronics,Smartphone,Pune,5,5591.24,5,UPI,Delivered
TXN006706,CUST1245,Sports,Cricket Bat,Delhi,5,37429.45,20,UPI,Delivered
TXN006707,CUST0320,Clothing,Jeans,Kochi,9,14813.05,15,Credit Card,Delivered
TXN006708,CUST0885,Sports,Cricket Bat,Kochi,8,32660.24,15,UPI,Delivered
TXN006709,CUST2128,Home & Kitchen,Vacuum Cleaner,Bengaluru,8,2218.53,10,Debit Card,Delivered
TXN006710,CUST0398,Electronics,Headphones,Coimbatore,5,14857.44,25,UPI,Delivered
TXN006711,CUST0415,Books,Novel,Kochi,8,11783.9,0,UPI,Delivered
TXN006712,CUST2971,Sports,Yoga Mat,Chennai,10,13916.34,20,Debit Card,Delivered
TXN006713,CUST0947,Books,Novel,Bengaluru,7,9616.82,10,UPI,Delivered
TXN006714,CUST2178,Electronics,Headphones,Coimbatore,1,30934.01,15,UPI,Shipped
TXN006715,CUST1579,Sports,Yoga Mat,Chennai,7,33167.38,25,UPI,Delivered
TXN006716,CUST0777,Books,Machine Learning Basics,Mumbai,8,7508.43,0,UPI,Delivered
TXN006717,CUST0792,Books,Machine Learning Basics,Pune,3,37083.18,0,Debit Card,Delivered
TXN006718,CUST2156,Sports,Dumbbells,Pune,9,12577.27,5,Cash on Delivery,Delivered
TXN006719,CUST2691,Electronics,Smartwatch,Delhi,8,14217.83,25,Debit Card,Delivered
TXN006720,CUST1019,Books,Novel,Coimbatore,2,41457.54,15,Debit Card,Shipped
TXN006721,CUST2335,Home & Kitchen,Cookware Set,Chennai,6,45068.18,0,Cash on Delivery,Delivered
TXN006722,CUST2562,Sports,Dumbbells,Kochi,4,41255.34,5,Debit Card,Delivered
TXN006723,CUST0733,Clothing,Jacket,Bengaluru,3,7473.36,5,UPI,Delivered
TXN006724,CUST2288,Clothing,T-Shirt,Chennai,6,49963.45,15,Debit Card,Delivered
TXN006725,CUST2287,Electronics,Smartwatch,Bengaluru,10,33640.56,0,UPI,Delivered
TXN006726,CUST1701,Home & Kitchen,Vacuum Cleaner,Pune,9,25582.36,25,Credit Card,Delivered
TXN006727,CUST0433,Books,Python Programming,Delhi,2,47746.59,0,UPI,Delivered
TXN006728,CUST2616,Clothing,Jacket,Kochi,10,40887.28,20,UPI,Delivered
TXN006729,CUST2362,Electronics,Headphones,Delhi,10,34617.98,0,Debit Card,Pending
TXN006730,CUST1467,Home & Kitchen,Vacuum Cleaner,Chennai,10,41936.02,5,Debit Card,Delivered
TXN006731,CUST2763,Home & Kitchen,Vacuum Cleaner,Chennai,5,19334.78,10,Debit Card,Delivered
TXN006732,CUST1879,Electronics,Laptop,Bengaluru,6,34253.48,15,Credit Card,Delivered
TXN006733,CUST2878,Electronics,Headphones,Bengaluru,4,9609.94,10,Cash on Delivery,Delivered
TXN006734,CUST2725,Books,Machine Learning Basics,Coimbatore,7,49401.23,0,UPI,Cancelled
TXN006735,CUST1750,Electronics,Laptop,Pune,2,29490.19,25,Cash on Delivery,Delivered
TXN006736,CUST0427,Books,Data Science Guide,Coimbatore,7,40730.44,25,Cash on Delivery,Delivered
TXN006737,CUST0684,Books,Machine Learning Basics,Coimbatore,2,20426.26,5,Credit Card,Delivered
TXN006738,CUST0739,Sports,Yoga Mat,Chennai,1,37953.58,10,UPI,Delivered
TXN006739,CUST2253,Home & Kitchen,Cookware Set,Hyderabad,5,19430.51,15,UPI,Delivered
TXN006740,CUST1645,Home & Kitchen,Vacuum Cleaner,Hyderabad,2,29541.25,20,Credit Card,Delivered
TXN006741,CUST2068,Home & Kitchen,Table Lamp,Hyderabad,8,38928.93,10,Credit Card,Delivered
TXN006742,CUST1383,Sports,Yoga Mat,Hyderabad,8,5912.05,25,UPI,Delivered
TXN006743,CUST2694,Books,Machine Learning Basics,Coimbatore,1,17903.61,20,Credit Card,Delivered
TXN006744,CUST0648,Books,Novel,Chennai,4,27292.35,25,Debit Card,Shipped
TXN006745,CUST2187,Electronics,Laptop,Hyderabad,9,16766.49,0,UPI,Delivered
TXN006746,CUST2458,Sports,Football,Kochi,5,15527.45,0,Cash on Delivery,Pending
TXN006747,CUST1815,Electronics,Headphones,Delhi,10,14155.04,15,Debit Card,Delivered
TXN006748,CUST1444,Sports,Football,Mumbai,6,11466.81,20,Cash on Delivery,Shipped
TXN006749,CUST1291,Electronics,Headphones,Delhi,3,42460.34,20,Credit Card,Pending
TXN006750,CUST2254,Clothing,Jacket,Chennai,5,46192.09,15,Cash on Delivery,Delivered
TXN006751,CUST1330,Home & Kitchen,Cookware Set,Chennai,1,35038.46,25,Debit Card,Shipped
TXN006752,CUST1523,Home & Kitchen,Table Lamp,Mumbai,8,1596.98,10,Credit Card,Pending
TXN006753,CUST1689,Books,Data Science Guide,Bengaluru,6,39333.04,15,Debit Card,Delivered
TXN006754,CUST2594,Clothing,T-Shirt,Bengaluru,2,26643.8,0,Credit Card,Shipped
TXN006755,CUST1764,Home & Kitchen,Vacuum Cleaner,Kochi,4,37929.69,20,UPI,Delivered
TXN006756,CUST2974,Books,Data Science Guide,Bengaluru,4,21923.18,5,Cash on Delivery,Delivered
TXN006757,CUST1325,Clothing,Jeans,Coimbatore,9,2159.97,25,Cash on Delivery,Shipped
TXN006758,CUST2493,Home & Kitchen,Vacuum Cleaner,Bengaluru,9,34119.07,5,UPI,Pending
TXN006759,CUST0986,Electronics,Laptop,Pune,5,22262.01,0,UPI,Delivered
TXN006760,CUST2307,Sports,Dumbbells,Coimbatore,3,43714.77,20,Cash on Delivery,Delivered
TXN006761,CUST2235,Clothing,Jacket,Coimbatore,1,36933.08,20,UPI,Delivered
TXN006762,CUST0877,Books,Data Science Guide,Kochi,6,18042.13,15,Credit Card,Delivered
TXN006763,CUST1537,Clothing,Shoes,Bengaluru,8,36231.69,10,Cash on Delivery,Delivered
TXN006764,CUST2254,Books,Novel,Bengaluru,1,24810.91,15,Debit Card,Delivered
TXN006765,CUST1041,Clothing,Jacket,Kochi,1,10052.25,5,UPI,Pending
TXN006766,CUST1475,Books,Novel,Mumbai,7,21052.33,20,Credit Card,Delivered
TXN006767,CUST1854,Home & Kitchen,Vacuum Cleaner,Hyderabad,7,11205.86,10,Cash on Delivery,Delivered
TXN006768,CUST1833,Electronics,Laptop,Kochi,2,348.33,15,Cash on Delivery,Delivered
TXN006769,CUST1627,Home & Kitchen,Vacuum Cleaner,Mumbai,3,12415.11,10,Credit Card,Shipped
TXN006770,CUST0001,Electronics,Smartphone,Coimbatore,2,10555.11,25,UPI,Delivered
TXN006771,CUST2975,Home & Kitchen,Vacuum Cleaner,Mumbai,6,316.41,25,Cash on Delivery,Delivered
TXN006772,CUST0142,Home & Kitchen,Mixer,Coimbatore,8,39217.88,5,UPI,Delivered
TXN006773,CUST1166,Clothing,Shoes,Chennai,8,3941.55,10,Credit Card,Pending
TXN006774,CUST2441,Sports,Dumbbells,Coimbatore,1,22508.05,25,Debit Card,Delivered
TXN006775,CUST0067,Books,Python Programming,Coimbatore,9,20952.37,20,Credit Card,Shipped
TXN006776,CUST2121,Books,Python Programming,Mumbai,8,9152.27,25,UPI,Delivered
TXN006777,CUST0554,Books,Data Science Guide,Hyderabad,9,48346.74,10,Cash on Delivery,Delivered
TXN006778,CUST1237,Electronics,Headphones,Chennai,9,30226.31,10,UPI,Delivered
TXN006779,CUST0027,Books,Novel,Delhi,6,40694.3,15,UPI,Delivered
TXN006780,CUST1231,Books,Novel,Delhi,3,24857.41,10,Debit Card,Delivered
TXN006781,CUST0909,Clothing,Jacket,Hyderabad,1,36168.31,10,Cash on Delivery,Delivered
TXN006782,CUST0880,Home & Kitchen,Table Lamp,Delhi,8,48491.98,5,Debit Card,Cancelled
TXN006783,CUST1290,Books,Data Science Guide,Chennai,10,17485.43,10,Debit Card,Delivered
TXN006784,CUST0089,Sports,Yoga Mat,Bengaluru,3,25262.77,15,Credit Card,Pending
TXN006785,CUST2826,Books,Python Programming,Chennai,7,25775.39,15,Credit Card,Shipped
TXN006786,CUST1131,Electronics,Smartwatch,Mumbai,10,49600.54,20,Cash on Delivery,Delivered
TXN006787,CUST2268,Electronics,Smartwatch,Kochi,6,11731.65,25,Debit Card,Delivered
TXN006788,CUST2095,Electronics,Smartphone,Pune,3,33797.84,5,Debit Card,Delivered
TXN006789,CUST2279,Books,Novel,Coimbatore,6,6997.66,0,UPI,Delivered
TXN006790,CUST2338,Clothing,Shoes,Coimbatore,3,46360.97,20,UPI,Delivered
TXN006791,CUST2342,Sports,Dumbbells,Kochi,9,29560.06,10,Credit Card,Delivered
TXN006792,CUST0634,Books,Machine Learning Basics,Mumbai,1,42984.64,25,Debit Card,Delivered
TXN006793,CUST0387,Clothing,T-Shirt,Mumbai,8,44772.55,5,Cash on Delivery,Pending
TXN006794,CUST0155,Clothing,Jeans,Pune,5,27899.78,20,Debit Card,Delivered
TXN006795,CUST1886,Books,Data Science Guide,Pune,4,34132.16,15,Credit Card,Delivered
TXN006796,CUST1457,Books,Python Programming,Coimbatore,1,34966.16,5,Cash on Delivery,Shipped
TXN006797,CUST0640,Clothing,Jacket,Pune,9,23077.99,5,Debit Card,Cancelled
TXN006798,CUST0567,Clothing,T-Shirt,Pune,9,21798.43,10,UPI,Delivered
TXN006799,CUST1086,Clothing,T-Shirt,Pune,5,9390.79,5,Debit Card,Shipped
TXN006800,CUST1504,Books,Python Programming,Kochi,9,19257.34,25,Credit Card,Shipped
TXN006801,CUST2385,Clothing,Jacket,Hyderabad,10,49538.77,25,Credit Card,Shipped
TXN006802,CUST1024,Electronics,Smartphone,Bengaluru,9,13566.09,5,Debit Card,Delivered
TXN006803,CUST0955,Books,Machine Learning Basics,Pune,7,38145.8,0,Credit Card,Delivered
TXN006804,CUST1050,Electronics,Laptop,Bengaluru,8,3061.44,10,UPI,Delivered
TXN006805,CUST1231,Home & Kitchen,Mixer,Bengaluru,1,23426.69,5,UPI,Cancelled
TXN006806,CUST0377,Books,Novel,Mumbai,4,3014.67,5,UPI,Cancelled
TXN006807,CUST2337,Home & Kitchen,Cookware Set,Pune,10,23842.42,0,Debit Card,Pending
TXN006808,CUST1638,Clothing,T-Shirt,Coimbatore,10,1474.87,0,Credit Card,Delivered
TXN006809,CUST2331,Clothing,T-Shirt,Hyderabad,4,30703.41,15,UPI,Delivered
TXN006810,CUST0891,Sports,Cricket Bat,Coimbatore,9,29366.8,10,Cash on Delivery,Delivered
TXN006811,CUST0317,Clothing,T-Shirt,Pune,3,39912.38,0,Credit Card,Delivered
TXN006812,CUST2964,Home & Kitchen,Vacuum Cleaner,Coimbatore,10,29205.98,5,Credit Card,Shipped
TXN006813,CUST1330,Clothing,Jacket,Pune,10,46307.36,0,Cash on Delivery,Delivered
TXN006814,CUST1977,Books,Machine Learning Basics,Hyderabad,1,39176.92,20,Credit Card,Delivered
TXN006815,CUST0709,Clothing,Shoes,Chennai,5,6719.56,15,UPI,Cancelled
TXN006816,CUST2000,Sports,Football,Hyderabad,7,13347.11,15,Credit Card,Delivered
TXN006817,CUST2825,Clothing,Jeans,Kochi,4,1408.91,25,UPI,Cancelled
TXN006818,CUST2879,Home & Kitchen,Cookware Set,Chennai,9,19368.09,10,UPI,Delivered
TXN006819,CUST2361,Home & Kitchen,Vacuum Cleaner,Delhi,6,25525.86,15,UPI,Delivered
TXN006820,CUST0391,Clothing,Jacket,Chennai,6,47302.72,10,Debit Card,Pending
TXN006821,CUST2439,Home & Kitchen,Cookware Set,Bengaluru,3,26161.14,20,Credit Card,Delivered
TXN006822,CUST2631,Home & Kitchen,Cookware Set,Kochi,10,39073.3,25,Cash on Delivery,Delivered
TXN006823,CUST1231,Sports,Cricket Bat,Bengaluru,10,13474.4,5,Debit Card,Delivered
TXN006824,CUST0154,Books,Machine Learning Basics,Kochi,5,7742.61,20,Debit Card,Delivered
TXN006825,CUST2994,Sports,Football,Hyderabad,10,40560.73,10,Debit Card,Delivered
TXN006826,CUST2361,Electronics,Laptop,Bengaluru,6,12446.51,10,Debit Card,Delivered
TXN006827,CUST1563,Sports,Dumbbells,Bengaluru,4,43579.62,10,UPI,Pending
TXN006828,CUST0322,Clothing,Jeans,Delhi,3,8575.51,5,UPI,Delivered
TXN006829,CUST0230,Books,Python Programming,Bengaluru,5,42594.17,25,Cash on Delivery,Delivered
TXN006830,CUST1370,Clothing,Jeans,Mumbai,7,38665.09,25,Credit Card,Shipped
TXN006831,CUST1426,Electronics,Smartphone,Mumbai,6,30599.91,10,Cash on Delivery,Delivered
TXN006832,CUST1779,Books,Machine Learning Basics,Mumbai,2,42526.01,20,Credit Card,Delivered
TXN006833,CUST1707,Home & Kitchen,Table Lamp,Chennai,1,16602.43,25,UPI,Delivered
TXN006834,CUST0494,Sports,Cricket Bat,Hyderabad,5,8385.1,5,Credit Card,Pending
TXN006835,CUST0929,Clothing,T-Shirt,Hyderabad,5,7936.33,20,Credit Card,Shipped
TXN006836,CUST2674,Electronics,Laptop,Coimbatore,6,13590.91,5,Debit Card,Delivered
TXN006837,CUST2468,Home & Kitchen,Table Lamp,Delhi,3,22366.73,10,Cash on Delivery,Pending
TXN006838,CUST0047,Sports,Football,Mumbai,1,43813.54,25,Debit Card,Delivered
TXN006839,CUST2597,Home & Kitchen,Cookware Set,Mumbai,4,4567.83,5,Debit Card,Delivered
TXN006840,CUST2590,Sports,Dumbbells,Bengaluru,4,45770.58,0,Debit Card,Delivered
TXN006841,CUST1567,Books,Data Science Guide,Mumbai,10,46282.19,20,Debit Card,Delivered
TXN006842,CUST0222,Home & Kitchen,Cookware Set,Bengaluru,2,36389.1,0,UPI,Delivered
TXN006843,CUST1249,Home & Kitchen,Cookware Set,Bengaluru,8,45024.15,0,Cash on Delivery,Delivered
TXN006844,CUST2148,Home & Kitchen,Vacuum Cleaner,Coimbatore,6,38522.33,10,Debit Card,Shipped
TXN006845,CUST0169,Books,Python Programming,Chennai,3,26462.22,10,Cash on Delivery,Delivered
TXN006846,CUST1308,Electronics,Smartphone,Bengaluru,1,30077.44,0,Debit Card,Delivered
TXN006847,CUST2212,Sports,Football,Bengaluru,3,31448.4,5,UPI,Shipped
TXN006848,CUST2314,Home & Kitchen,Vacuum Cleaner,Hyderabad,8,6431.97,10,Debit Card,Delivered
TXN006849,CUST0613,Books,Novel,Coimbatore,4,9733.4,20,Credit Card,Delivered
TXN006850,CUST1339,Electronics,Smartwatch,Bengaluru,3,26216.1,0,UPI,Delivered
TXN006851,CUST2058,Sports,Dumbbells,Delhi,4,5849.89,20,Cash on Delivery,Delivered
TXN006852,CUST2859,Books,Data Science Guide,Chennai,4,48252.47,25,Credit Card,Cancelled
TXN006853,CUST0905,Sports,Football,Kochi,2,25405.65,20,Credit Card,Delivered
TXN006854,CUST0628,Home & Kitchen,Mixer,Delhi,4,19066.3,20,UPI,Shipped
TXN006855,CUST0207,Electronics,Smartphone,Mumbai,9,7961.25,0,Cash on Delivery,Delivered
TXN006856,CUST2760,Books,Novel,Chennai,4,20885.04,15,UPI,Delivered
TXN006857,CUST2997,Electronics,Smartwatch,Mumbai,1,15191.07,25,Debit Card,Delivered
TXN006858,CUST1610,Home & Kitchen,Table Lamp,Hyderabad,1,4487.57,10,UPI,Delivered
TXN006859,CUST1826,Electronics,Laptop,Pune,1,48353.56,20,UPI,Delivered
TXN006860,CUST2438,Electronics,Smartwatch,Pune,5,13322.41,0,Debit Card,Cancelled
TXN006861,CUST2357,Clothing,Shoes,Pune,6,34554.47,15,Debit Card,Delivered
TXN006862,CUST2068,Electronics,Smartphone,Bengaluru,6,4656.99,0,Cash on Delivery,Delivered
TXN006863,CUST0369,Sports,Yoga Mat,Coimbatore,6,45667.13,10,UPI,Pending
TXN006864,CUST0910,Books,Data Science Guide,Delhi,9,29578.5,0,Debit Card,Delivered
TXN006865,CUST1770,Clothing,Shoes,Mumbai,1,32877.91,5,Cash on Delivery,Delivered
TXN006866,CUST1187,Books,Novel,Bengaluru,10,39111.04,25,Cash on Delivery,Delivered
TXN006867,CUST1616,Books,Machine Learning Basics,Pune,6,30335.17,5,Debit Card,Delivered
TXN006868,CUST0607,Home & Kitchen,Vacuum Cleaner,Delhi,8,3638.28,20,Debit Card,Delivered
TXN006869,CUST0542,Home & Kitchen,Mixer,Delhi,8,21536.16,0,Cash on Delivery,Shipped
TXN006870,CUST1377,Clothing,Shoes,Hyderabad,3,13175.3,0,Credit Card,Delivered
TXN006871,CUST0339,Home & Kitchen,Table Lamp,Hyderabad,5,24387.18,20,Debit Card,Shipped
TXN006872,CUST1950,Home & Kitchen,Table Lamp,Pune,10,20275.83,20,Credit Card,Cancelled
TXN006873,CUST2341,Home & Kitchen,Cookware Set,Mumbai,4,41344.0,25,Cash on Delivery,Delivered
TXN006874,CUST0202,Books,Machine Learning Basics,Pune,1,12427.67,15,UPI,Delivered
TXN006875,CUST2246,Clothing,Jeans,Pune,9,10144.92,0,Credit Card,Delivered
TXN006876,CUST1636,Books,Python Programming,Bengaluru,5,47908.51,10,Credit Card,Cancelled
TXN006877,CUST1076,Sports,Dumbbells,Coimbatore,2,47480.88,10,Credit Card,Delivered
TXN006878,CUST0349,Books,Data Science Guide,Pune,2,49673.9,10,Credit Card,Delivered
TXN006879,CUST1633,Sports,Dumbbells,Mumbai,7,28462.19,20,Credit Card,Shipped
TXN006880,CUST2056,Electronics,Laptop,Delhi,4,5745.88,20,Credit Card,Pending
TXN006881,CUST1780,Electronics,Laptop,Delhi,1,44020.37,20,UPI,Pending
TXN006882,CUST2859,Sports,Yoga Mat,Kochi,5,7341.24,10,UPI,Delivered
TXN006883,CUST0535,Sports,Yoga Mat,Chennai,2,7864.16,15,UPI,Delivered
TXN006884,CUST0553,Books,Novel,Pune,7,9750.54,25,Credit Card,Delivered
TXN006885,CUST1970,Sports,Yoga Mat,Kochi,9,32705.6,5,Cash on Delivery,Delivered
TXN006886,CUST2291,Clothing,Jeans,Kochi,1,5449.23,0,Debit Card,Delivered
TXN006887,CUST0812,Electronics,Headphones,Bengaluru,2,38936.25,5,Credit Card,Cancelled
TXN006888,CUST1999,Electronics,Laptop,Chennai,6,3006.75,0,UPI,Delivered
TXN006889,CUST1620,Sports,Dumbbells,Hyderabad,8,5611.28,20,Cash on Delivery,Delivered
TXN006890,CUST2672,Home & Kitchen,Table Lamp,Coimbatore,7,21780.91,10,Cash on Delivery,Delivered
TXN006891,CUST2341,Home & Kitchen,Mixer,Mumbai,9,19020.66,5,Credit Card,Delivered
TXN006892,CUST0804,Sports,Football,Pune,2,49486.44,20,UPI,Delivered
TXN006893,CUST2299,Clothing,T-Shirt,Delhi,9,48346.51,0,Debit Card,Shipped
TXN006894,CUST2524,Home & Kitchen,Table Lamp,Bengaluru,4,9565.12,25,Debit Card,Delivered
TXN006895,CUST2148,Sports,Cricket Bat,Delhi,3,47338.61,25,UPI,Delivered
TXN006896,CUST1009,Clothing,Shoes,Pune,7,34643.87,5,UPI,Delivered
TXN006897,CUST0993,Clothing,Jacket,Hyderabad,5,20501.27,5,Cash on Delivery,Delivered
TXN006898,CUST0294,Books,Machine Learning Basics,Chennai,5,37007.58,5,Credit Card,Shipped
TXN006899,CUST1091,Clothing,Shoes,Pune,2,45017.03,5,Credit Card,Delivered
TXN006900,CUST1762,Home & Kitchen,Mixer,Chennai,6,9089.06,5,Credit Card,Cancelled
TXN006901,CUST1325,Home & Kitchen,Table Lamp,Mumbai,6,9879.61,20,Debit Card,Delivered
TXN006902,CUST2805,Sports,Dumbbells,Bengaluru,4,20495.17,0,Debit Card,Delivered
TXN006903,CUST2360,Sports,Dumbbells,Hyderabad,5,8543.67,0,Debit Card,Delivered
TXN006904,CUST0367,Clothing,Shoes,Bengaluru,7,18083.83,15,Credit Card,Delivered
TXN006905,CUST0461,Electronics,Smartphone,Mumbai,8,32320.01,10,UPI,Delivered
TXN006906,CUST2752,Books,Novel,Hyderabad,6,40659.62,25,UPI,Delivered
TXN006907,CUST1695,Electronics,Headphones,Kochi,5,15166.55,5,Credit Card,Delivered
TXN006908,CUST1735,Clothing,Jacket,Hyderabad,3,14158.36,25,Credit Card,Delivered
TXN006909,CUST1497,Clothing,Jeans,Chennai,7,39009.17,0,UPI,Delivered
TXN006910,CUST1427,Electronics,Headphones,Chennai,8,19113.21,10,UPI,Shipped
TXN006911,CUST0781,Books,Machine Learning Basics,Chennai,3,40941.92,10,Debit Card,Delivered
TXN006912,CUST1314,Electronics,Headphones,Delhi,5,49669.68,20,Cash on Delivery,Delivered
TXN006913,CUST1412,Sports,Dumbbells,Kochi,2,48985.47,5,Cash on Delivery,Delivered
TXN006914,CUST2433,Home & Kitchen,Cookware Set,Coimbatore,10,33168.08,15,Credit Card,Delivered
TXN006915,CUST2685,Sports,Football,Pune,10,18823.14,10,Cash on Delivery,Delivered
TXN006916,CUST0100,Home & Kitchen,Cookware Set,Chennai,4,3367.94,20,Cash on Delivery,Delivered
TXN006917,CUST1249,Clothing,Jeans,Coimbatore,4,36928.23,5,Cash on Delivery,Shipped
TXN006918,CUST0694,Books,Python Programming,Coimbatore,8,48900.57,0,Debit Card,Shipped
TXN006919,CUST1433,Electronics,Smartwatch,Bengaluru,3,3492.42,15,Debit Card,Delivered
TXN006920,CUST2525,Books,Machine Learning Basics,Mumbai,5,407.77,5,UPI,Delivered
TXN006921,CUST1812,Electronics,Smartphone,Delhi,5,41605.63,20,Credit Card,Delivered
TXN006922,CUST2553,Sports,Football,Coimbatore,2,5202.72,25,Cash on Delivery,Delivered
TXN006923,CUST0598,Sports,Cricket Bat,Pune,9,4172.99,20,UPI,Delivered
TXN006924,CUST1805,Electronics,Laptop,Delhi,4,45525.77,20,Debit Card,Delivered
TXN006925,CUST0184,Books,Python Programming,Bengaluru,9,4070.08,20,Cash on Delivery,Cancelled
TXN006926,CUST0957,Electronics,Smartphone,Chennai,9,5789.48,20,Credit Card,Cancelled
TXN006927,CUST0818,Clothing,Jacket,Hyderabad,2,28521.73,15,Cash on Delivery,Shipped
TXN006928,CUST2808,Sports,Cricket Bat,Coimbatore,9,37865.03,10,Debit Card,Pending
TXN006929,CUST1532,Clothing,Jacket,Mumbai,9,20038.66,10,Cash on Delivery,Pending
TXN006930,CUST0639,Sports,Dumbbells,Hyderabad,2,21087.4,0,Cash on Delivery,Delivered
TXN006931,CUST2984,Sports,Football,Bengaluru,6,31668.04,10,Cash on Delivery,Cancelled
TXN006932,CUST0352,Home & Kitchen,Vacuum Cleaner,Delhi,9,25320.72,20,Cash on Delivery,Delivered
TXN006933,CUST0461,Clothing,Jeans,Pune,4,1029.55,10,Debit Card,Delivered
TXN006934,CUST0224,Clothing,Shoes,Kochi,2,5767.8,25,UPI,Delivered
TXN006935,CUST0996,Home & Kitchen,Vacuum Cleaner,Chennai,7,29121.84,25,Cash on Delivery,Delivered
TXN006936,CUST2544,Books,Data Science Guide,Delhi,9,39703.76,10,Credit Card,Delivered
TXN006937,CUST0605,Clothing,Jeans,Mumbai,6,38178.85,20,Cash on Delivery,Delivered
TXN006938,CUST1179,Electronics,Smartwatch,Coimbatore,4,37028.82,15,Credit Card,Delivered
TXN006939,CUST0057,Home & Kitchen,Vacuum Cleaner,Mumbai,1,38586.5,20,Credit Card,Delivered
TXN006940,CUST1407,Clothing,Jeans,Delhi,4,2317.73,10,Cash on Delivery,Delivered
TXN006941,CUST2842,Books,Python Programming,Delhi,3,44765.57,10,Cash on Delivery,Delivered
TXN006942,CUST0456,Clothing,Jeans,Hyderabad,7,44475.23,0,Credit Card,Delivered
TXN006943,CUST1250,Sports,Cricket Bat,Mumbai,10,26643.01,20,Debit Card,Delivered
TXN006944,CUST1844,Electronics,Smartphone,Mumbai,5,12504.86,0,UPI,Shipped
TXN006945,CUST1930,Home & Kitchen,Cookware Set,Mumbai,3,29649.71,0,Credit Card,Cancelled
TXN006946,CUST0094,Sports,Yoga Mat,Chennai,2,27938.51,5,Debit Card,Delivered
TXN006947,CUST1360,Books,Novel,Pune,2,11225.56,25,UPI,Delivered
TXN006948,CUST0857,Sports,Dumbbells,Delhi,5,30196.2,0,UPI,Pending
TXN006949,CUST2204,Sports,Football,Bengaluru,8,39884.98,25,UPI,Shipped
TXN006950,CUST0868,Books,Data Science Guide,Chennai,8,40324.73,10,Cash on Delivery,Delivered
TXN006951,CUST0835,Sports,Cricket Bat,Chennai,5,3078.92,10,Cash on Delivery,Delivered
TXN006952,CUST2239,Home & Kitchen,Cookware Set,Chennai,2,9938.45,5,Credit Card,Delivered
TXN006953,CUST2144,Clothing,T-Shirt,Hyderabad,4,33444.35,5,Cash on Delivery,Delivered
TXN006954,CUST1060,Sports,Cricket Bat,Kochi,7,43005.61,20,Debit Card,Delivered
TXN006955,CUST2248,Home & Kitchen,Mixer,Pune,6,26108.73,5,UPI,Delivered
TXN006956,CUST1979,Clothing,Jacket,Pune,10,35405.53,15,UPI,Delivered
TXN006957,CUST2552,Clothing,Jeans,Bengaluru,7,1151.49,10,UPI,Delivered
TXN006958,CUST2990,Sports,Cricket Bat,Kochi,5,30460.2,10,Cash on Delivery,Shipped
TXN006959,CUST0579,Home & Kitchen,Table Lamp,Mumbai,2,48099.27,25,Cash on Delivery,Pending
TXN006960,CUST2848,Sports,Yoga Mat,Hyderabad,8,33084.63,5,Cash on Delivery,Pending
TXN006961,CUST2863,Books,Data Science Guide,Delhi,2,46121.56,25,Debit Card,Delivered
TXN006962,CUST2738,Clothing,Jeans,Kochi,8,28343.87,5,Cash on Delivery,Delivered
TXN006963,CUST0076,Sports,Football,Coimbatore,7,42184.6,10,Cash on Delivery,Cancelled
TXN006964,CUST1543,Clothing,Jeans,Hyderabad,3,6295.7,5,Cash on Delivery,Delivered
TXN006965,CUST2388,Home & Kitchen,Mixer,Coimbatore,4,6263.31,20,Debit Card,Delivered
TXN006966,CUST2718,Electronics,Headphones,Delhi,7,6096.95,5,Cash on Delivery,Delivered
TXN006967,CUST2158,Sports,Football,Bengaluru,4,24493.59,5,Credit Card,Shipped
TXN006968,CUST0179,Sports,Yoga Mat,Pune,9,16580.15,20,Cash on Delivery,Delivered
TXN006969,CUST1047,Clothing,T-Shirt,Coimbatore,7,35987.37,20,Credit Card,Pending
TXN006970,CUST0698,Home & Kitchen,Mixer,Chennai,1,45140.83,20,Debit Card,Delivered
TXN006971,CUST0247,Books,Novel,Hyderabad,1,31006.8,25,Credit Card,Delivered
TXN006972,CUST1164,Home & Kitchen,Cookware Set,Kochi,4,10739.21,10,Debit Card,Cancelled
TXN006973,CUST0823,Sports,Football,Kochi,9,46550.76,5,Cash on Delivery,Cancelled
TXN006974,CUST2853,Books,Python Programming,Coimbatore,4,26440.08,20,Cash on Delivery,Delivered
TXN006975,CUST2532,Home & Kitchen,Table Lamp,Delhi,5,36025.28,20,Credit Card,Pending
TXN006976,CUST1112,Electronics,Laptop,Pune,1,44536.24,10,Cash on Delivery,Delivered
TXN006977,CUST0218,Clothing,Jeans,Chennai,2,49492.61,15,Credit Card,Delivered
TXN006978,CUST1905,Home & Kitchen,Cookware Set,Kochi,4,25352.59,5,Debit Card,Delivered
TXN006979,CUST2682,Home & Kitchen,Vacuum Cleaner,Coimbatore,4,40422.33,15,Cash on Delivery,Delivered
TXN006980,CUST0035,Electronics,Headphones,Pune,10,28386.67,15,Cash on Delivery,Delivered
TXN006981,CUST0273,Sports,Dumbbells,Delhi,6,24374.05,20,Cash on Delivery,Delivered
TXN006982,CUST1592,Clothing,Jeans,Bengaluru,6,26931.85,25,UPI,Delivered
TXN006983,CUST2705,Home & Kitchen,Table Lamp,Delhi,8,24265.33,10,UPI,Pending
TXN006984,CUST1112,Books,Data Science Guide,Bengaluru,9,21109.3,5,Credit Card,Delivered
TXN006985,CUST2716,Home & Kitchen,Mixer,Kochi,1,36213.66,5,UPI,Pending
TXN006986,CUST2704,Clothing,Jeans,Pune,1,12558.82,5,Cash on Delivery,Shipped
TXN006987,CUST1476,Home & Kitchen,Cookware Set,Pune,6,30857.44,25,UPI,Delivered
TXN006988,CUST0442,Electronics,Smartphone,Chennai,4,35676.71,15,Credit Card,Pending
TXN006989,CUST0079,Home & Kitchen,Mixer,Delhi,4,44615.33,0,UPI,Delivered
TXN006990,CUST1199,Home & Kitchen,Table Lamp,Mumbai,1,16660.67,10,Debit Card,Pending
TXN006991,CUST2660,Books,Data Science Guide,Kochi,9,43043.9,0,Debit Card,Delivered
TXN006992,CUST1584,Electronics,Smartphone,Hyderabad,3,47270.03,15,UPI,Delivered
TXN006993,CUST0947,Electronics,Headphones,Mumbai,5,32469.1,20,Debit Card,Delivered
TXN006994,CUST1560,Home & Kitchen,Table Lamp,Kochi,10,38594.51,0,Debit Card,Shipped
TXN006995,CUST2083,Books,Novel,Mumbai,1,20344.78,0,UPI,Cancelled
TXN006996,CUST2907,Home & Kitchen,Table Lamp,Mumbai,8,47611.56,10,Debit Card,Delivered
TXN006997,CUST0408,Home & Kitchen,Table Lamp,Hyderabad,3,33575.99,15,Credit Card,Delivered
TXN006998,CUST1293,Clothing,Shoes,Mumbai,1,15576.82,10,Credit Card,Delivered
TXN006999,CUST1986,Clothing,Jacket,Bengaluru,10,20272.64,20,Cash on Delivery,Delivered
TXN007000,CUST2446,Books,Novel,Delhi,6,30926.0,25,Credit Card,Delivered
TXN007001,CUST2178,Sports,Yoga Mat,Pune,1,11783.34,25,Cash on Delivery,Shipped
TXN007002,CUST0361,Clothing,Shoes,Chennai,3,37720.33,25,Cash on Delivery,Delivered
TXN007003,CUST0764,Sports,Football,Mumbai,5,11312.11,5,UPI,Pending
TXN007004,CUST0815,Electronics,Smartwatch,Pune,4,29630.28,25,Debit Card,Delivered
TXN007005,CUST2051,Clothing,Jeans,Mumbai,7,34880.62,25,UPI,Pending
TXN007006,CUST1876,Clothing,T-Shirt,Kochi,6,43001.42,15,Cash on Delivery,Delivered
TXN007007,CUST2297,Books,Data Science Guide,Chennai,3,36721.63,25,UPI,Delivered
TXN007008,CUST2919,Sports,Cricket Bat,Kochi,8,39961.37,25,Debit Card,Delivered
TXN007009,CUST0089,Clothing,Jacket,Chennai,8,45655.3,20,Debit Card,Delivered
TXN007010,CUST0163,Clothing,Jacket,Mumbai,2,29928.8,20,Debit Card,Cancelled
TXN007011,CUST1014,Books,Python Programming,Bengaluru,7,42329.37,0,Cash on Delivery,Shipped
TXN007012,CUST2169,Books,Novel,Pune,1,11670.42,10,UPI,Delivered
TXN007013,CUST1249,Sports,Dumbbells,Chennai,2,40755.19,0,UPI,Delivered
TXN007014,CUST1367,Electronics,Smartwatch,Delhi,8,11162.17,0,Cash on Delivery,Delivered
TXN007015,CUST2007,Electronics,Headphones,Pune,1,46738.0,5,Cash on Delivery,Delivered
TXN007016,CUST1612,Home & Kitchen,Vacuum Cleaner,Delhi,2,16565.67,10,Credit Card,Cancelled
TXN007017,CUST0644,Clothing,T-Shirt,Pune,1,8674.72,5,UPI,Delivered
TXN007018,CUST0076,Sports,Yoga Mat,Bengaluru,5,7493.62,25,Debit Card,Pending
TXN007019,CUST1421,Clothing,Shoes,Kochi,7,9444.88,20,UPI,Delivered
TXN007020,CUST2803,Sports,Football,Hyderabad,6,22432.26,25,Credit Card,Delivered
TXN007021,CUST1442,Sports,Cricket Bat,Kochi,6,26155.25,5,Debit Card,Delivered
TXN007022,CUST1456,Sports,Football,Coimbatore,6,45697.91,20,Credit Card,Delivered
TXN007023,CUST2561,Clothing,Shoes,Bengaluru,8,19112.64,0,Cash on Delivery,Delivered
TXN007024,CUST1239,Books,Data Science Guide,Mumbai,5,10952.37,25,Cash on Delivery,Delivered
TXN007025,CUST0968,Clothing,Shoes,Coimbatore,10,37216.67,5,UPI,Delivered
TXN007026,CUST2054,Sports,Football,Mumbai,7,6819.25,25,Cash on Delivery,Shipped
TXN007027,CUST1130,Home & Kitchen,Vacuum Cleaner,Delhi,3,44624.94,10,Cash on Delivery,Delivered
TXN007028,CUST0254,Electronics,Smartwatch,Chennai,9,20529.04,5,UPI,Delivered
TXN007029,CUST2564,Sports,Football,Pune,10,30730.69,20,Credit Card,Pending
TXN007030,CUST1056,Home & Kitchen,Cookware Set,Mumbai,3,9390.6,15,Credit Card,Pending
TXN007031,CUST1586,Books,Python Programming,Delhi,6,7361.9,25,Debit Card,Delivered
TXN007032,CUST0121,Sports,Football,Bengaluru,3,39962.08,25,Debit Card,Delivered
TXN007033,CUST2274,Home & Kitchen,Table Lamp,Mumbai,1,21542.14,10,Credit Card,Delivered
TXN007034,CUST1148,Sports,Yoga Mat,Kochi,1,49338.47,20,Cash on Delivery,Delivered
TXN007035,CUST0924,Clothing,Shoes,Delhi,3,26262.47,25,Debit Card,Delivered
TXN007036,CUST0622,Home & Kitchen,Table Lamp,Chennai,4,42298.08,15,Credit Card,Delivered
TXN007037,CUST1400,Clothing,Shoes,Pune,2,49000.19,25,Cash on Delivery,Delivered
TXN007038,CUST1610,Clothing,Shoes,Mumbai,9,14129.39,10,Cash on Delivery,Delivered
TXN007039,CUST2691,Home & Kitchen,Vacuum Cleaner,Hyderabad,8,40064.0,15,Credit Card,Shipped
TXN007040,CUST0563,Electronics,Laptop,Delhi,3,1198.11,0,UPI,Shipped
TXN007041,CUST0360,Home & Kitchen,Table Lamp,Mumbai,7,34019.73,0,Credit Card,Delivered
TXN007042,CUST2990,Electronics,Laptop,Chennai,4,37285.53,25,Cash on Delivery,Delivered
TXN007043,CUST1566,Sports,Dumbbells,Pune,5,23920.45,5,Debit Card,Delivered
TXN007044,CUST2133,Sports,Cricket Bat,Mumbai,4,8189.05,5,Cash on Delivery,Delivered
TXN007045,CUST2778,Home & Kitchen,Cookware Set,Mumbai,9,30874.36,5,Cash on Delivery,Pending
TXN007046,CUST2509,Sports,Football,Pune,7,44886.68,5,Credit Card,Cancelled
TXN007047,CUST2563,Books,Python Programming,Hyderabad,4,46572.83,25,Cash on Delivery,Delivered
TXN007048,CUST2812,Clothing,Jacket,Delhi,8,37330.51,15,UPI,Delivered
TXN007049,CUST0932,Clothing,Jacket,Coimbatore,2,13259.29,10,Debit Card,Delivered
TXN007050,CUST1710,Electronics,Smartphone,Kochi,7,43529.31,10,Credit Card,Pending
TXN007051,CUST0985,Sports,Yoga Mat,Pune,1,44452.27,5,UPI,Shipped
TXN007052,CUST2347,Electronics,Smartwatch,Mumbai,8,18425.39,0,Debit Card,Delivered
TXN007053,CUST0626,Clothing,Shoes,Coimbatore,6,9230.79,20,UPI,Delivered
TXN007054,CUST1747,Clothing,Shoes,Bengaluru,5,43745.51,5,Cash on Delivery,Delivered
TXN007055,CUST1280,Sports,Cricket Bat,Mumbai,9,44266.36,5,Cash on Delivery,Delivered
TXN007056,CUST2480,Books,Machine Learning Basics,Coimbatore,9,5135.21,25,UPI,Delivered
TXN007057,CUST1349,Books,Machine Learning Basics,Bengaluru,3,48352.52,0,Debit Card,Delivered
TXN007058,CUST1840,Sports,Dumbbells,Hyderabad,9,26700.72,20,UPI,Delivered
TXN007059,CUST2221,Sports,Cricket Bat,Delhi,9,49687.14,15,UPI,Delivered
TXN007060,CUST0540,Electronics,Smartwatch,Mumbai,2,22305.91,15,UPI,Shipped
TXN007061,CUST0847,Sports,Cricket Bat,Delhi,5,26710.84,20,Debit Card,Delivered
TXN007062,CUST2673,Books,Machine Learning Basics,Bengaluru,2,13377.53,20,UPI,Cancelled
TXN007063,CUST0568,Sports,Yoga Mat,Delhi,1,44957.48,15,Cash on Delivery,Delivered
TXN007064,CUST2380,Electronics,Laptop,Delhi,7,22241.23,5,Credit Card,Cancelled
TXN007065,CUST2218,Electronics,Headphones,Pune,4,40749.24,5,Cash on Delivery,Delivered
TXN007066,CUST2802,Electronics,Laptop,Chennai,5,4078.74,25,Cash on Delivery,Delivered
TXN007067,CUST0829,Electronics,Smartphone,Bengaluru,4,39433.51,0,UPI,Delivered
TXN007068,CUST0566,Home & Kitchen,Mixer,Delhi,6,24563.13,20,Credit Card,Delivered
TXN007069,CUST1266,Sports,Football,Kochi,2,369.85,5,UPI,Delivered
TXN007070,CUST2821,Clothing,Jacket,Coimbatore,8,11390.52,5,Credit Card,Delivered
TXN007071,CUST2889,Sports,Cricket Bat,Bengaluru,4,9767.14,0,Cash on Delivery,Delivered
TXN007072,CUST2146,Home & Kitchen,Mixer,Chennai,8,37613.05,20,Debit Card,Shipped
TXN007073,CUST0554,Electronics,Laptop,Mumbai,3,23912.39,0,UPI,Shipped
TXN007074,CUST1762,Home & Kitchen,Vacuum Cleaner,Hyderabad,5,8069.95,0,Cash on Delivery,Delivered
TXN007075,CUST0595,Books,Python Programming,Delhi,3,12914.47,15,Credit Card,Cancelled
TXN007076,CUST2688,Books,Novel,Coimbatore,7,25253.43,0,Cash on Delivery,Delivered
TXN007077,CUST2314,Sports,Dumbbells,Chennai,3,1079.95,20,Cash on Delivery,Delivered
TXN007078,CUST0648,Sports,Yoga Mat,Bengaluru,8,21263.87,5,Cash on Delivery,Delivered
TXN007079,CUST1301,Clothing,Shoes,Hyderabad,9,33935.26,5,Debit Card,Delivered
TXN007080,CUST0278,Clothing,Jacket,Hyderabad,2,25935.95,15,UPI,Delivered
TXN007081,CUST2283,Books,Machine Learning Basics,Kochi,3,29945.17,20,UPI,Cancelled
TXN007082,CUST2184,Electronics,Headphones,Delhi,7,16398.24,5,UPI,Delivered
TXN007083,CUST2947,Home & Kitchen,Vacuum Cleaner,Chennai,5,9235.48,0,Debit Card,Delivered
TXN007084,CUST0485,Clothing,T-Shirt,Chennai,10,40506.09,10,Debit Card,Delivered
TXN007085,CUST0755,Clothing,T-Shirt,Coimbatore,7,45291.18,10,Credit Card,Delivered
TXN007086,CUST1301,Electronics,Smartwatch,Mumbai,2,25585.95,10,UPI,Delivered
TXN007087,CUST0597,Electronics,Smartwatch,Mumbai,4,15321.56,10,Credit Card,Delivered
TXN007088,CUST2979,Sports,Dumbbells,Pune,1,25609.12,0,Cash on Delivery,Delivered
TXN007089,CUST0121,Home & Kitchen,Mixer,Mumbai,5,43961.38,5,Credit Card,Cancelled
TXN007090,CUST1306,Electronics,Smartphone,Pune,8,34601.18,15,Credit Card,Delivered
TXN007091,CUST1696,Clothing,Jeans,Hyderabad,1,42944.94,0,Cash on Delivery,Delivered
TXN007092,CUST1685,Clothing,Shoes,Hyderabad,7,16486.13,5,Cash on Delivery,Shipped
TXN007093,CUST1243,Books,Machine Learning Basics,Kochi,7,35627.76,20,Credit Card,Delivered
TXN007094,CUST1815,Electronics,Smartwatch,Bengaluru,7,32687.14,5,Credit Card,Pending
TXN007095,CUST2609,Sports,Yoga Mat,Hyderabad,1,28623.66,5,UPI,Cancelled
TXN007096,CUST1122,Home & Kitchen,Cookware Set,Hyderabad,3,26458.42,5,Debit Card,Delivered
TXN007097,CUST0623,Sports,Football,Chennai,2,27593.8,0,Cash on Delivery,Delivered
TXN007098,CUST0770,Clothing,Jeans,Bengaluru,5,42498.59,5,Credit Card,Delivered
TXN007099,CUST0438,Sports,Cricket Bat,Chennai,2,45808.13,5,Debit Card,Delivered
TXN007100,CUST0539,Clothing,Shoes,Coimbatore,5,5731.74,20,Credit Card,Delivered
TXN007101,CUST0757,Clothing,Jacket,Pune,5,28481.7,20,UPI,Delivered
TXN007102,CUST0108,Clothing,Shoes,Pune,4,45928.58,10,Credit Card,Cancelled
TXN007103,CUST2507,Clothing,Jeans,Coimbatore,7,6823.53,25,Cash on Delivery,Delivered
TXN007104,CUST2528,Clothing,T-Shirt,Pune,10,20701.68,0,Credit Card,Delivered
TXN007105,CUST1094,Books,Python Programming,Bengaluru,6,4545.1,5,Credit Card,Delivered
TXN007106,CUST2481,Sports,Yoga Mat,Bengaluru,2,5762.47,10,Cash on Delivery,Delivered
TXN007107,CUST2323,Books,Python Programming,Hyderabad,4,45215.13,10,UPI,Delivered
TXN007108,CUST2509,Books,Data Science Guide,Pune,7,22364.36,0,Cash on Delivery,Delivered
TXN007109,CUST0946,Electronics,Laptop,Coimbatore,9,34468.11,25,Credit Card,Shipped
TXN007110,CUST2443,Electronics,Smartwatch,Delhi,9,7031.83,10,UPI,Delivered
TXN007111,CUST0952,Electronics,Laptop,Mumbai,3,1195.18,10,Cash on Delivery,Delivered
TXN007112,CUST0946,Home & Kitchen,Table Lamp,Hyderabad,1,44535.15,0,Debit Card,Delivered
TXN007113,CUST2816,Electronics,Laptop,Mumbai,9,28769.83,15,Debit Card,Delivered
TXN007114,CUST0107,Sports,Dumbbells,Coimbatore,8,1097.39,10,Debit Card,Delivered
TXN007115,CUST1472,Books,Machine Learning Basics,Pune,7,49617.74,20,Cash on Delivery,Delivered
TXN007116,CUST0326,Sports,Football,Pune,6,24660.4,10,UPI,Cancelled
TXN007117,CUST2819,Electronics,Smartphone,Mumbai,10,23846.24,0,Cash on Delivery,Delivered
TXN007118,CUST1953,Home & Kitchen,Mixer,Delhi,7,31083.62,0,Credit Card,Shipped
TXN007119,CUST0550,Home & Kitchen,Cookware Set,Pune,9,494.44,25,Cash on Delivery,Shipped
TXN007120,CUST2058,Books,Python Programming,Delhi,6,28500.0,15,Debit Card,Delivered
TXN007121,CUST2477,Sports,Yoga Mat,Chennai,10,31511.25,15,Debit Card,Cancelled
TXN007122,CUST1921,Clothing,Shoes,Bengaluru,3,14917.98,25,Credit Card,Cancelled
TXN007123,CUST2917,Sports,Cricket Bat,Mumbai,3,36369.94,25,Cash on Delivery,Pending
TXN007124,CUST2661,Electronics,Laptop,Pune,4,18933.85,20,Debit Card,Delivered
TXN007125,CUST1532,Clothing,Shoes,Delhi,10,35916.88,20,Cash on Delivery,Shipped
TXN007126,CUST0754,Home & Kitchen,Cookware Set,Kochi,10,7276.88,10,Debit Card,Cancelled
TXN007127,CUST1588,Books,Novel,Kochi,8,45693.52,15,Credit Card,Delivered
TXN007128,CUST2013,Books,Python Programming,Pune,10,43984.92,20,UPI,Delivered
TXN007129,CUST1941,Home & Kitchen,Mixer,Bengaluru,9,7616.26,10,UPI,Delivered
TXN007130,CUST0564,Electronics,Smartwatch,Bengaluru,8,46928.85,5,Debit Card,Delivered
TXN007131,CUST0671,Home & Kitchen,Vacuum Cleaner,Chennai,10,27933.24,10,Debit Card,Delivered
TXN007132,CUST0792,Electronics,Headphones,Bengaluru,2,35112.32,20,Cash on Delivery,Delivered
TXN007133,CUST0927,Clothing,Shoes,Bengaluru,4,42030.66,10,UPI,Delivered
TXN007134,CUST0133,Home & Kitchen,Vacuum Cleaner,Hyderabad,4,4270.14,5,Cash on Delivery,Delivered
TXN007135,CUST1674,Electronics,Headphones,Kochi,2,8547.29,20,Debit Card,Delivered
TXN007136,CUST0062,Clothing,Jacket,Coimbatore,8,14590.51,10,UPI,Pending
TXN007137,CUST1106,Home & Kitchen,Cookware Set,Kochi,3,23912.5,20,Cash on Delivery,Delivered
TXN007138,CUST1692,Books,Machine Learning Basics,Kochi,2,17368.12,25,Debit Card,Delivered
TXN007139,CUST0912,Home & Kitchen,Cookware Set,Pune,7,25341.73,25,Cash on Delivery,Delivered
TXN007140,CUST2750,Sports,Football,Kochi,1,9377.26,10,Cash on Delivery,Pending
TXN007141,CUST0831,Home & Kitchen,Mixer,Chennai,6,34139.49,0,Debit Card,Delivered
TXN007142,CUST0838,Sports,Dumbbells,Chennai,3,2881.17,20,Cash on Delivery,Delivered
TXN007143,CUST0271,Clothing,Shoes,Mumbai,3,18136.33,20,Cash on Delivery,Shipped
TXN007144,CUST0726,Home & Kitchen,Vacuum Cleaner,Bengaluru,5,9033.76,25,UPI,Delivered
TXN007145,CUST1800,Clothing,Jacket,Mumbai,3,36523.67,25,Cash on Delivery,Delivered
TXN007146,CUST2528,Clothing,Jacket,Hyderabad,4,44194.3,20,Credit Card,Delivered
TXN007147,CUST2007,Electronics,Smartwatch,Kochi,3,4031.43,20,Debit Card,Pending
TXN007148,CUST2818,Clothing,Shoes,Delhi,7,39273.39,25,Cash on Delivery,Delivered
TXN007149,CUST1331,Clothing,T-Shirt,Bengaluru,3,44796.54,10,Debit Card,Delivered
TXN007150,CUST1875,Home & Kitchen,Vacuum Cleaner,Delhi,10,48701.11,15,Credit Card,Delivered
TXN007151,CUST1011,Home & Kitchen,Vacuum Cleaner,Kochi,4,29011.37,10,Debit Card,Delivered
TXN007152,CUST1752,Books,Python Programming,Coimbatore,2,16436.86,5,Credit Card,Pending
TXN007153,CUST1659,Electronics,Laptop,Hyderabad,2,16166.48,0,Credit Card,Shipped
TXN007154,CUST0172,Clothing,Jeans,Bengaluru,9,19010.61,10,UPI,Pending
TXN007155,CUST2491,Electronics,Laptop,Mumbai,1,30672.1,10,Credit Card,Delivered
TXN007156,CUST1559,Sports,Football,Mumbai,1,24562.48,20,UPI,Delivered
TXN007157,CUST2950,Clothing,Shoes,Bengaluru,10,32716.39,5,Cash on Delivery,Shipped
TXN007158,CUST1282,Electronics,Laptop,Pune,1,2061.76,20,UPI,Delivered
TXN007159,CUST1615,Books,Python Programming,Mumbai,3,5383.49,25,UPI,Delivered
TXN007160,CUST2505,Books,Machine Learning Basics,Kochi,2,48829.32,20,Cash on Delivery,Delivered
TXN007161,CUST2343,Clothing,Shoes,Kochi,3,49769.74,15,Debit Card,Delivered
TXN007162,CUST2433,Sports,Dumbbells,Pune,5,37358.27,0,Debit Card,Delivered
TXN007163,CUST2197,Books,Novel,Bengaluru,9,12894.22,15,Cash on Delivery,Cancelled
TXN007164,CUST2152,Books,Machine Learning Basics,Chennai,2,47673.75,20,Credit Card,Delivered
TXN007165,CUST2628,Sports,Yoga Mat,Mumbai,1,10763.77,0,UPI,Delivered
TXN007166,CUST2885,Electronics,Smartphone,Pune,6,36598.42,10,Debit Card,Delivered
TXN007167,CUST0158,Books,Data Science Guide,Bengaluru,3,5851.39,5,Debit Card,Shipped
TXN007168,CUST2133,Home & Kitchen,Cookware Set,Bengaluru,7,32480.33,15,Credit Card,Shipped
TXN007169,CUST0448,Books,Novel,Pune,6,37999.8,5,Debit Card,Delivered
TXN007170,CUST1850,Electronics,Smartphone,Mumbai,7,42996.04,20,Debit Card,Delivered
TXN007171,CUST1872,Electronics,Headphones,Chennai,5,36741.88,0,Debit Card,Delivered
TXN007172,CUST0174,Clothing,T-Shirt,Mumbai,1,46181.92,25,Cash on Delivery,Delivered
TXN007173,CUST1007,Home & Kitchen,Table Lamp,Bengaluru,3,26094.07,10,Debit Card,Delivered
TXN007174,CUST2125,Electronics,Smartwatch,Chennai,3,33903.69,0,Debit Card,Delivered
TXN007175,CUST2204,Sports,Dumbbells,Kochi,7,18540.55,25,Cash on Delivery,Delivered
TXN007176,CUST1621,Home & Kitchen,Cookware Set,Delhi,3,618.43,5,Debit Card,Delivered
TXN007177,CUST0161,Home & Kitchen,Table Lamp,Coimbatore,5,37858.98,5,Credit Card,Delivered
TXN007178,CUST2285,Sports,Dumbbells,Mumbai,4,43506.05,10,UPI,Shipped
TXN007179,CUST1587,Books,Python Programming,Hyderabad,4,8778.83,25,Cash on Delivery,Delivered
TXN007180,CUST2115,Sports,Yoga Mat,Bengaluru,7,1529.17,25,Cash on Delivery,Delivered
TXN007181,CUST2584,Sports,Yoga Mat,Chennai,1,8308.64,10,Debit Card,Delivered
TXN007182,CUST0202,Books,Python Programming,Pune,7,44774.94,0,UPI,Delivered
TXN007183,CUST0778,Books,Machine Learning Basics,Kochi,8,14845.97,15,Credit Card,Delivered
TXN007184,CUST1193,Books,Data Science Guide,Pune,3,11761.84,0,Credit Card,Delivered
TXN007185,CUST1801,Books,Novel,Pune,3,828.03,5,UPI,Delivered
TXN007186,CUST1631,Books,Novel,Chennai,4,14923.05,0,UPI,Delivered
TXN007187,CUST1248,Sports,Dumbbells,Delhi,6,35810.39,20,Credit Card,Delivered
TXN007188,CUST1172,Clothing,Jeans,Mumbai,7,47958.56,0,Debit Card,Delivered
TXN007189,CUST1890,Clothing,Shoes,Hyderabad,1,15705.79,0,UPI,Delivered
TXN007190,CUST0682,Electronics,Smartwatch,Kochi,4,12110.2,25,UPI,Delivered
TXN007191,CUST1731,Clothing,Jeans,Pune,7,44414.64,20,Debit Card,Delivered
TXN007192,CUST1206,Clothing,Jacket,Chennai,2,42639.99,5,Cash on Delivery,Pending
TXN007193,CUST2512,Sports,Football,Pune,1,16475.2,10,UPI,Cancelled
TXN007194,CUST0224,Books,Data Science Guide,Delhi,1,3533.38,0,Debit Card,Delivered
TXN007195,CUST2827,Books,Machine Learning Basics,Bengaluru,10,49600.27,15,Credit Card,Shipped
TXN007196,CUST2118,Sports,Football,Pune,6,34067.14,25,Cash on Delivery,Delivered
TXN007197,CUST0583,Clothing,Jacket,Delhi,5,46336.37,25,UPI,Delivered
TXN007198,CUST1899,Sports,Dumbbells,Mumbai,1,17159.54,10,Debit Card,Shipped
TXN007199,CUST2647,Electronics,Smartphone,Kochi,10,32419.5,15,Cash on Delivery,Delivered
TXN007200,CUST1851,Books,Python Programming,Kochi,3,33757.41,0,Debit Card,Delivered
TXN007201,CUST0371,Home & Kitchen,Mixer,Pune,7,43657.98,15,Credit Card,Shipped
TXN007202,CUST2960,Electronics,Smartphone,Delhi,9,49653.6,25,UPI,Pending
TXN007203,CUST2051,Electronics,Smartphone,Chennai,9,5522.44,10,Debit Card,Cancelled
TXN007204,CUST0464,Sports,Football,Chennai,6,31592.73,15,UPI,Delivered
TXN007205,CUST0737,Clothing,Shoes,Coimbatore,3,16888.35,15,Debit Card,Cancelled
TXN007206,CUST2398,Books,Novel,Delhi,1,40601.76,10,UPI,Delivered
TXN007207,CUST2852,Home & Kitchen,Mixer,Bengaluru,3,37731.98,10,UPI,Pending
TXN007208,CUST2239,Electronics,Laptop,Pune,10,44636.67,10,Cash on Delivery,Delivered
TXN007209,CUST0555,Home & Kitchen,Mixer,Hyderabad,2,17250.77,25,Debit Card,Delivered
TXN007210,CUST1611,Clothing,T-Shirt,Hyderabad,5,9308.06,10,Debit Card,Delivered
TXN007211,CUST1694,Clothing,Shoes,Mumbai,8,1187.9,20,UPI,Delivered
TXN007212,CUST1325,Home & Kitchen,Cookware Set,Coimbatore,5,12849.78,0,UPI,Delivered
TXN007213,CUST1847,Books,Python Programming,Delhi,1,18421.86,25,Cash on Delivery,Delivered
TXN007214,CUST0103,Clothing,Jeans,Bengaluru,3,47308.74,10,Credit Card,Delivered
TXN007215,CUST0733,Home & Kitchen,Vacuum Cleaner,Coimbatore,5,24619.49,5,Debit Card,Pending
TXN007216,CUST1859,Electronics,Headphones,Chennai,7,27866.33,15,UPI,Delivered
TXN007217,CUST2418,Home & Kitchen,Vacuum Cleaner,Mumbai,5,44018.43,10,Cash on Delivery,Delivered
TXN007218,CUST2919,Home & Kitchen,Mixer,Pune,10,44264.97,10,UPI,Delivered
TXN007219,CUST0828,Sports,Cricket Bat,Pune,5,26443.0,0,Debit Card,Pending
TXN007220,CUST1863,Clothing,Jeans,Pune,7,5773.8,10,Cash on Delivery,Shipped
TXN007221,CUST0370,Books,Machine Learning Basics,Delhi,8,13598.76,25,Cash on Delivery,Delivered
TXN007222,CUST1025,Books,Machine Learning Basics,Hyderabad,8,22898.72,20,UPI,Shipped
TXN007223,CUST1328,Sports,Cricket Bat,Bengaluru,7,37583.36,5,UPI,Delivered
TXN007224,CUST2834,Books,Python Programming,Pune,3,35612.92,5,Credit Card,Delivered
TXN007225,CUST2657,Home & Kitchen,Mixer,Pune,2,32171.14,10,Credit Card,Delivered
TXN007226,CUST2915,Sports,Cricket Bat,Chennai,1,44024.25,0,Debit Card,Delivered
TXN007227,CUST0672,Electronics,Smartphone,Kochi,6,40152.06,25,Debit Card,Delivered
TXN007228,CUST2943,Clothing,Jeans,Coimbatore,9,49107.5,25,Cash on Delivery,Delivered
TXN007229,CUST0507,Clothing,Jeans,Pune,3,44469.01,10,Debit Card,Delivered
TXN007230,CUST0374,Clothing,Shoes,Mumbai,5,9863.26,15,Credit Card,Delivered
TXN007231,CUST0468,Home & Kitchen,Table Lamp,Coimbatore,9,2975.07,25,Credit Card,Delivered
TXN007232,CUST2893,Electronics,Smartphone,Hyderabad,9,20784.1,25,Credit Card,Shipped
TXN007233,CUST1841,Sports,Yoga Mat,Coimbatore,7,30913.47,25,UPI,Pending
TXN007234,CUST2598,Sports,Yoga Mat,Bengaluru,4,32190.86,5,Credit Card,Cancelled
TXN007235,CUST1487,Clothing,T-Shirt,Chennai,2,13448.89,25,Credit Card,Delivered
TXN007236,CUST0350,Electronics,Headphones,Delhi,2,43008.06,15,Debit Card,Delivered
TXN007237,CUST2146,Electronics,Laptop,Bengaluru,4,16529.4,20,Credit Card,Shipped
TXN007238,CUST2898,Electronics,Smartphone,Hyderabad,1,45963.82,5,Credit Card,Shipped
TXN007239,CUST1574,Books,Novel,Mumbai,4,23632.91,5,UPI,Shipped
TXN007240,CUST2978,Books,Machine Learning Basics,Hyderabad,6,618.49,20,Credit Card,Delivered
TXN007241,CUST2096,Clothing,Jeans,Hyderabad,6,8185.86,15,Debit Card,Delivered
TXN007242,CUST2508,Electronics,Smartphone,Coimbatore,7,5205.73,10,UPI,Delivered
TXN007243,CUST0655,Electronics,Smartwatch,Mumbai,5,2296.89,0,Cash on Delivery,Delivered
TXN007244,CUST1552,Sports,Football,Bengaluru,9,35729.46,15,Credit Card,Shipped
TXN007245,CUST2255,Sports,Yoga Mat,Hyderabad,2,9696.56,20,Credit Card,Delivered
TXN007246,CUST1559,Clothing,T-Shirt,Bengaluru,2,41947.13,25,Credit Card,Delivered
TXN007247,CUST0180,Electronics,Smartwatch,Pune,4,13296.99,25,Cash on Delivery,Delivered
TXN007248,CUST0700,Clothing,Jacket,Pune,4,1713.12,20,UPI,Delivered
TXN007249,CUST1373,Sports,Football,Pune,4,41051.7,25,UPI,Delivered
TXN007250,CUST2317,Sports,Dumbbells,Delhi,1,23360.68,20,Credit Card,Cancelled
TXN007251,CUST2702,Books,Novel,Coimbatore,4,30015.32,5,Cash on Delivery,Delivered
TXN007252,CUST0615,Clothing,Jacket,Bengaluru,5,16877.74,10,Debit Card,Delivered
TXN007253,CUST0665,Clothing,Jacket,Pune,9,2397.42,5,Cash on Delivery,Delivered
TXN007254,CUST0593,Electronics,Headphones,Pune,3,18571.84,5,Credit Card,Delivered
TXN007255,CUST0733,Electronics,Smartwatch,Mumbai,3,25962.49,5,Cash on Delivery,Delivered
TXN007256,CUST2917,Books,Novel,Hyderabad,5,683.16,20,UPI,Delivered
TXN007257,CUST0211,Home & Kitchen,Cookware Set,Pune,10,28757.07,15,UPI,Delivered
TXN007258,CUST1719,Home & Kitchen,Vacuum Cleaner,Delhi,6,44662.8,0,UPI,Shipped
TXN007259,CUST1262,Home & Kitchen,Vacuum Cleaner,Mumbai,3,10970.24,0,Debit Card,Delivered
TXN007260,CUST1268,Clothing,Jeans,Coimbatore,1,46345.78,10,Cash on Delivery,Delivered
TXN007261,CUST2991,Clothing,Jeans,Kochi,10,4970.67,10,Credit Card,Shipped
TXN007262,CUST1828,Sports,Dumbbells,Kochi,8,41289.27,20,Credit Card,Cancelled
TXN007263,CUST1183,Clothing,Jeans,Delhi,1,42032.19,0,UPI,Cancelled
TXN007264,CUST2566,Clothing,Jeans,Delhi,2,12962.22,15,Credit Card,Delivered
TXN007265,CUST0741,Clothing,T-Shirt,Delhi,3,47896.39,20,Debit Card,Cancelled
TXN007266,CUST0482,Books,Python Programming,Hyderabad,6,20888.28,10,Cash on Delivery,Delivered
TXN007267,CUST0539,Clothing,T-Shirt,Kochi,4,7148.68,20,Debit Card,Delivered
TXN007268,CUST0831,Electronics,Smartphone,Pune,4,29626.55,10,Cash on Delivery,Shipped
TXN007269,CUST0015,Electronics,Laptop,Chennai,9,49831.07,0,Cash on Delivery,Delivered
TXN007270,CUST2551,Sports,Cricket Bat,Delhi,6,44974.65,20,Cash on Delivery,Shipped
TXN007271,CUST1037,Books,Novel,Mumbai,2,14002.28,5,Credit Card,Delivered
TXN007272,CUST0051,Electronics,Laptop,Kochi,7,28891.63,25,Credit Card,Delivered
TXN007273,CUST1879,Books,Data Science Guide,Mumbai,3,5856.85,10,Credit Card,Delivered
TXN007274,CUST2039,Books,Python Programming,Coimbatore,9,23146.06,5,Credit Card,Shipped
TXN007275,CUST2043,Sports,Yoga Mat,Bengaluru,6,26201.2,10,Credit Card,Delivered
TXN007276,CUST2227,Books,Machine Learning Basics,Bengaluru,8,15832.39,5,Credit Card,Delivered
TXN007277,CUST0024,Clothing,Jacket,Chennai,1,24260.94,0,UPI,Delivered
TXN007278,CUST2491,Books,Data Science Guide,Hyderabad,2,46004.93,0,UPI,Pending
TXN007279,CUST2022,Sports,Dumbbells,Pune,6,25056.87,15,UPI,Pending
TXN007280,CUST0975,Sports,Dumbbells,Hyderabad,3,41566.42,15,Debit Card,Delivered
TXN007281,CUST0889,Sports,Dumbbells,Pune,1,15937.78,15,Debit Card,Delivered
TXN007282,CUST2412,Electronics,Smartphone,Delhi,6,48573.07,20,Debit Card,Delivered
TXN007283,CUST2702,Clothing,Jacket,Kochi,5,4763.82,10,Cash on Delivery,Shipped
TXN007284,CUST1949,Electronics,Laptop,Pune,9,29320.77,20,Cash on Delivery,Pending
TXN007285,CUST1859,Home & Kitchen,Table Lamp,Kochi,6,39515.4,15,Debit Card,Pending
TXN007286,CUST1680,Clothing,T-Shirt,Chennai,5,40720.65,10,UPI,Delivered
TXN007287,CUST1810,Books,Machine Learning Basics,Coimbatore,1,9994.23,20,Credit Card,Shipped
TXN007288,CUST0326,Sports,Football,Coimbatore,1,20142.13,0,Credit Card,Delivered
TXN007289,CUST2463,Home & Kitchen,Table Lamp,Bengaluru,1,31247.39,10,Credit Card,Delivered
TXN007290,CUST2459,Clothing,Jeans,Coimbatore,7,15862.55,15,Cash on Delivery,Delivered
TXN007291,CUST0027,Electronics,Headphones,Delhi,6,32948.97,0,Debit Card,Delivered
TXN007292,CUST1003,Sports,Cricket Bat,Mumbai,5,19001.16,10,UPI,Delivered
TXN007293,CUST2242,Electronics,Smartphone,Coimbatore,4,17608.23,20,Credit Card,Delivered
TXN007294,CUST1140,Clothing,T-Shirt,Chennai,8,5492.6,25,Debit Card,Delivered
TXN007295,CUST2539,Clothing,Jacket,Delhi,8,2058.72,25,Debit Card,Delivered
TXN007296,CUST2575,Home & Kitchen,Table Lamp,Coimbatore,5,41780.16,15,Cash on Delivery,Delivered
TXN007297,CUST2284,Books,Data Science Guide,Hyderabad,4,24528.27,20,Cash on Delivery,Delivered
TXN007298,CUST0851,Electronics,Smartwatch,Pune,2,28187.37,0,Cash on Delivery,Cancelled
TXN007299,CUST0201,Home & Kitchen,Table Lamp,Coimbatore,7,18673.83,0,Cash on Delivery,Delivered
TXN007300,CUST0758,Sports,Dumbbells,Hyderabad,5,6923.43,0,Debit Card,Shipped
TXN007301,CUST0608,Books,Machine Learning Basics,Delhi,3,22533.64,10,Cash on Delivery,Delivered
TXN007302,CUST0226,Home & Kitchen,Table Lamp,Coimbatore,9,11524.96,15,Credit Card,Delivered
TXN007303,CUST2676,Electronics,Laptop,Hyderabad,9,41900.38,25,UPI,Delivered
TXN007304,CUST1430,Clothing,Jacket,Mumbai,10,49340.75,0,Cash on Delivery,Delivered
TXN007305,CUST0151,Sports,Dumbbells,Kochi,8,44465.9,20,Credit Card,Delivered
TXN007306,CUST0596,Electronics,Headphones,Bengaluru,1,26460.89,15,UPI,Pending
TXN007307,CUST0133,Books,Data Science Guide,Delhi,3,31443.77,25,Cash on Delivery,Delivered
TXN007308,CUST2733,Books,Python Programming,Hyderabad,2,47411.31,20,Cash on Delivery,Delivered
TXN007309,CUST2368,Clothing,Jeans,Chennai,4,26980.23,20,UPI,Delivered
TXN007310,CUST2472,Clothing,Jacket,Kochi,2,31965.6,0,Credit Card,Delivered
TXN007311,CUST1223,Sports,Dumbbells,Coimbatore,8,31498.55,15,Credit Card,Delivered
TXN007312,CUST1357,Sports,Cricket Bat,Hyderabad,1,35435.25,5,Debit Card,Delivered
TXN007313,CUST0360,Clothing,Shoes,Kochi,4,32050.23,10,Debit Card,Delivered
TXN007314,CUST0201,Clothing,Jacket,Pune,5,33568.2,5,Cash on Delivery,Cancelled
TXN007315,CUST0447,Books,Data Science Guide,Kochi,10,36322.13,10,Credit Card,Delivered
TXN007316,CUST1708,Clothing,T-Shirt,Hyderabad,4,40474.05,15,Credit Card,Delivered
TXN007317,CUST0731,Home & Kitchen,Cookware Set,Hyderabad,8,20212.44,25,Cash on Delivery,Delivered
TXN007318,CUST0661,Electronics,Laptop,Pune,2,37317.12,0,UPI,Delivered
TXN007319,CUST2753,Clothing,Shoes,Bengaluru,9,5100.17,15,UPI,Shipped
TXN007320,CUST1165,Sports,Yoga Mat,Kochi,2,43821.79,5,Debit Card,Pending
TXN007321,CUST2504,Home & Kitchen,Cookware Set,Pune,2,14573.21,20,Cash on Delivery,Delivered
TXN007322,CUST2708,Sports,Football,Pune,2,20232.67,10,UPI,Delivered
TXN007323,CUST2833,Home & Kitchen,Table Lamp,Kochi,10,40200.16,10,Cash on Delivery,Shipped
TXN007324,CUST2867,Clothing,T-Shirt,Chennai,8,31885.65,5,Credit Card,Delivered
TXN007325,CUST2437,Electronics,Smartphone,Pune,3,15500.54,0,UPI,Delivered
TXN007326,CUST2345,Sports,Yoga Mat,Chennai,10,11347.42,15,UPI,Delivered
TXN007327,CUST2303,Home & Kitchen,Vacuum Cleaner,Mumbai,10,47889.95,5,UPI,Delivered
TXN007328,CUST0727,Books,Machine Learning Basics,Kochi,8,4480.04,15,Credit Card,Shipped
TXN007329,CUST1866,Clothing,Jacket,Pune,7,316.32,0,Debit Card,Cancelled
TXN007330,CUST2372,Electronics,Smartphone,Bengaluru,10,33679.45,20,Cash on Delivery,Delivered
TXN007331,CUST1476,Clothing,T-Shirt,Pune,4,30762.27,15,UPI,Delivered
TXN007332,CUST0147,Books,Novel,Hyderabad,7,36906.94,0,Credit Card,Delivered
TXN007333,CUST0382,Electronics,Laptop,Delhi,8,36608.53,5,UPI,Pending
TXN007334,CUST1226,Books,Data Science Guide,Bengaluru,6,43176.63,25,Cash on Delivery,Pending
TXN007335,CUST1323,Clothing,Jeans,Pune,6,46113.22,20,Cash on Delivery,Delivered
TXN007336,CUST1510,Home & Kitchen,Vacuum Cleaner,Bengaluru,3,38773.73,20,UPI,Pending
TXN007337,CUST1553,Clothing,Jacket,Kochi,5,11691.41,20,Credit Card,Delivered
TXN007338,CUST0278,Clothing,Shoes,Chennai,10,23228.46,10,UPI,Delivered
TXN007339,CUST1751,Clothing,Jeans,Mumbai,2,32121.59,25,Credit Card,Delivered
TXN007340,CUST2255,Sports,Dumbbells,Mumbai,5,27014.33,0,Debit Card,Delivered
TXN007341,CUST0266,Books,Python Programming,Kochi,5,8028.99,15,UPI,Delivered
TXN007342,CUST1200,Books,Novel,Kochi,7,29504.72,5,Credit Card,Delivered
TXN007343,CUST1929,Books,Machine Learning Basics,Bengaluru,4,44337.78,20,UPI,Delivered
TXN007344,CUST0552,Sports,Dumbbells,Kochi,6,20984.01,20,Cash on Delivery,Delivered
TXN007345,CUST0500,Home & Kitchen,Mixer,Bengaluru,9,33479.75,20,Cash on Delivery,Delivered
TXN007346,CUST2846,Clothing,Jacket,Kochi,4,30835.12,0,UPI,Delivered
TXN007347,CUST1125,Home & Kitchen,Vacuum Cleaner,Pune,6,18914.45,5,UPI,Delivered
TXN007348,CUST1349,Sports,Cricket Bat,Kochi,9,28307.03,0,Credit Card,Delivered
TXN007349,CUST2159,Books,Novel,Coimbatore,10,10589.58,5,Credit Card,Pending
TXN007350,CUST1695,Clothing,T-Shirt,Hyderabad,1,27350.75,15,Cash on Delivery,Delivered
TXN007351,CUST2149,Electronics,Smartwatch,Chennai,8,39961.6,10,Credit Card,Delivered
TXN007352,CUST0860,Electronics,Smartwatch,Hyderabad,1,37971.49,5,Cash on Delivery,Delivered
TXN007353,CUST2851,Home & Kitchen,Table Lamp,Delhi,4,17961.93,25,Debit Card,Delivered
TXN007354,CUST0857,Books,Data Science Guide,Delhi,3,5693.05,0,UPI,Delivered
TXN007355,CUST2507,Electronics,Headphones,Mumbai,4,40017.13,0,Credit Card,Delivered
TXN007356,CUST0239,Home & Kitchen,Cookware Set,Chennai,7,13325.45,0,Cash on Delivery,Delivered
TXN007357,CUST0448,Sports,Dumbbells,Hyderabad,9,2746.88,10,Cash on Delivery,Delivered
TXN007358,CUST2341,Home & Kitchen,Vacuum Cleaner,Mumbai,9,22315.13,5,UPI,Delivered
TXN007359,CUST2989,Home & Kitchen,Vacuum Cleaner,Delhi,10,36999.58,5,UPI,Delivered
TXN007360,CUST2577,Home & Kitchen,Mixer,Bengaluru,1,40443.82,5,UPI,Delivered
TXN007361,CUST2167,Clothing,Jeans,Chennai,10,49111.89,5,Credit Card,Delivered
TXN007362,CUST0360,Home & Kitchen,Vacuum Cleaner,Chennai,1,9551.44,20,Debit Card,Delivered
TXN007363,CUST1982,Home & Kitchen,Table Lamp,Kochi,9,14760.36,20,Debit Card,Pending
TXN007364,CUST2966,Clothing,Jacket,Kochi,4,30513.58,25,Debit Card,Delivered
TXN007365,CUST2821,Clothing,T-Shirt,Hyderabad,3,40586.05,0,Debit Card,Pending
TXN007366,CUST2478,Sports,Football,Kochi,9,11780.34,20,Cash on Delivery,Delivered
TXN007367,CUST2896,Books,Python Programming,Kochi,5,20554.73,5,Credit Card,Delivered
TXN007368,CUST1177,Electronics,Laptop,Pune,6,20479.19,5,Debit Card,Delivered
TXN007369,CUST1750,Electronics,Smartwatch,Coimbatore,1,38669.54,20,Debit Card,Delivered
TXN007370,CUST2494,Home & Kitchen,Cookware Set,Hyderabad,1,12122.52,15,Credit Card,Pending
TXN007371,CUST1297,Sports,Dumbbells,Kochi,7,48441.05,25,Credit Card,Delivered
TXN007372,CUST1064,Home & Kitchen,Mixer,Bengaluru,10,25572.14,0,UPI,Delivered
TXN007373,CUST2153,Electronics,Smartwatch,Pune,8,14175.14,10,UPI,Delivered
TXN007374,CUST2356,Clothing,T-Shirt,Pune,8,14285.77,25,Debit Card,Delivered
TXN007375,CUST2553,Books,Python Programming,Pune,7,1013.17,0,Cash on Delivery,Cancelled
TXN007376,CUST1450,Sports,Yoga Mat,Bengaluru,9,34652.3,0,UPI,Cancelled
TXN007377,CUST0532,Clothing,Shoes,Mumbai,1,38819.82,0,Credit Card,Delivered
TXN007378,CUST2517,Books,Python Programming,Chennai,2,1718.15,25,UPI,Delivered
TXN007379,CUST2305,Sports,Yoga Mat,Mumbai,3,29338.13,25,UPI,Delivered
TXN007380,CUST2034,Sports,Cricket Bat,Bengaluru,5,39105.47,20,Credit Card,Shipped
TXN007381,CUST2129,Electronics,Smartwatch,Coimbatore,4,18874.38,0,Debit Card,Delivered
TXN007382,CUST2987,Clothing,Jeans,Chennai,4,21693.8,5,UPI,Cancelled
TXN007383,CUST2589,Sports,Yoga Mat,Bengaluru,8,18145.08,0,UPI,Delivered
TXN007384,CUST2039,Sports,Cricket Bat,Coimbatore,8,15850.97,5,Debit Card,Delivered
TXN007385,CUST2018,Books,Data Science Guide,Hyderabad,7,24607.97,20,UPI,Shipped
TXN007386,CUST0737,Electronics,Smartwatch,Delhi,1,8388.42,20,Cash on Delivery,Shipped
TXN007387,CUST2497,Home & Kitchen,Vacuum Cleaner,Pune,10,22090.32,0,Debit Card,Delivered
TXN007388,CUST0954,Electronics,Laptop,Kochi,4,47097.07,25,Cash on Delivery,Delivered
TXN007389,CUST2903,Home & Kitchen,Cookware Set,Bengaluru,1,1467.36,5,Credit Card,Delivered
TXN007390,CUST1190,Clothing,T-Shirt,Delhi,5,8320.7,5,Cash on Delivery,Delivered
TXN007391,CUST0793,Clothing,Shoes,Mumbai,3,38907.35,5,Credit Card,Delivered
TXN007392,CUST0007,Sports,Cricket Bat,Delhi,3,6689.65,5,Debit Card,Pending
TXN007393,CUST0485,Clothing,Jacket,Bengaluru,4,13636.92,10,Credit Card,Delivered
TXN007394,CUST0099,Sports,Football,Delhi,2,22796.46,20,Credit Card,Delivered
TXN007395,CUST1905,Electronics,Smartwatch,Pune,7,47163.8,5,Credit Card,Delivered
TXN007396,CUST2562,Clothing,T-Shirt,Chennai,4,9256.71,10,Credit Card,Delivered
TXN007397,CUST0484,Electronics,Smartphone,Bengaluru,5,46161.92,10,Cash on Delivery,Delivered
TXN007398,CUST0850,Electronics,Laptop,Coimbatore,2,35954.37,20,Credit Card,Delivered
TXN007399,CUST2521,Clothing,Jacket,Delhi,6,33590.13,15,Credit Card,Delivered
TXN007400,CUST1699,Electronics,Laptop,Chennai,9,36204.77,0,UPI,Delivered
TXN007401,CUST1696,Clothing,Jacket,Pune,8,1659.21,20,UPI,Delivered
TXN007402,CUST0187,Clothing,Jacket,Mumbai,8,5035.12,15,UPI,Shipped
TXN007403,CUST1368,Clothing,Shoes,Mumbai,2,16808.59,25,Credit Card,Shipped
TXN007404,CUST1433,Home & Kitchen,Cookware Set,Pune,4,3790.98,0,UPI,Shipped
TXN007405,CUST2296,Electronics,Smartwatch,Delhi,8,49380.73,0,Cash on Delivery,Delivered
TXN007406,CUST2612,Books,Data Science Guide,Mumbai,1,29062.57,0,Debit Card,Delivered
TXN007407,CUST0870,Clothing,Jeans,Coimbatore,8,24418.45,10,Debit Card,Cancelled
TXN007408,CUST0047,Electronics,Headphones,Bengaluru,3,39297.04,5,Debit Card,Delivered
TXN007409,CUST2624,Sports,Cricket Bat,Chennai,8,48850.26,0,UPI,Shipped
TXN007410,CUST0825,Clothing,Jacket,Hyderabad,6,47760.99,5,Credit Card,Delivered
TXN007411,CUST2827,Clothing,Jacket,Delhi,7,39673.94,0,Debit Card,Delivered
TXN007412,CUST1154,Books,Python Programming,Mumbai,2,18920.99,10,Cash on Delivery,Pending
TXN007413,CUST1043,Home & Kitchen,Mixer,Bengaluru,1,3391.38,25,UPI,Delivered
TXN007414,CUST0278,Home & Kitchen,Cookware Set,Hyderabad,6,5009.01,0,UPI,Shipped
TXN007415,CUST1261,Clothing,T-Shirt,Coimbatore,3,157.5,20,Cash on Delivery,Delivered
TXN007416,CUST1230,Electronics,Smartphone,Mumbai,4,194.95,15,Credit Card,Delivered
TXN007417,CUST2076,Sports,Football,Mumbai,9,46827.45,0,Credit Card,Delivered
TXN007418,CUST2253,Sports,Cricket Bat,Chennai,3,46358.15,15,Cash on Delivery,Pending
TXN007419,CUST1327,Electronics,Headphones,Coimbatore,2,33410.93,15,Cash on Delivery,Delivered
TXN007420,CUST0026,Clothing,Jeans,Coimbatore,2,36361.17,10,UPI,Shipped
TXN007421,CUST0467,Sports,Cricket Bat,Delhi,2,25709.1,25,Cash on Delivery,Delivered
TXN007422,CUST2810,Home & Kitchen,Table Lamp,Hyderabad,6,11968.33,15,Credit Card,Delivered
TXN007423,CUST1366,Electronics,Headphones,Chennai,2,45727.81,10,Credit Card,Delivered
TXN007424,CUST1399,Books,Python Programming,Delhi,7,13956.8,25,Credit Card,Delivered
TXN007425,CUST1623,Clothing,Shoes,Chennai,7,37009.6,0,Credit Card,Delivered
TXN007426,CUST2968,Electronics,Smartphone,Coimbatore,7,12347.24,5,Credit Card,Shipped
TXN007427,CUST2331,Sports,Dumbbells,Chennai,2,43520.41,10,UPI,Delivered
TXN007428,CUST2524,Clothing,Jacket,Chennai,7,32596.85,15,Cash on Delivery,Delivered
TXN007429,CUST0120,Home & Kitchen,Mixer,Chennai,10,32170.48,15,Cash on Delivery,Delivered
TXN007430,CUST0720,Clothing,Jacket,Kochi,8,4958.63,0,Debit Card,Pending
TXN007431,CUST0795,Clothing,T-Shirt,Bengaluru,8,21031.5,10,UPI,Delivered
TXN007432,CUST1354,Home & Kitchen,Vacuum Cleaner,Bengaluru,2,26292.93,0,UPI,Shipped
TXN007433,CUST1385,Home & Kitchen,Cookware Set,Hyderabad,5,14772.41,10,UPI,Delivered
TXN007434,CUST2755,Clothing,Shoes,Hyderabad,6,44060.63,5,UPI,Delivered
TXN007435,CUST1963,Home & Kitchen,Cookware Set,Pune,9,41899.73,20,UPI,Cancelled
TXN007436,CUST1944,Electronics,Headphones,Coimbatore,6,24731.68,0,Credit Card,Shipped
TXN007437,CUST0146,Home & Kitchen,Mixer,Chennai,10,17067.56,15,Debit Card,Delivered
TXN007438,CUST2645,Home & Kitchen,Mixer,Coimbatore,6,40096.96,0,Credit Card,Delivered
TXN007439,CUST0557,Clothing,T-Shirt,Bengaluru,10,9924.88,10,Debit Card,Shipped
TXN007440,CUST1973,Electronics,Laptop,Kochi,10,3668.66,0,UPI,Pending
TXN007441,CUST0637,Books,Data Science Guide,Chennai,6,2380.95,5,UPI,Delivered
TXN007442,CUST2570,Books,Machine Learning Basics,Delhi,9,2030.29,10,Cash on Delivery,Delivered
TXN007443,CUST1887,Sports,Football,Bengaluru,10,24495.54,25,UPI,Delivered
TXN007444,CUST2200,Home & Kitchen,Cookware Set,Bengaluru,7,12840.15,15,UPI,Delivered
TXN007445,CUST1373,Home & Kitchen,Table Lamp,Bengaluru,1,34549.72,15,UPI,Delivered
TXN007446,CUST1895,Electronics,Headphones,Pune,1,32729.19,10,UPI,Delivered
TXN007447,CUST1696,Books,Python Programming,Chennai,4,27146.8,25,UPI,Cancelled
TXN007448,CUST0230,Sports,Yoga Mat,Hyderabad,2,17706.88,5,Debit Card,Delivered
TXN007449,CUST2135,Electronics,Smartwatch,Mumbai,3,42537.77,0,Cash on Delivery,Delivered
TXN007450,CUST1227,Home & Kitchen,Table Lamp,Delhi,7,35514.17,20,UPI,Delivered
TXN007451,CUST2315,Books,Python Programming,Delhi,7,13649.15,15,UPI,Delivered
TXN007452,CUST2970,Sports,Dumbbells,Coimbatore,3,25134.26,5,UPI,Delivered
TXN007453,CUST2778,Clothing,Jeans,Chennai,2,7897.93,5,Debit Card,Delivered
TXN007454,CUST1293,Books,Data Science Guide,Hyderabad,1,16505.94,5,Debit Card,Delivered
TXN007455,CUST2275,Sports,Football,Bengaluru,9,49857.3,0,Cash on Delivery,Delivered
TXN007456,CUST2195,Electronics,Smartwatch,Mumbai,10,11269.83,5,UPI,Shipped
TXN007457,CUST0077,Clothing,T-Shirt,Chennai,3,34945.29,5,Cash on Delivery,Delivered
TXN007458,CUST0854,Sports,Football,Chennai,9,11997.09,10,Credit Card,Shipped
TXN007459,CUST2366,Sports,Dumbbells,Pune,4,46912.91,10,Debit Card,Delivered
TXN007460,CUST2808,Home & Kitchen,Table Lamp,Hyderabad,10,15575.63,5,UPI,Pending
TXN007461,CUST1359,Books,Novel,Mumbai,6,17399.78,5,Debit Card,Delivered
TXN007462,CUST1449,Home & Kitchen,Vacuum Cleaner,Bengaluru,7,29733.6,10,Cash on Delivery,Delivered
TXN007463,CUST0272,Clothing,Jacket,Chennai,10,29446.78,0,Credit Card,Pending
TXN007464,CUST0612,Sports,Football,Delhi,6,28995.91,10,UPI,Delivered
TXN007465,CUST1149,Home & Kitchen,Mixer,Kochi,1,28705.41,10,Debit Card,Delivered
TXN007466,CUST0128,Books,Python Programming,Delhi,6,15678.13,10,Credit Card,Delivered
TXN007467,CUST1390,Clothing,Shoes,Mumbai,6,21777.07,10,Cash on Delivery,Delivered
TXN007468,CUST1537,Electronics,Laptop,Kochi,5,29712.33,20,Cash on Delivery,Delivered
TXN007469,CUST2567,Home & Kitchen,Mixer,Bengaluru,3,33596.38,15,Debit Card,Delivered
TXN007470,CUST2189,Clothing,Jacket,Mumbai,10,12731.14,0,Debit Card,Cancelled
TXN007471,CUST0680,Electronics,Smartphone,Chennai,3,35103.61,25,UPI,Delivered
TXN007472,CUST2339,Home & Kitchen,Vacuum Cleaner,Pune,10,46171.48,0,Cash on Delivery,Delivered
TXN007473,CUST2481,Clothing,Jacket,Pune,7,37920.59,5,UPI,Delivered
TXN007474,CUST1596,Clothing,Shoes,Delhi,8,4303.22,20,Debit Card,Delivered
TXN007475,CUST0768,Home & Kitchen,Mixer,Pune,3,23509.4,5,Credit Card,Delivered
TXN007476,CUST2438,Clothing,Jacket,Coimbatore,3,21819.67,0,UPI,Delivered
TXN007477,CUST0479,Sports,Dumbbells,Mumbai,7,16891.52,0,Cash on Delivery,Shipped
TXN007478,CUST1263,Home & Kitchen,Mixer,Pune,10,24616.87,25,Debit Card,Delivered
TXN007479,CUST2889,Clothing,Jeans,Coimbatore,7,22037.73,25,Debit Card,Delivered
TXN007480,CUST1289,Electronics,Smartphone,Coimbatore,9,407.91,5,UPI,Delivered
TXN007481,CUST2908,Electronics,Smartphone,Hyderabad,6,11904.11,15,UPI,Delivered
TXN007482,CUST0130,Sports,Football,Delhi,7,10767.73,5,Debit Card,Delivered
TXN007483,CUST1113,Home & Kitchen,Table Lamp,Mumbai,10,17528.05,15,UPI,Delivered
TXN007484,CUST1696,Clothing,Shoes,Coimbatore,1,8805.39,15,Debit Card,Shipped
TXN007485,CUST0356,Clothing,Jacket,Chennai,7,3483.29,10,Cash on Delivery,Pending
TXN007486,CUST2036,Electronics,Smartphone,Pune,2,9910.98,0,Credit Card,Delivered
TXN007487,CUST0974,Sports,Cricket Bat,Hyderabad,7,42723.92,10,UPI,Shipped
TXN007488,CUST1523,Electronics,Headphones,Bengaluru,3,39872.26,0,Cash on Delivery,Shipped
TXN007489,CUST1852,Electronics,Laptop,Pune,9,22160.6,10,Cash on Delivery,Delivered
TXN007490,CUST1240,Sports,Yoga Mat,Pune,5,43902.97,15,UPI,Delivered
TXN007491,CUST0886,Home & Kitchen,Table Lamp,Pune,7,11710.01,10,Cash on Delivery,Delivered
TXN007492,CUST2151,Clothing,Jacket,Hyderabad,8,29252.04,20,Debit Card,Delivered
TXN007493,CUST1239,Home & Kitchen,Mixer,Bengaluru,2,7231.95,10,UPI,Pending
TXN007494,CUST0717,Books,Python Programming,Delhi,1,41686.69,25,Credit Card,Delivered
TXN007495,CUST0460,Books,Python Programming,Mumbai,7,6616.02,25,Debit Card,Delivered
TXN007496,CUST1533,Books,Machine Learning Basics,Mumbai,6,1689.82,10,Cash on Delivery,Delivered
TXN007497,CUST0154,Sports,Football,Bengaluru,6,13744.87,10,Cash on Delivery,Pending
TXN007498,CUST0828,Electronics,Headphones,Kochi,2,45056.66,20,Credit Card,Delivered
TXN007499,CUST0380,Home & Kitchen,Table Lamp,Pune,3,6559.91,0,Credit Card,Delivered
TXN007500,CUST1818,Clothing,Jeans,Chennai,4,16600.45,10,Cash on Delivery,Delivered
TXN007501,CUST2073,Books,Machine Learning Basics,Bengaluru,3,15889.11,0,Credit Card,Delivered
TXN007502,CUST0103,Home & Kitchen,Vacuum Cleaner,Bengaluru,2,40102.15,25,Credit Card,Delivered
TXN007503,CUST1977,Books,Novel,Mumbai,3,21134.12,5,Cash on Delivery,Delivered
TXN007504,CUST2049,Books,Python Programming,Coimbatore,6,30617.2,15,Debit Card,Delivered
TXN007505,CUST0632,Clothing,Jacket,Chennai,9,20278.71,5,UPI,Shipped
TXN007506,CUST0780,Sports,Cricket Bat,Mumbai,4,27617.71,20,Cash on Delivery,Delivered
TXN007507,CUST1394,Electronics,Smartwatch,Hyderabad,6,3215.79,20,Credit Card,Delivered
TXN007508,CUST1981,Sports,Yoga Mat,Bengaluru,1,18764.07,0,Credit Card,Delivered
TXN007509,CUST2145,Home & Kitchen,Vacuum Cleaner,Kochi,6,42769.78,0,Debit Card,Delivered
TXN007510,CUST1272,Sports,Dumbbells,Coimbatore,3,34584.27,10,Cash on Delivery,Delivered
TXN007511,CUST1341,Home & Kitchen,Mixer,Chennai,9,49093.27,5,Cash on Delivery,Delivered
TXN007512,CUST0587,Home & Kitchen,Mixer,Delhi,4,39417.18,0,Credit Card,Delivered
TXN007513,CUST0403,Electronics,Headphones,Chennai,7,22630.33,25,Cash on Delivery,Delivered
TXN007514,CUST2115,Clothing,Jacket,Chennai,4,33846.39,0,Credit Card,Delivered
TXN007515,CUST2772,Electronics,Laptop,Pune,6,38818.09,25,Credit Card,Delivered
TXN007516,CUST0544,Sports,Cricket Bat,Bengaluru,7,13557.21,0,Credit Card,Pending
TXN007517,CUST0841,Home & Kitchen,Cookware Set,Bengaluru,2,3094.89,15,UPI,Delivered
TXN007518,CUST2968,Books,Python Programming,Delhi,10,20351.78,0,Credit Card,Delivered
TXN007519,CUST0150,Books,Machine Learning Basics,Delhi,6,7319.19,15,Debit Card,Delivered
TXN007520,CUST1882,Home & Kitchen,Mixer,Delhi,8,13934.33,20,Cash on Delivery,Cancelled
TXN007521,CUST1588,Electronics,Smartphone,Mumbai,6,47347.59,10,UPI,Delivered
TXN007522,CUST2924,Clothing,Jacket,Mumbai,2,42369.42,5,Cash on Delivery,Delivered
TXN007523,CUST2140,Electronics,Headphones,Bengaluru,4,29663.95,0,Debit Card,Delivered
TXN007524,CUST0475,Home & Kitchen,Vacuum Cleaner,Bengaluru,1,20122.71,15,UPI,Delivered
TXN007525,CUST0017,Home & Kitchen,Mixer,Delhi,7,13290.08,0,Cash on Delivery,Shipped
TXN007526,CUST1274,Clothing,Jeans,Mumbai,8,28615.77,0,UPI,Delivered
TXN007527,CUST0181,Sports,Football,Coimbatore,10,26704.7,15,Credit Card,Delivered
TXN007528,CUST2815,Sports,Cricket Bat,Mumbai,2,39060.96,0,Credit Card,Delivered
TXN007529,CUST2435,Clothing,Jeans,Bengaluru,10,46408.21,5,Cash on Delivery,Delivered
TXN007530,CUST0357,Sports,Cricket Bat,Mumbai,5,16513.97,25,Debit Card,Shipped
TXN007531,CUST1366,Books,Machine Learning Basics,Bengaluru,8,10394.23,25,UPI,Shipped
TXN007532,CUST1913,Sports,Yoga Mat,Delhi,8,20199.7,25,UPI,Pending
TXN007533,CUST0189,Sports,Cricket Bat,Pune,5,21933.31,25,Cash on Delivery,Delivered
TXN007534,CUST0423,Sports,Yoga Mat,Delhi,8,2089.53,20,Credit Card,Shipped
TXN007535,CUST2133,Books,Machine Learning Basics,Delhi,6,43098.66,10,UPI,Cancelled
TXN007536,CUST2700,Sports,Cricket Bat,Coimbatore,5,49780.06,0,Credit Card,Cancelled
TXN007537,CUST1280,Books,Novel,Pune,4,46168.11,15,Credit Card,Shipped
TXN007538,CUST0093,Clothing,T-Shirt,Coimbatore,5,43047.18,5,Debit Card,Delivered
TXN007539,CUST2366,Electronics,Headphones,Bengaluru,4,49630.76,0,Credit Card,Delivered
TXN007540,CUST1279,Clothing,Shoes,Chennai,1,45399.64,20,Credit Card,Delivered
TXN007541,CUST2617,Electronics,Smartphone,Hyderabad,3,34449.54,20,UPI,Pending
TXN007542,CUST0860,Clothing,Jacket,Coimbatore,8,8421.16,15,Debit Card,Delivered
TXN007543,CUST1315,Electronics,Headphones,Bengaluru,7,7901.87,0,Debit Card,Delivered
TXN007544,CUST0822,Electronics,Smartphone,Pune,7,2534.11,25,Cash on Delivery,Delivered
TXN007545,CUST0789,Home & Kitchen,Cookware Set,Mumbai,3,20650.36,0,Cash on Delivery,Delivered
TXN007546,CUST1174,Electronics,Smartphone,Pune,9,40460.32,0,Cash on Delivery,Delivered
TXN007547,CUST1134,Electronics,Smartphone,Delhi,6,24565.77,20,Debit Card,Delivered
TXN007548,CUST2181,Home & Kitchen,Mixer,Delhi,8,18379.45,0,Credit Card,Delivered
TXN007549,CUST1308,Sports,Cricket Bat,Delhi,8,5550.87,25,Debit Card,Cancelled
TXN007550,CUST1807,Sports,Dumbbells,Bengaluru,3,2682.49,0,Credit Card,Shipped
TXN007551,CUST2749,Home & Kitchen,Mixer,Delhi,4,20019.04,0,Cash on Delivery,Delivered
TXN007552,CUST0482,Books,Novel,Coimbatore,6,5086.28,0,Cash on Delivery,Delivered
TXN007553,CUST1117,Electronics,Headphones,Mumbai,2,5267.05,25,Credit Card,Cancelled
TXN007554,CUST0612,Electronics,Smartwatch,Delhi,7,19827.89,25,Credit Card,Shipped
TXN007555,CUST0646,Home & Kitchen,Mixer,Bengaluru,2,25191.89,15,Cash on Delivery,Delivered
TXN007556,CUST1121,Home & Kitchen,Vacuum Cleaner,Mumbai,5,9415.48,20,Credit Card,Delivered
TXN007557,CUST0469,Books,Data Science Guide,Delhi,4,34263.32,10,Debit Card,Delivered
TXN007558,CUST0063,Sports,Football,Chennai,9,20992.73,15,Cash on Delivery,Delivered
TXN007559,CUST2552,Clothing,T-Shirt,Kochi,2,4686.93,25,Debit Card,Cancelled
TXN007560,CUST2293,Sports,Yoga Mat,Delhi,7,31888.0,0,Cash on Delivery,Delivered
TXN007561,CUST2106,Electronics,Laptop,Hyderabad,7,17911.55,10,UPI,Delivered
TXN007562,CUST0420,Home & Kitchen,Cookware Set,Pune,7,2710.84,5,Debit Card,Delivered
TXN007563,CUST0847,Books,Python Programming,Coimbatore,1,47404.28,10,UPI,Delivered
TXN007564,CUST2223,Sports,Cricket Bat,Mumbai,8,28602.73,15,Cash on Delivery,Delivered
TXN007565,CUST1435,Books,Novel,Coimbatore,2,23938.25,20,Debit Card,Delivered
TXN007566,CUST2251,Sports,Football,Chennai,5,42970.96,15,Debit Card,Delivered
TXN007567,CUST1305,Electronics,Laptop,Chennai,2,46843.35,20,Debit Card,Delivered
TXN007568,CUST1111,Clothing,Jeans,Hyderabad,5,11094.06,20,Credit Card,Shipped
TXN007569,CUST0580,Books,Data Science Guide,Coimbatore,7,40526.21,25,Debit Card,Delivered
TXN007570,CUST2886,Books,Novel,Mumbai,6,41570.89,20,Debit Card,Delivered
TXN007571,CUST1161,Clothing,T-Shirt,Chennai,5,2814.7,5,UPI,Delivered
TXN007572,CUST2352,Books,Machine Learning Basics,Kochi,4,35626.01,10,Debit Card,Delivered
TXN007573,CUST1003,Books,Data Science Guide,Chennai,8,3242.1,15,Credit Card,Delivered
TXN007574,CUST0702,Sports,Dumbbells,Delhi,8,29774.19,15,Debit Card,Delivered
TXN007575,CUST0292,Sports,Football,Hyderabad,1,33494.92,20,UPI,Cancelled
TXN007576,CUST1276,Clothing,T-Shirt,Pune,10,18416.23,25,Debit Card,Delivered
TXN007577,CUST2512,Electronics,Smartwatch,Bengaluru,2,44051.3,5,Debit Card,Cancelled
TXN007578,CUST1388,Books,Data Science Guide,Pune,3,40045.53,5,UPI,Delivered
TXN007579,CUST2215,Electronics,Smartwatch,Kochi,1,46305.39,0,Cash on Delivery,Delivered
TXN007580,CUST1818,Clothing,Jeans,Pune,3,15812.99,5,Debit Card,Delivered
TXN007581,CUST0208,Clothing,Jacket,Kochi,10,1174.24,20,Cash on Delivery,Shipped
TXN007582,CUST0533,Sports,Yoga Mat,Chennai,8,40591.92,20,UPI,Delivered
TXN007583,CUST0119,Books,Data Science Guide,Mumbai,4,11226.57,10,UPI,Cancelled
TXN007584,CUST1929,Home & Kitchen,Table Lamp,Mumbai,7,23411.09,20,Cash on Delivery,Delivered
TXN007585,CUST2767,Clothing,Shoes,Delhi,7,40884.33,10,Credit Card,Shipped
TXN007586,CUST0207,Books,Machine Learning Basics,Kochi,5,10885.15,5,Credit Card,Delivered
TXN007587,CUST0434,Electronics,Headphones,Mumbai,1,15664.25,0,UPI,Shipped
TXN007588,CUST1572,Sports,Football,Delhi,10,22010.09,25,Credit Card,Delivered
TXN007589,CUST0221,Electronics,Smartphone,Chennai,4,13664.06,15,Credit Card,Delivered
TXN007590,CUST0353,Clothing,Shoes,Chennai,7,23119.94,20,UPI,Delivered
TXN007591,CUST1747,Clothing,Jacket,Pune,5,578.87,5,Debit Card,Delivered
TXN007592,CUST1606,Electronics,Smartwatch,Chennai,2,10688.18,20,Debit Card,Delivered
TXN007593,CUST0734,Clothing,T-Shirt,Chennai,8,41644.41,10,Debit Card,Pending
TXN007594,CUST2887,Books,Python Programming,Kochi,2,20732.75,5,Credit Card,Delivered
TXN007595,CUST2442,Clothing,Shoes,Bengaluru,8,31856.65,15,Cash on Delivery,Delivered
TXN007596,CUST2428,Sports,Football,Hyderabad,2,11691.17,10,Credit Card,Delivered
TXN007597,CUST2579,Books,Machine Learning Basics,Pune,5,32528.95,5,Debit Card,Delivered
TXN007598,CUST2827,Home & Kitchen,Cookware Set,Pune,4,49998.7,25,UPI,Delivered
TXN007599,CUST2865,Clothing,Jeans,Hyderabad,1,29804.85,25,UPI,Delivered
TXN007600,CUST1827,Clothing,T-Shirt,Bengaluru,8,31455.09,15,UPI,Shipped
TXN007601,CUST2525,Sports,Football,Chennai,10,5664.84,25,Credit Card,Delivered
TXN007602,CUST1457,Sports,Football,Mumbai,3,20228.74,10,Cash on Delivery,Shipped
TXN007603,CUST1280,Electronics,Smartphone,Delhi,4,43050.17,15,Debit Card,Delivered
TXN007604,CUST1362,Electronics,Laptop,Pune,4,41730.17,5,UPI,Delivered
TXN007605,CUST0812,Electronics,Laptop,Hyderabad,5,26167.72,10,Debit Card,Shipped
TXN007606,CUST2921,Sports,Cricket Bat,Coimbatore,3,45182.36,25,Debit Card,Delivered
TXN007607,CUST2748,Electronics,Smartphone,Delhi,9,7232.56,0,Credit Card,Shipped
TXN007608,CUST2186,Electronics,Smartwatch,Coimbatore,4,32943.65,20,UPI,Delivered
TXN007609,CUST0322,Home & Kitchen,Cookware Set,Coimbatore,10,12519.29,25,Credit Card,Delivered
TXN007610,CUST1908,Electronics,Laptop,Kochi,4,32313.51,0,Debit Card,Shipped
TXN007611,CUST2326,Clothing,Jacket,Pune,6,4461.24,15,Debit Card,Delivered
TXN007612,CUST0540,Sports,Cricket Bat,Chennai,8,47186.09,5,Debit Card,Shipped
TXN007613,CUST0381,Books,Python Programming,Kochi,7,39337.97,20,UPI,Delivered
TXN007614,CUST2862,Home & Kitchen,Cookware Set,Coimbatore,4,10127.98,5,UPI,Pending
TXN007615,CUST1919,Sports,Cricket Bat,Chennai,4,31900.1,15,UPI,Delivered
TXN007616,CUST0399,Sports,Cricket Bat,Bengaluru,5,37981.37,5,Debit Card,Delivered
TXN007617,CUST1867,Clothing,Shoes,Mumbai,10,10551.35,10,Debit Card,Delivered
TXN007618,CUST1272,Electronics,Smartphone,Coimbatore,5,4757.18,10,Cash on Delivery,Delivered
TXN007619,CUST2804,Clothing,Jacket,Pune,1,17653.81,25,UPI,Delivered
TXN007620,CUST2640,Electronics,Laptop,Mumbai,8,6874.14,25,Debit Card,Delivered
TXN007621,CUST2910,Electronics,Smartwatch,Chennai,10,28329.01,25,Debit Card,Pending
TXN007622,CUST1907,Sports,Football,Coimbatore,5,21263.33,25,Cash on Delivery,Pending
TXN007623,CUST1928,Electronics,Laptop,Delhi,3,23174.97,15,Cash on Delivery,Delivered
TXN007624,CUST0950,Home & Kitchen,Mixer,Kochi,3,27188.89,5,Debit Card,Delivered
TXN007625,CUST0917,Home & Kitchen,Vacuum Cleaner,Pune,4,49104.4,25,UPI,Delivered
TXN007626,CUST0589,Home & Kitchen,Vacuum Cleaner,Bengaluru,7,39652.52,15,Credit Card,Delivered
TXN007627,CUST2527,Sports,Dumbbells,Hyderabad,5,31510.63,20,Credit Card,Cancelled
TXN007628,CUST1057,Clothing,Shoes,Bengaluru,1,18248.91,25,Credit Card,Cancelled
TXN007629,CUST1489,Books,Machine Learning Basics,Kochi,5,1450.76,5,UPI,Delivered
TXN007630,CUST1606,Electronics,Smartwatch,Coimbatore,5,5914.73,10,Debit Card,Delivered
TXN007631,CUST0752,Books,Data Science Guide,Kochi,6,36570.28,0,Credit Card,Delivered
TXN007632,CUST2866,Clothing,Jeans,Pune,7,18523.28,10,Credit Card,Cancelled
TXN007633,CUST2725,Clothing,Jeans,Bengaluru,5,16788.43,5,UPI,Delivered
TXN007634,CUST1354,Sports,Dumbbells,Hyderabad,2,44460.02,5,Debit Card,Delivered
TXN007635,CUST1331,Home & Kitchen,Vacuum Cleaner,Delhi,2,24276.99,5,Debit Card,Delivered
TXN007636,CUST1857,Home & Kitchen,Cookware Set,Mumbai,4,44988.9,5,UPI,Delivered
TXN007637,CUST1997,Clothing,Jeans,Kochi,1,44343.26,25,Credit Card,Delivered
TXN007638,CUST0124,Sports,Dumbbells,Delhi,7,4101.05,20,Debit Card,Delivered
TXN007639,CUST0268,Sports,Dumbbells,Bengaluru,1,47273.61,0,Debit Card,Pending
TXN007640,CUST1947,Electronics,Headphones,Hyderabad,3,3940.05,25,Credit Card,Delivered
TXN007641,CUST0463,Home & Kitchen,Table Lamp,Mumbai,10,48178.96,10,UPI,Shipped
TXN007642,CUST1440,Clothing,T-Shirt,Pune,7,22685.48,20,Credit Card,Delivered
TXN007643,CUST1961,Books,Machine Learning Basics,Hyderabad,6,38066.95,15,Cash on Delivery,Pending
TXN007644,CUST1890,Home & Kitchen,Mixer,Delhi,7,35336.6,5,Debit Card,Pending
TXN007645,CUST0700,Electronics,Smartwatch,Chennai,5,25972.9,10,UPI,Delivered
TXN007646,CUST1157,Sports,Dumbbells,Chennai,8,31010.8,15,Credit Card,Delivered
TXN007647,CUST1428,Clothing,Jeans,Mumbai,6,47500.92,0,Credit Card,Delivered
TXN007648,CUST2476,Home & Kitchen,Mixer,Kochi,4,46374.84,10,UPI,Delivered
TXN007649,CUST2354,Books,Python Programming,Mumbai,1,32750.87,20,Debit Card,Pending
TXN007650,CUST0522,Electronics,Smartwatch,Mumbai,2,32920.16,25,UPI,Shipped
TXN007651,CUST2081,Electronics,Headphones,Chennai,6,12422.24,15,Cash on Delivery,Delivered
TXN007652,CUST0422,Home & Kitchen,Cookware Set,Delhi,4,41448.31,10,UPI,Shipped
TXN007653,CUST1662,Books,Novel,Kochi,3,31666.91,25,Cash on Delivery,Delivered
TXN007654,CUST2926,Electronics,Smartphone,Mumbai,7,41329.81,25,Debit Card,Delivered
TXN007655,CUST0439,Clothing,Jacket,Chennai,7,32926.84,25,Credit Card,Delivered
TXN007656,CUST1335,Electronics,Laptop,Mumbai,2,15036.07,20,Cash on Delivery,Delivered
TXN007657,CUST2278,Books,Machine Learning Basics,Mumbai,8,9555.12,5,Cash on Delivery,Delivered
TXN007658,CUST2661,Sports,Yoga Mat,Kochi,1,3940.6,10,UPI,Pending
TXN007659,CUST0291,Sports,Football,Kochi,10,29341.15,25,UPI,Delivered
TXN007660,CUST1238,Home & Kitchen,Table Lamp,Hyderabad,7,14274.16,5,Credit Card,Delivered
TXN007661,CUST2183,Books,Python Programming,Mumbai,10,31562.42,25,Debit Card,Delivered
TXN007662,CUST1889,Electronics,Smartwatch,Chennai,1,3026.96,15,Cash on Delivery,Delivered
TXN007663,CUST1642,Electronics,Smartphone,Delhi,3,18845.59,15,Credit Card,Delivered
TXN007664,CUST2419,Sports,Dumbbells,Chennai,3,13101.61,15,Cash on Delivery,Delivered
TXN007665,CUST1694,Sports,Yoga Mat,Chennai,10,18579.67,5,Credit Card,Delivered
TXN007666,CUST0978,Clothing,Jacket,Mumbai,2,2808.74,5,UPI,Delivered
TXN007667,CUST2544,Sports,Football,Hyderabad,10,36236.65,25,UPI,Delivered
TXN007668,CUST0999,Clothing,Shoes,Coimbatore,5,5923.2,20,Debit Card,Delivered
TXN007669,CUST2245,Electronics,Laptop,Pune,4,818.69,10,UPI,Delivered
TXN007670,CUST0652,Clothing,Jacket,Coimbatore,6,47319.83,20,Credit Card,Delivered
TXN007671,CUST1976,Clothing,Shoes,Coimbatore,2,9724.53,5,Cash on Delivery,Delivered
TXN007672,CUST1573,Home & Kitchen,Table Lamp,Chennai,4,41420.26,10,Credit Card,Delivered
TXN007673,CUST0271,Sports,Yoga Mat,Mumbai,7,48227.08,15,Debit Card,Pending
TXN007674,CUST1396,Clothing,Jeans,Kochi,1,26752.65,20,UPI,Delivered
TXN007675,CUST0853,Electronics,Smartwatch,Pune,3,26353.3,20,UPI,Delivered
TXN007676,CUST2843,Books,Data Science Guide,Coimbatore,1,18434.12,20,Cash on Delivery,Pending
TXN007677,CUST2421,Clothing,Shoes,Bengaluru,2,21337.18,5,Debit Card,Delivered
TXN007678,CUST1766,Sports,Football,Bengaluru,9,24155.56,10,Debit Card,Delivered
TXN007679,CUST1784,Home & Kitchen,Mixer,Bengaluru,10,7689.51,15,UPI,Pending
TXN007680,CUST2324,Electronics,Laptop,Delhi,5,18300.36,5,Debit Card,Pending
TXN007681,CUST1402,Home & Kitchen,Table Lamp,Mumbai,4,40823.81,15,Credit Card,Cancelled
TXN007682,CUST2231,Books,Novel,Chennai,4,9201.67,0,Debit Card,Delivered
TXN007683,CUST2844,Clothing,Jeans,Chennai,8,36519.68,0,Credit Card,Delivered
TXN007684,CUST0968,Clothing,Jeans,Mumbai,3,32614.17,15,Credit Card,Cancelled
TXN007685,CUST0709,Sports,Cricket Bat,Hyderabad,4,2959.16,0,Credit Card,Delivered
TXN007686,CUST2715,Clothing,Jacket,Kochi,2,1219.2,10,UPI,Shipped
TXN007687,CUST2743,Electronics,Headphones,Pune,6,17691.17,10,Credit Card,Delivered
TXN007688,CUST0320,Books,Machine Learning Basics,Hyderabad,9,34639.3,5,Cash on Delivery,Delivered
TXN007689,CUST2916,Home & Kitchen,Mixer,Kochi,4,16587.85,15,Debit Card,Delivered
TXN007690,CUST2352,Books,Machine Learning Basics,Delhi,6,33419.89,5,Credit Card,Delivered
TXN007691,CUST1994,Clothing,Jacket,Mumbai,4,33306.36,10,Cash on Delivery,Delivered
TXN007692,CUST0469,Home & Kitchen,Table Lamp,Hyderabad,2,40347.08,10,UPI,Delivered
TXN007693,CUST2426,Sports,Cricket Bat,Pune,6,5064.33,10,UPI,Delivered
TXN007694,CUST2442,Books,Python Programming,Delhi,7,28898.73,20,UPI,Delivered
TXN007695,CUST1897,Home & Kitchen,Mixer,Coimbatore,4,3218.61,0,UPI,Delivered
TXN007696,CUST1333,Home & Kitchen,Cookware Set,Coimbatore,7,8879.76,5,Debit Card,Delivered
TXN007697,CUST2274,Home & Kitchen,Vacuum Cleaner,Delhi,8,16342.5,5,UPI,Delivered
TXN007698,CUST0400,Electronics,Headphones,Kochi,3,35398.72,10,Debit Card,Pending
TXN007699,CUST1824,Books,Data Science Guide,Mumbai,2,48696.51,20,Cash on Delivery,Delivered
TXN007700,CUST0722,Home & Kitchen,Cookware Set,Coimbatore,5,17191.79,5,UPI,Pending
TXN007701,CUST1262,Books,Novel,Mumbai,2,26105.11,25,UPI,Delivered
TXN007702,CUST1663,Home & Kitchen,Mixer,Hyderabad,10,13026.87,5,Cash on Delivery,Delivered
TXN007703,CUST0286,Sports,Football,Coimbatore,5,33806.93,20,Cash on Delivery,Shipped
TXN007704,CUST2451,Sports,Cricket Bat,Pune,10,18392.63,10,Debit Card,Delivered
TXN007705,CUST0446,Sports,Yoga Mat,Pune,6,24131.65,20,Credit Card,Delivered
TXN007706,CUST2808,Clothing,Shoes,Hyderabad,8,28433.86,0,Debit Card,Delivered
TXN007707,CUST2443,Home & Kitchen,Vacuum Cleaner,Pune,6,34343.49,5,Credit Card,Delivered
TXN007708,CUST1553,Clothing,T-Shirt,Mumbai,4,3096.58,0,Debit Card,Shipped
TXN007709,CUST1342,Books,Novel,Kochi,3,27789.56,5,Credit Card,Cancelled
TXN007710,CUST2025,Clothing,Jeans,Mumbai,2,21615.09,0,UPI,Shipped
TXN007711,CUST2642,Books,Data Science Guide,Kochi,1,6774.88,5,Credit Card,Delivered
TXN007712,CUST2705,Books,Python Programming,Pune,2,10481.03,25,Cash on Delivery,Shipped
TXN007713,CUST0252,Books,Machine Learning Basics,Bengaluru,2,44206.12,10,Cash on Delivery,Delivered
TXN007714,CUST0371,Clothing,Shoes,Delhi,5,43601.62,25,Credit Card,Delivered
TXN007715,CUST0892,Home & Kitchen,Vacuum Cleaner,Kochi,9,1763.18,15,UPI,Delivered
TXN007716,CUST0570,Clothing,Jacket,Chennai,1,34501.13,20,UPI,Delivered
TXN007717,CUST2379,Home & Kitchen,Cookware Set,Delhi,4,27753.95,5,Credit Card,Pending
TXN007718,CUST2606,Home & Kitchen,Table Lamp,Pune,10,46996.81,20,Credit Card,Delivered
TXN007719,CUST0001,Books,Machine Learning Basics,Mumbai,7,45409.48,5,Cash on Delivery,Delivered
TXN007720,CUST0601,Clothing,T-Shirt,Kochi,10,29020.14,15,Cash on Delivery,Shipped
TXN007721,CUST2707,Home & Kitchen,Table Lamp,Mumbai,3,7033.85,10,Debit Card,Pending
TXN007722,CUST0612,Sports,Dumbbells,Delhi,8,23044.77,10,UPI,Delivered
TXN007723,CUST1856,Home & Kitchen,Cookware Set,Kochi,3,36285.7,20,UPI,Delivered
TXN007724,CUST2177,Sports,Football,Mumbai,8,47591.66,25,UPI,Delivered
TXN007725,CUST1194,Clothing,Jacket,Hyderabad,2,18255.09,15,Debit Card,Delivered
TXN007726,CUST1598,Clothing,T-Shirt,Coimbatore,5,39255.11,20,Debit Card,Delivered
TXN007727,CUST2522,Clothing,Jacket,Mumbai,4,34198.7,10,Cash on Delivery,Delivered
TXN007728,CUST2368,Home & Kitchen,Vacuum Cleaner,Kochi,9,4006.81,0,Cash on Delivery,Delivered
TXN007729,CUST1832,Electronics,Smartwatch,Pune,3,27943.04,20,Credit Card,Delivered
TXN007730,CUST0802,Home & Kitchen,Cookware Set,Pune,5,9257.09,5,Debit Card,Delivered
TXN007731,CUST0843,Home & Kitchen,Vacuum Cleaner,Delhi,10,34209.11,10,Debit Card,Delivered
TXN007732,CUST2792,Books,Novel,Delhi,9,30543.23,5,Debit Card,Pending
TXN007733,CUST1297,Books,Data Science Guide,Delhi,6,48655.1,15,UPI,Cancelled
TXN007734,CUST1228,Home & Kitchen,Table Lamp,Pune,2,46775.59,25,Cash on Delivery,Delivered
TXN007735,CUST2336,Sports,Cricket Bat,Bengaluru,1,567.7,25,Credit Card,Delivered
TXN007736,CUST2784,Books,Python Programming,Kochi,1,4093.47,10,Debit Card,Delivered
TXN007737,CUST1248,Home & Kitchen,Mixer,Pune,7,38479.8,10,Debit Card,Shipped
TXN007738,CUST1781,Electronics,Laptop,Hyderabad,2,34313.59,25,Debit Card,Delivered
TXN007739,CUST2941,Sports,Football,Pune,7,40067.19,20,UPI,Delivered
TXN007740,CUST1411,Clothing,Shoes,Hyderabad,1,13414.06,25,Credit Card,Delivered
TXN007741,CUST0366,Home & Kitchen,Mixer,Pune,4,42481.21,25,Credit Card,Delivered
TXN007742,CUST2387,Home & Kitchen,Cookware Set,Pune,10,22176.73,20,Debit Card,Delivered
TXN007743,CUST0034,Sports,Dumbbells,Bengaluru,4,13169.23,5,Credit Card,Cancelled
TXN007744,CUST2505,Books,Novel,Hyderabad,5,629.33,20,UPI,Delivered
TXN007745,CUST2091,Books,Python Programming,Bengaluru,10,43581.07,0,Debit Card,Shipped
TXN007746,CUST1656,Books,Python Programming,Hyderabad,1,26813.66,10,Cash on Delivery,Delivered
TXN007747,CUST0523,Clothing,Shoes,Bengaluru,7,48771.57,25,Cash on Delivery,Delivered
TXN007748,CUST1205,Sports,Football,Bengaluru,2,35762.6,15,Credit Card,Pending
TXN007749,CUST0256,Sports,Football,Hyderabad,2,4112.82,10,Cash on Delivery,Delivered
TXN007750,CUST1513,Books,Data Science Guide,Bengaluru,8,29450.74,25,Cash on Delivery,Delivered
TXN007751,CUST2249,Books,Data Science Guide,Pune,9,954.51,5,Debit Card,Delivered
TXN007752,CUST0218,Electronics,Headphones,Hyderabad,6,27933.31,25,UPI,Pending
TXN007753,CUST0004,Electronics,Smartphone,Bengaluru,1,17575.06,20,Debit Card,Delivered
TXN007754,CUST2881,Home & Kitchen,Mixer,Pune,1,32200.46,10,UPI,Shipped
TXN007755,CUST2294,Home & Kitchen,Vacuum Cleaner,Pune,7,27124.55,20,Debit Card,Delivered
TXN007756,CUST1472,Sports,Cricket Bat,Delhi,8,13141.38,25,Cash on Delivery,Pending
TXN007757,CUST0450,Sports,Dumbbells,Chennai,3,8201.3,5,Debit Card,Shipped
TXN007758,CUST1156,Clothing,T-Shirt,Hyderabad,9,20295.1,20,Credit Card,Delivered
TXN007759,CUST0128,Clothing,Jacket,Bengaluru,4,49343.13,15,Credit Card,Pending
TXN007760,CUST0964,Electronics,Smartwatch,Delhi,4,21841.36,25,UPI,Delivered
TXN007761,CUST1769,Home & Kitchen,Cookware Set,Chennai,3,37464.48,5,UPI,Delivered
TXN007762,CUST2877,Electronics,Smartphone,Kochi,8,2942.98,10,UPI,Shipped
TXN007763,CUST2418,Electronics,Headphones,Kochi,9,19005.4,10,Credit Card,Cancelled
TXN007764,CUST1615,Home & Kitchen,Cookware Set,Bengaluru,1,29058.12,15,Debit Card,Delivered
TXN007765,CUST2561,Clothing,T-Shirt,Kochi,2,37584.71,0,Cash on Delivery,Delivered
TXN007766,CUST1304,Home & Kitchen,Mixer,Chennai,1,26466.34,20,UPI,Cancelled
TXN007767,CUST2916,Books,Machine Learning Basics,Hyderabad,4,25813.25,25,Debit Card,Delivered
TXN007768,CUST1568,Books,Data Science Guide,Pune,10,38218.95,10,Debit Card,Shipped
TXN007769,CUST1664,Books,Python Programming,Pune,7,15733.06,25,Credit Card,Pending
TXN007770,CUST1563,Sports,Dumbbells,Chennai,7,4621.46,15,Credit Card,Delivered
TXN007771,CUST1783,Clothing,Jacket,Kochi,6,17422.81,20,Cash on Delivery,Pending
TXN007772,CUST2233,Clothing,Jeans,Pune,5,8033.91,5,Debit Card,Cancelled
TXN007773,CUST0866,Sports,Cricket Bat,Kochi,4,48300.62,25,UPI,Delivered
TXN007774,CUST2714,Electronics,Smartwatch,Coimbatore,8,28917.83,15,Credit Card,Delivered
TXN007775,CUST0711,Books,Data Science Guide,Mumbai,7,22385.36,5,Debit Card,Cancelled
TXN007776,CUST1946,Books,Novel,Pune,10,45611.39,5,Credit Card,Delivered
TXN007777,CUST0570,Electronics,Headphones,Coimbatore,1,45028.03,5,Debit Card,Delivered
TXN007778,CUST0771,Home & Kitchen,Mixer,Hyderabad,6,20843.29,20,Credit Card,Delivered
TXN007779,CUST2276,Home & Kitchen,Mixer,Hyderabad,2,43748.9,0,UPI,Delivered
TXN007780,CUST1576,Clothing,Jeans,Chennai,4,3294.89,25,Cash on Delivery,Delivered
TXN007781,CUST1476,Sports,Yoga Mat,Pune,5,44297.39,5,UPI,Delivered
TXN007782,CUST1709,Clothing,T-Shirt,Kochi,8,15598.12,10,Credit Card,Delivered
TXN007783,CUST0632,Home & Kitchen,Table Lamp,Pune,6,28299.6,20,Credit Card,Delivered
TXN007784,CUST1182,Electronics,Headphones,Kochi,2,13557.46,20,Credit Card,Delivered
TXN007785,CUST2745,Clothing,Jacket,Kochi,5,49241.5,5,UPI,Shipped
TXN007786,CUST0515,Books,Novel,Pune,5,3681.82,10,Credit Card,Cancelled
TXN007787,CUST0551,Books,Data Science Guide,Kochi,6,22403.07,15,UPI,Delivered
TXN007788,CUST0048,Electronics,Smartphone,Delhi,1,31087.31,20,Credit Card,Delivered
TXN007789,CUST0294,Home & Kitchen,Mixer,Bengaluru,8,30819.05,5,Cash on Delivery,Delivered
TXN007790,CUST2656,Books,Python Programming,Mumbai,3,36964.04,25,Cash on Delivery,Delivered
TXN007791,CUST0065,Books,Machine Learning Basics,Pune,5,36248.32,5,Credit Card,Delivered
TXN007792,CUST0590,Sports,Football,Bengaluru,7,39677.82,25,Debit Card,Pending
TXN007793,CUST2955,Clothing,Jeans,Delhi,3,11790.94,25,UPI,Delivered
TXN007794,CUST1994,Home & Kitchen,Cookware Set,Kochi,10,18588.27,0,Credit Card,Delivered
TXN007795,CUST2695,Clothing,Jeans,Kochi,6,19163.45,0,UPI,Delivered
TXN007796,CUST1789,Home & Kitchen,Mixer,Hyderabad,5,47796.4,15,Debit Card,Delivered
TXN007797,CUST0557,Books,Data Science Guide,Mumbai,7,20524.66,15,Cash on Delivery,Delivered
TXN007798,CUST0347,Sports,Football,Coimbatore,10,11171.27,25,UPI,Pending
TXN007799,CUST0563,Clothing,Jeans,Hyderabad,3,31653.99,15,UPI,Delivered
TXN007800,CUST2631,Books,Data Science Guide,Hyderabad,2,21420.62,15,UPI,Delivered
TXN007801,CUST1704,Home & Kitchen,Cookware Set,Kochi,4,12579.0,5,UPI,Delivered
TXN007802,CUST1868,Clothing,Jacket,Chennai,3,35785.26,5,UPI,Delivered
TXN007803,CUST2849,Clothing,Shoes,Delhi,4,9677.07,5,Cash on Delivery,Delivered
TXN007804,CUST2476,Books,Python Programming,Chennai,7,31704.37,10,UPI,Shipped
TXN007805,CUST1744,Clothing,Shoes,Chennai,5,21583.48,25,UPI,Delivered
TXN007806,CUST2553,Sports,Football,Bengaluru,4,16026.44,15,Cash on Delivery,Delivered
TXN007807,CUST0737,Sports,Football,Hyderabad,6,47304.52,10,Credit Card,Delivered
TXN007808,CUST1862,Books,Python Programming,Kochi,7,16287.93,20,Credit Card,Delivered
TXN007809,CUST2087,Home & Kitchen,Mixer,Delhi,5,17440.62,25,UPI,Shipped
TXN007810,CUST1738,Books,Data Science Guide,Chennai,7,43544.85,20,Cash on Delivery,Delivered
TXN007811,CUST2262,Sports,Yoga Mat,Kochi,3,6539.26,5,UPI,Delivered
TXN007812,CUST1844,Electronics,Headphones,Kochi,7,5492.63,20,Credit Card,Delivered
TXN007813,CUST1576,Electronics,Smartwatch,Kochi,3,14207.12,5,Cash on Delivery,Delivered
TXN007814,CUST1456,Clothing,Jeans,Coimbatore,6,29622.63,25,Debit Card,Cancelled
TXN007815,CUST0925,Clothing,T-Shirt,Mumbai,8,19276.58,25,Cash on Delivery,Delivered
TXN007816,CUST0762,Electronics,Laptop,Kochi,6,30466.87,15,Credit Card,Delivered
TXN007817,CUST1740,Sports,Dumbbells,Pune,10,8071.56,10,Cash on Delivery,Delivered
TXN007818,CUST2477,Clothing,Shoes,Delhi,3,13146.4,5,Debit Card,Delivered
TXN007819,CUST0031,Books,Python Programming,Bengaluru,5,28301.6,0,Cash on Delivery,Delivered
TXN007820,CUST2368,Books,Data Science Guide,Delhi,9,10935.75,0,UPI,Delivered
TXN007821,CUST2041,Sports,Yoga Mat,Hyderabad,8,21197.95,15,UPI,Pending
TXN007822,CUST2994,Clothing,T-Shirt,Bengaluru,6,28675.13,10,Credit Card,Delivered
TXN007823,CUST0970,Books,Data Science Guide,Mumbai,9,48685.18,5,Cash on Delivery,Delivered
TXN007824,CUST2917,Clothing,Shoes,Kochi,2,4086.34,15,Credit Card,Delivered
TXN007825,CUST2056,Clothing,T-Shirt,Coimbatore,9,23074.66,10,Cash on Delivery,Shipped
TXN007826,CUST1103,Books,Python Programming,Chennai,10,19873.92,0,Credit Card,Shipped
TXN007827,CUST1683,Electronics,Laptop,Delhi,10,41229.64,5,Cash on Delivery,Delivered
TXN007828,CUST2238,Books,Data Science Guide,Bengaluru,6,45024.83,10,UPI,Delivered
TXN007829,CUST2361,Sports,Cricket Bat,Kochi,9,45359.96,20,Credit Card,Shipped
TXN007830,CUST1504,Home & Kitchen,Cookware Set,Mumbai,4,18819.45,5,Credit Card,Delivered
TXN007831,CUST0138,Books,Novel,Chennai,5,15302.29,20,Debit Card,Delivered
TXN007832,CUST0156,Clothing,T-Shirt,Pune,2,22511.95,25,Cash on Delivery,Delivered
TXN007833,CUST2328,Clothing,Shoes,Mumbai,3,17264.92,25,UPI,Delivered
TXN007834,CUST1980,Books,Data Science Guide,Coimbatore,1,35970.66,25,UPI,Shipped
TXN007835,CUST2888,Home & Kitchen,Cookware Set,Chennai,4,10757.2,15,UPI,Cancelled
TXN007836,CUST1510,Books,Machine Learning Basics,Chennai,2,32968.34,10,Credit Card,Shipped
TXN007837,CUST0464,Home & Kitchen,Vacuum Cleaner,Pune,2,46356.68,25,UPI,Delivered
TXN007838,CUST2377,Home & Kitchen,Table Lamp,Kochi,1,14067.69,10,Credit Card,Delivered
TXN007839,CUST1973,Sports,Football,Chennai,10,33876.84,10,Debit Card,Delivered
TXN007840,CUST2829,Clothing,Jeans,Bengaluru,2,7263.7,10,UPI,Shipped
TXN007841,CUST0328,Clothing,Shoes,Chennai,4,6157.06,5,Debit Card,Delivered
TXN007842,CUST0582,Home & Kitchen,Table Lamp,Mumbai,6,5870.66,20,Cash on Delivery,Shipped
TXN007843,CUST2991,Clothing,Jeans,Bengaluru,7,7012.56,20,Cash on Delivery,Shipped
TXN007844,CUST2996,Electronics,Smartwatch,Chennai,7,10886.63,15,Debit Card,Delivered
TXN007845,CUST2157,Home & Kitchen,Vacuum Cleaner,Mumbai,7,28185.24,25,Cash on Delivery,Delivered
TXN007846,CUST1145,Clothing,Jacket,Mumbai,4,38372.58,15,UPI,Delivered
TXN007847,CUST1905,Electronics,Headphones,Delhi,5,6430.17,10,UPI,Delivered
TXN007848,CUST2118,Sports,Football,Mumbai,3,43513.75,0,Credit Card,Shipped
TXN007849,CUST0321,Clothing,T-Shirt,Pune,1,42151.54,0,Debit Card,Delivered
TXN007850,CUST2144,Electronics,Laptop,Hyderabad,8,36396.66,10,Debit Card,Cancelled
TXN007851,CUST2499,Books,Novel,Coimbatore,10,21355.69,25,Credit Card,Delivered
TXN007852,CUST0363,Books,Machine Learning Basics,Chennai,7,177.71,20,UPI,Delivered
TXN007853,CUST1005,Electronics,Smartwatch,Pune,9,36764.77,15,Debit Card,Pending
TXN007854,CUST1936,Home & Kitchen,Table Lamp,Chennai,10,43961.41,5,Credit Card,Delivered
TXN007855,CUST2584,Home & Kitchen,Mixer,Chennai,4,16830.79,0,Debit Card,Delivered
TXN007856,CUST2719,Clothing,T-Shirt,Mumbai,5,35927.58,15,Debit Card,Cancelled
TXN007857,CUST2740,Books,Data Science Guide,Mumbai,5,3196.18,0,Credit Card,Pending
TXN007858,CUST0320,Home & Kitchen,Mixer,Chennai,7,35503.79,20,Debit Card,Delivered
TXN007859,CUST2802,Home & Kitchen,Cookware Set,Hyderabad,9,3508.6,20,Cash on Delivery,Delivered
TXN007860,CUST2596,Books,Python Programming,Bengaluru,8,29400.6,10,Credit Card,Delivered
TXN007861,CUST2209,Sports,Dumbbells,Bengaluru,7,29917.91,10,Credit Card,Delivered
TXN007862,CUST2375,Home & Kitchen,Table Lamp,Coimbatore,1,15177.61,0,Cash on Delivery,Delivered
TXN007863,CUST1280,Electronics,Laptop,Delhi,10,4048.22,0,Debit Card,Delivered
TXN007864,CUST2512,Clothing,T-Shirt,Kochi,6,47471.81,15,Cash on Delivery,Delivered
TXN007865,CUST0217,Home & Kitchen,Cookware Set,Pune,10,26825.31,10,Debit Card,Delivered
TXN007866,CUST1408,Home & Kitchen,Cookware Set,Coimbatore,9,29029.93,20,UPI,Cancelled
TXN007867,CUST2192,Sports,Football,Kochi,7,30789.54,25,Cash on Delivery,Pending
TXN007868,CUST0045,Electronics,Laptop,Chennai,1,44563.29,15,Cash on Delivery,Delivered
TXN007869,CUST1921,Clothing,T-Shirt,Pune,9,3106.76,15,Cash on Delivery,Delivered
TXN007870,CUST1860,Home & Kitchen,Mixer,Chennai,3,44675.06,5,UPI,Delivered
TXN007871,CUST2100,Clothing,Jeans,Chennai,9,12059.86,25,Debit Card,Delivered
TXN007872,CUST1922,Books,Python Programming,Delhi,4,3989.72,20,UPI,Shipped
TXN007873,CUST2351,Home & Kitchen,Vacuum Cleaner,Mumbai,9,32897.57,15,Cash on Delivery,Delivered
TXN007874,CUST1358,Home & Kitchen,Mixer,Delhi,8,48851.08,25,UPI,Delivered
TXN007875,CUST1725,Books,Machine Learning Basics,Coimbatore,7,2956.38,5,Cash on Delivery,Delivered
TXN007876,CUST1446,Sports,Yoga Mat,Mumbai,4,21363.48,25,Credit Card,Delivered
TXN007877,CUST1207,Home & Kitchen,Vacuum Cleaner,Mumbai,9,26536.25,10,Debit Card,Delivered
TXN007878,CUST1185,Clothing,Jeans,Coimbatore,4,12680.74,20,Cash on Delivery,Pending
TXN007879,CUST0687,Electronics,Laptop,Mumbai,1,49145.32,10,UPI,Delivered
TXN007880,CUST0145,Clothing,T-Shirt,Pune,6,32084.06,5,UPI,Delivered
TXN007881,CUST2847,Sports,Dumbbells,Bengaluru,4,42233.1,20,UPI,Delivered
TXN007882,CUST2448,Electronics,Smartwatch,Coimbatore,10,20847.31,0,Debit Card,Delivered
TXN007883,CUST1246,Clothing,Jeans,Kochi,3,17762.4,0,Credit Card,Delivered
TXN007884,CUST2978,Clothing,Jeans,Coimbatore,5,27702.58,0,Debit Card,Delivered
TXN007885,CUST2309,Books,Data Science Guide,Bengaluru,3,21820.39,25,Credit Card,Delivered
TXN007886,CUST1067,Sports,Cricket Bat,Delhi,9,35775.91,15,UPI,Delivered
TXN007887,CUST0252,Books,Data Science Guide,Delhi,6,13364.32,25,Debit Card,Delivered
TXN007888,CUST2578,Electronics,Smartwatch,Delhi,3,22534.59,25,Credit Card,Delivered
TXN007889,CUST1939,Books,Python Programming,Mumbai,5,44767.12,25,UPI,Delivered
TXN007890,CUST2369,Sports,Dumbbells,Bengaluru,8,37829.78,25,UPI,Delivered
TXN007891,CUST0693,Home & Kitchen,Mixer,Pune,8,8486.7,0,Debit Card,Delivered
TXN007892,CUST2347,Home & Kitchen,Vacuum Cleaner,Coimbatore,6,44354.55,15,Credit Card,Pending
TXN007893,CUST0212,Electronics,Smartwatch,Coimbatore,5,29491.93,15,UPI,Delivered
TXN007894,CUST2689,Home & Kitchen,Cookware Set,Coimbatore,5,33996.43,5,UPI,Delivered
TXN007895,CUST1196,Books,Machine Learning Basics,Mumbai,1,14783.4,0,UPI,Delivered
TXN007896,CUST2558,Electronics,Headphones,Mumbai,2,22133.06,20,Cash on Delivery,Pending
TXN007897,CUST0112,Sports,Cricket Bat,Hyderabad,4,40359.94,25,Credit Card,Pending
TXN007898,CUST1175,Electronics,Smartphone,Pune,6,16600.74,15,Credit Card,Delivered
TXN007899,CUST1986,Electronics,Smartphone,Delhi,7,8336.57,5,Cash on Delivery,Cancelled
TXN007900,CUST0338,Clothing,T-Shirt,Kochi,1,18977.42,15,UPI,Delivered
TXN007901,CUST0520,Clothing,T-Shirt,Hyderabad,8,3554.01,20,Cash on Delivery,Cancelled
TXN007902,CUST2071,Electronics,Smartphone,Hyderabad,1,35921.04,20,Cash on Delivery,Delivered
TXN007903,CUST0315,Home & Kitchen,Mixer,Mumbai,9,7472.52,0,Cash on Delivery,Delivered
TXN007904,CUST1139,Clothing,Jacket,Delhi,4,14327.78,15,Credit Card,Delivered
TXN007905,CUST1033,Sports,Football,Delhi,7,44065.94,20,UPI,Delivered
TXN007906,CUST0543,Books,Python Programming,Coimbatore,6,27070.83,10,UPI,Cancelled
TXN007907,CUST2523,Clothing,T-Shirt,Mumbai,9,16134.79,20,Credit Card,Delivered
TXN007908,CUST1151,Electronics,Laptop,Delhi,2,27428.58,20,Credit Card,Delivered
TXN007909,CUST1128,Home & Kitchen,Table Lamp,Kochi,7,10992.06,15,Cash on Delivery,Delivered
TXN007910,CUST1053,Books,Python Programming,Hyderabad,5,1356.14,25,Cash on Delivery,Delivered
TXN007911,CUST0059,Clothing,Shoes,Bengaluru,7,30226.25,20,Debit Card,Pending
TXN007912,CUST0457,Home & Kitchen,Vacuum Cleaner,Bengaluru,1,35734.88,5,Debit Card,Shipped
TXN007913,CUST2474,Home & Kitchen,Mixer,Mumbai,10,44001.11,25,Credit Card,Delivered
TXN007914,CUST0716,Home & Kitchen,Mixer,Coimbatore,9,38616.98,20,Cash on Delivery,Pending
TXN007915,CUST2424,Electronics,Laptop,Coimbatore,1,46341.22,10,Credit Card,Delivered
TXN007916,CUST0620,Sports,Yoga Mat,Delhi,5,49299.08,20,Cash on Delivery,Shipped
TXN007917,CUST2700,Home & Kitchen,Vacuum Cleaner,Kochi,8,37272.28,0,Cash on Delivery,Delivered
TXN007918,CUST1830,Books,Novel,Pune,1,43409.37,15,Credit Card,Shipped
TXN007919,CUST1515,Clothing,T-Shirt,Mumbai,7,33719.2,10,Credit Card,Delivered
TXN007920,CUST0719,Books,Machine Learning Basics,Pune,2,8629.8,5,UPI,Pending
TXN007921,CUST1071,Electronics,Headphones,Bengaluru,7,9166.95,20,UPI,Delivered
TXN007922,CUST2871,Electronics,Headphones,Hyderabad,7,5601.95,20,Debit Card,Delivered
TXN007923,CUST0968,Books,Data Science Guide,Delhi,9,47154.44,5,Credit Card,Pending
TXN007924,CUST1987,Sports,Cricket Bat,Hyderabad,6,33670.31,20,Debit Card,Delivered
TXN007925,CUST0741,Electronics,Laptop,Pune,4,39516.5,0,Credit Card,Shipped
TXN007926,CUST2161,Electronics,Smartwatch,Delhi,7,16624.75,25,Credit Card,Delivered
TXN007927,CUST0136,Books,Machine Learning Basics,Chennai,7,23075.04,25,Credit Card,Shipped
TXN007928,CUST1405,Electronics,Smartwatch,Hyderabad,4,2085.0,10,UPI,Delivered
TXN007929,CUST0346,Sports,Cricket Bat,Mumbai,2,44461.47,20,Debit Card,Delivered
TXN007930,CUST0595,Sports,Football,Hyderabad,9,42664.87,5,Credit Card,Delivered
TXN007931,CUST2440,Sports,Football,Hyderabad,8,39262.09,5,Debit Card,Pending
TXN007932,CUST0632,Clothing,Jacket,Delhi,5,3009.27,10,Debit Card,Cancelled
TXN007933,CUST2032,Sports,Cricket Bat,Bengaluru,5,8795.06,0,UPI,Cancelled
TXN007934,CUST1692,Sports,Yoga Mat,Pune,1,16775.12,10,UPI,Pending
TXN007935,CUST1570,Clothing,Shoes,Chennai,9,13226.83,20,Credit Card,Shipped
TXN007936,CUST0975,Home & Kitchen,Table Lamp,Hyderabad,10,41939.15,25,Cash on Delivery,Cancelled
TXN007937,CUST2707,Electronics,Smartphone,Kochi,8,9822.3,0,Debit Card,Shipped
TXN007938,CUST1803,Sports,Dumbbells,Pune,5,26653.01,0,UPI,Pending
TXN007939,CUST2974,Electronics,Smartwatch,Kochi,10,28611.92,5,Debit Card,Cancelled
TXN007940,CUST2612,Books,Python Programming,Pune,6,21308.09,0,Cash on Delivery,Delivered
TXN007941,CUST0686,Electronics,Smartphone,Kochi,10,12110.33,20,Debit Card,Delivered
TXN007942,CUST0864,Clothing,T-Shirt,Bengaluru,10,48018.69,20,Credit Card,Delivered
TXN007943,CUST2367,Electronics,Smartphone,Coimbatore,8,20728.62,20,Debit Card,Delivered
TXN007944,CUST1414,Electronics,Headphones,Chennai,6,36392.77,25,UPI,Delivered
TXN007945,CUST0223,Electronics,Laptop,Chennai,10,9283.92,15,Credit Card,Pending
TXN007946,CUST2631,Home & Kitchen,Table Lamp,Kochi,4,41158.28,0,Credit Card,Delivered
TXN007947,CUST1083,Home & Kitchen,Vacuum Cleaner,Kochi,3,10873.0,0,Cash on Delivery,Delivered
TXN007948,CUST0476,Books,Machine Learning Basics,Kochi,7,33797.8,20,Credit Card,Delivered
TXN007949,CUST0216,Clothing,T-Shirt,Pune,2,25374.15,5,UPI,Delivered
TXN007950,CUST0687,Electronics,Headphones,Delhi,7,7413.2,25,Cash on Delivery,Delivered
TXN007951,CUST1901,Electronics,Headphones,Hyderabad,1,1344.96,0,Credit Card,Delivered
TXN007952,CUST1634,Electronics,Laptop,Coimbatore,10,46544.34,15,Cash on Delivery,Delivered
TXN007953,CUST1951,Electronics,Smartwatch,Kochi,5,6371.96,0,Debit Card,Delivered
TXN007954,CUST1235,Home & Kitchen,Table Lamp,Delhi,9,35277.08,10,Credit Card,Delivered
TXN007955,CUST1951,Books,Python Programming,Mumbai,1,32668.98,15,UPI,Delivered
TXN007956,CUST2182,Sports,Football,Bengaluru,8,17151.83,5,UPI,Delivered
TXN007957,CUST0958,Clothing,Shoes,Bengaluru,9,9350.61,15,Credit Card,Delivered
TXN007958,CUST1556,Electronics,Laptop,Delhi,9,8998.58,15,Debit Card,Delivered
TXN007959,CUST2800,Books,Machine Learning Basics,Pune,8,29307.86,0,Cash on Delivery,Delivered
TXN007960,CUST2891,Sports,Football,Bengaluru,4,27391.37,15,UPI,Delivered
TXN007961,CUST1598,Books,Machine Learning Basics,Hyderabad,7,43809.16,20,UPI,Cancelled
TXN007962,CUST1944,Home & Kitchen,Vacuum Cleaner,Bengaluru,1,32036.15,25,Cash on Delivery,Shipped
TXN007963,CUST1076,Sports,Cricket Bat,Hyderabad,7,40981.82,15,Cash on Delivery,Pending
TXN007964,CUST0595,Books,Machine Learning Basics,Mumbai,6,1717.41,0,UPI,Pending
TXN007965,CUST2173,Home & Kitchen,Vacuum Cleaner,Kochi,5,33582.56,20,Cash on Delivery,Delivered
TXN007966,CUST1781,Books,Data Science Guide,Coimbatore,1,11762.06,5,Credit Card,Delivered
TXN007967,CUST0049,Books,Novel,Chennai,8,12716.66,10,UPI,Delivered
TXN007968,CUST1183,Sports,Cricket Bat,Delhi,10,36056.77,15,UPI,Pending
TXN007969,CUST1839,Home & Kitchen,Mixer,Delhi,1,39692.3,20,UPI,Delivered
TXN007970,CUST1565,Electronics,Smartwatch,Hyderabad,1,18649.6,20,Credit Card,Delivered
TXN007971,CUST2780,Clothing,T-Shirt,Mumbai,3,39524.83,5,UPI,Delivered
TXN007972,CUST1294,Sports,Dumbbells,Mumbai,8,22242.86,5,Cash on Delivery,Delivered
TXN007973,CUST2172,Home & Kitchen,Cookware Set,Pune,8,42896.5,10,UPI,Delivered
TXN007974,CUST2798,Books,Data Science Guide,Chennai,7,1342.7,10,Credit Card,Pending
TXN007975,CUST0169,Home & Kitchen,Table Lamp,Kochi,5,4266.4,0,Credit Card,Pending
TXN007976,CUST0399,Clothing,Shoes,Coimbatore,8,38839.96,10,Debit Card,Delivered
TXN007977,CUST2177,Clothing,Jacket,Delhi,2,31242.07,10,UPI,Delivered
TXN007978,CUST2611,Electronics,Smartphone,Hyderabad,8,27995.11,20,Credit Card,Delivered
TXN007979,CUST1450,Electronics,Laptop,Mumbai,2,30737.54,15,Debit Card,Delivered
TXN007980,CUST1769,Clothing,Jeans,Kochi,10,46516.51,15,UPI,Pending
TXN007981,CUST2501,Sports,Cricket Bat,Delhi,5,32811.3,25,Credit Card,Delivered
TXN007982,CUST2671,Sports,Cricket Bat,Hyderabad,4,32409.06,10,Credit Card,Delivered
TXN007983,CUST1117,Books,Machine Learning Basics,Bengaluru,1,37997.6,25,UPI,Delivered
TXN007984,CUST1373,Electronics,Smartphone,Kochi,5,43344.37,25,UPI,Delivered
TXN007985,CUST1108,Books,Python Programming,Delhi,7,13169.43,0,Debit Card,Cancelled
TXN007986,CUST1094,Electronics,Smartwatch,Coimbatore,1,30875.77,0,UPI,Pending
TXN007987,CUST0403,Clothing,Jacket,Kochi,2,29240.35,15,UPI,Delivered
TXN007988,CUST1046,Sports,Cricket Bat,Hyderabad,9,6828.99,5,Cash on Delivery,Cancelled
TXN007989,CUST2681,Sports,Cricket Bat,Coimbatore,5,26063.82,20,UPI,Delivered
TXN007990,CUST2393,Clothing,Jacket,Delhi,7,3570.57,10,Credit Card,Shipped
TXN007991,CUST1603,Books,Machine Learning Basics,Bengaluru,2,9329.48,20,Debit Card,Cancelled
TXN007992,CUST1889,Books,Data Science Guide,Coimbatore,7,45656.86,10,Debit Card,Shipped
TXN007993,CUST2766,Home & Kitchen,Table Lamp,Mumbai,7,6050.23,10,Debit Card,Pending
TXN007994,CUST0991,Electronics,Smartwatch,Hyderabad,7,28987.92,25,Credit Card,Pending
TXN007995,CUST2753,Books,Data Science Guide,Delhi,5,16241.69,15,UPI,Delivered
TXN007996,CUST2412,Clothing,Jeans,Bengaluru,9,27810.13,20,Credit Card,Delivered
TXN007997,CUST0799,Books,Novel,Mumbai,2,11825.18,20,Cash on Delivery,Delivered
TXN007998,CUST2130,Sports,Football,Delhi,4,22274.53,5,Debit Card,Delivered
TXN007999,CUST1383,Electronics,Smartphone,Kochi,2,43379.94,5,UPI,Delivered
TXN008000,CUST2776,Home & Kitchen,Table Lamp,Pune,8,18873.23,20,UPI,Shipped
TXN008001,CUST2828,Electronics,Headphones,Bengaluru,1,17716.24,5,Debit Card,Delivered
TXN008002,CUST0737,Sports,Football,Mumbai,9,22361.29,5,Cash on Delivery,Delivered
TXN008003,CUST1284,Sports,Football,Coimbatore,5,5114.59,10,Cash on Delivery,Delivered
TXN008004,CUST2244,Sports,Cricket Bat,Delhi,3,19428.62,15,UPI,Delivered
TXN008005,CUST0044,Sports,Football,Delhi,4,444.32,10,Credit Card,Delivered
TXN008006,CUST2756,Clothing,Shoes,Coimbatore,1,25219.52,25,Debit Card,Delivered
TXN008007,CUST0035,Home & Kitchen,Vacuum Cleaner,Pune,3,42412.26,5,Credit Card,Delivered
TXN008008,CUST0279,Sports,Football,Chennai,8,27648.45,10,UPI,Pending
TXN008009,CUST0049,Sports,Yoga Mat,Mumbai,2,30425.49,10,Debit Card,Pending
TXN008010,CUST1685,Books,Novel,Coimbatore,2,1625.11,0,Cash on Delivery,Shipped
TXN008011,CUST0401,Home & Kitchen,Vacuum Cleaner,Kochi,9,42989.8,10,Cash on Delivery,Delivered
TXN008012,CUST2152,Electronics,Laptop,Delhi,5,19311.68,10,Cash on Delivery,Delivered
TXN008013,CUST0426,Home & Kitchen,Mixer,Kochi,5,48745.15,15,UPI,Cancelled
TXN008014,CUST2808,Home & Kitchen,Cookware Set,Mumbai,1,6111.22,20,Cash on Delivery,Delivered
TXN008015,CUST1827,Home & Kitchen,Table Lamp,Pune,6,47239.13,0,Debit Card,Cancelled
TXN008016,CUST1440,Sports,Football,Mumbai,8,31751.12,0,Debit Card,Shipped
TXN008017,CUST0899,Sports,Yoga Mat,Kochi,6,2711.78,0,Debit Card,Shipped
TXN008018,CUST2971,Clothing,Shoes,Kochi,7,48587.78,25,Debit Card,Shipped
TXN008019,CUST1161,Electronics,Laptop,Chennai,4,792.27,0,Cash on Delivery,Delivered
TXN008020,CUST1032,Books,Python Programming,Delhi,2,36561.94,15,Debit Card,Delivered
TXN008021,CUST0791,Home & Kitchen,Vacuum Cleaner,Bengaluru,1,44487.54,20,UPI,Delivered
TXN008022,CUST0140,Electronics,Headphones,Chennai,6,8873.0,25,Debit Card,Pending
TXN008023,CUST0098,Electronics,Smartphone,Chennai,9,17233.52,15,Cash on Delivery,Delivered
TXN008024,CUST2538,Clothing,Shoes,Bengaluru,10,28105.34,0,Cash on Delivery,Pending
TXN008025,CUST0377,Books,Python Programming,Bengaluru,5,34022.48,20,Credit Card,Delivered
TXN008026,CUST0233,Home & Kitchen,Table Lamp,Pune,2,43606.61,15,Debit Card,Pending
TXN008027,CUST2434,Books,Machine Learning Basics,Pune,1,38077.42,20,Cash on Delivery,Delivered
TXN008028,CUST2690,Clothing,Shoes,Chennai,3,18230.22,25,Credit Card,Delivered
TXN008029,CUST0889,Sports,Football,Mumbai,4,41103.82,15,UPI,Shipped
TXN008030,CUST2456,Electronics,Headphones,Coimbatore,7,48307.23,20,Debit Card,Delivered
TXN008031,CUST2614,Home & Kitchen,Vacuum Cleaner,Coimbatore,9,11426.61,15,Cash on Delivery,Delivered
TXN008032,CUST0499,Sports,Yoga Mat,Chennai,8,3797.37,0,Cash on Delivery,Cancelled
TXN008033,CUST2901,Clothing,T-Shirt,Mumbai,9,21388.32,0,Debit Card,Delivered
TXN008034,CUST0492,Books,Data Science Guide,Bengaluru,7,44081.72,0,Credit Card,Delivered
TXN008035,CUST0354,Electronics,Smartwatch,Hyderabad,10,7599.55,25,Debit Card,Pending
TXN008036,CUST2477,Home & Kitchen,Cookware Set,Chennai,8,44301.33,15,UPI,Pending
TXN008037,CUST0533,Sports,Yoga Mat,Delhi,8,49611.43,20,UPI,Delivered
TXN008038,CUST1540,Sports,Yoga Mat,Mumbai,1,2794.71,20,Debit Card,Pending
TXN008039,CUST2689,Electronics,Laptop,Delhi,9,24813.29,5,Credit Card,Delivered
TXN008040,CUST2654,Books,Machine Learning Basics,Delhi,2,16511.39,10,UPI,Delivered
TXN008041,CUST2319,Clothing,Jeans,Chennai,7,19744.62,0,Debit Card,Delivered
TXN008042,CUST0757,Books,Python Programming,Mumbai,10,22636.57,0,Credit Card,Delivered
TXN008043,CUST0455,Books,Python Programming,Delhi,10,37011.23,0,Credit Card,Delivered
TXN008044,CUST2850,Books,Novel,Pune,5,29605.86,5,Cash on Delivery,Shipped
TXN008045,CUST0755,Electronics,Smartwatch,Kochi,4,48063.93,5,UPI,Delivered
TXN008046,CUST1038,Electronics,Headphones,Pune,1,16704.95,5,Debit Card,Shipped
TXN008047,CUST1207,Clothing,Shoes,Mumbai,1,27121.05,0,UPI,Delivered
TXN008048,CUST1913,Books,Machine Learning Basics,Coimbatore,3,40685.09,20,Credit Card,Delivered
TXN008049,CUST2706,Electronics,Headphones,Kochi,1,18714.12,0,Cash on Delivery,Delivered
TXN008050,CUST0311,Clothing,T-Shirt,Hyderabad,8,23318.43,5,UPI,Delivered
TXN008051,CUST2617,Clothing,Jeans,Delhi,3,34280.23,5,Debit Card,Pending
TXN008052,CUST1858,Books,Python Programming,Delhi,10,43051.14,10,UPI,Pending
TXN008053,CUST1133,Home & Kitchen,Vacuum Cleaner,Mumbai,2,20842.51,15,Credit Card,Delivered
TXN008054,CUST1749,Books,Data Science Guide,Pune,6,26644.33,10,Cash on Delivery,Delivered
TXN008055,CUST2836,Home & Kitchen,Cookware Set,Hyderabad,4,48758.6,10,UPI,Delivered
TXN008056,CUST2735,Clothing,Jacket,Coimbatore,4,2219.21,0,Credit Card,Delivered
TXN008057,CUST1325,Electronics,Headphones,Delhi,2,22466.61,15,Credit Card,Delivered
TXN008058,CUST1055,Sports,Football,Chennai,2,31835.49,15,Cash on Delivery,Shipped
TXN008059,CUST0664,Clothing,Shoes,Pune,6,520.53,0,Credit Card,Delivered
TXN008060,CUST0304,Electronics,Smartphone,Mumbai,5,29879.65,20,UPI,Delivered
TXN008061,CUST1136,Clothing,Jacket,Mumbai,9,2904.38,25,Debit Card,Delivered
TXN008062,CUST0256,Books,Python Programming,Pune,4,42892.16,0,Cash on Delivery,Delivered
TXN008063,CUST1568,Home & Kitchen,Vacuum Cleaner,Delhi,5,40373.6,20,Credit Card,Cancelled
TXN008064,CUST1592,Clothing,T-Shirt,Coimbatore,1,1709.53,20,UPI,Cancelled
TXN008065,CUST1363,Electronics,Headphones,Delhi,2,2535.32,15,Cash on Delivery,Delivered
TXN008066,CUST0247,Books,Data Science Guide,Pune,3,37705.34,0,Credit Card,Shipped
TXN008067,CUST1058,Sports,Football,Kochi,5,18540.29,0,UPI,Delivered
TXN008068,CUST1085,Books,Data Science Guide,Bengaluru,5,28793.79,15,Credit Card,Delivered
TXN008069,CUST0729,Home & Kitchen,Cookware Set,Delhi,4,13589.38,10,UPI,Shipped
TXN008070,CUST1805,Books,Machine Learning Basics,Hyderabad,10,8731.15,0,Credit Card,Delivered
TXN008071,CUST0285,Sports,Football,Kochi,3,14874.25,25,Cash on Delivery,Delivered
TXN008072,CUST2015,Electronics,Headphones,Pune,9,12411.01,25,Cash on Delivery,Delivered
TXN008073,CUST0822,Clothing,Jacket,Kochi,1,22470.54,5,Cash on Delivery,Delivered
TXN008074,CUST2500,Home & Kitchen,Mixer,Hyderabad,6,37359.14,5,Credit Card,Delivered
TXN008075,CUST1609,Sports,Dumbbells,Kochi,7,27751.06,0,Credit Card,Pending
TXN008076,CUST0731,Home & Kitchen,Cookware Set,Kochi,10,30498.0,20,Cash on Delivery,Pending
TXN008077,CUST2644,Books,Data Science Guide,Pune,4,23556.92,25,Cash on Delivery,Cancelled
TXN008078,CUST2016,Home & Kitchen,Mixer,Bengaluru,10,16304.21,25,Debit Card,Delivered
TXN008079,CUST0445,Sports,Cricket Bat,Hyderabad,3,7261.09,15,UPI,Delivered
TXN008080,CUST0590,Clothing,T-Shirt,Hyderabad,8,17792.82,25,Debit Card,Delivered
TXN008081,CUST2215,Clothing,Shoes,Chennai,9,33293.41,20,UPI,Shipped
TXN008082,CUST1767,Home & Kitchen,Table Lamp,Mumbai,1,36715.49,5,Credit Card,Pending
TXN008083,CUST0895,Electronics,Smartphone,Hyderabad,10,23512.16,5,UPI,Delivered
TXN008084,CUST2515,Home & Kitchen,Mixer,Mumbai,9,32285.36,15,UPI,Pending
TXN008085,CUST2636,Books,Data Science Guide,Pune,7,10606.0,5,Credit Card,Delivered
TXN008086,CUST0436,Clothing,Jeans,Coimbatore,1,43017.31,10,Credit Card,Delivered
TXN008087,CUST1809,Clothing,T-Shirt,Delhi,7,43310.23,5,Credit Card,Delivered
TXN008088,CUST2931,Clothing,Jeans,Chennai,5,16084.36,25,Cash on Delivery,Shipped
TXN008089,CUST1061,Electronics,Smartwatch,Pune,10,27430.84,20,Cash on Delivery,Delivered
TXN008090,CUST0424,Electronics,Laptop,Bengaluru,7,30372.44,20,UPI,Shipped
TXN008091,CUST0143,Sports,Football,Coimbatore,9,23674.26,10,Credit Card,Delivered
TXN008092,CUST0299,Home & Kitchen,Table Lamp,Kochi,8,45565.99,20,Cash on Delivery,Delivered
TXN008093,CUST0289,Home & Kitchen,Vacuum Cleaner,Chennai,6,37011.88,20,Credit Card,Delivered
TXN008094,CUST2341,Books,Data Science Guide,Chennai,2,33658.27,20,UPI,Delivered
TXN008095,CUST2981,Clothing,T-Shirt,Pune,8,26052.65,0,Cash on Delivery,Delivered
TXN008096,CUST1027,Electronics,Smartwatch,Bengaluru,4,4333.88,10,Cash on Delivery,Delivered
TXN008097,CUST1827,Books,Python Programming,Bengaluru,8,5480.29,10,Debit Card,Delivered
TXN008098,CUST0077,Books,Python Programming,Mumbai,7,15020.54,5,UPI,Delivered
TXN008099,CUST2039,Electronics,Smartphone,Delhi,4,10654.96,25,Cash on Delivery,Delivered
TXN008100,CUST0610,Home & Kitchen,Table Lamp,Pune,8,47631.3,10,UPI,Delivered
TXN008101,CUST2675,Clothing,Jacket,Coimbatore,2,20549.64,15,UPI,Delivered
TXN008102,CUST2623,Home & Kitchen,Table Lamp,Delhi,9,43842.61,10,Credit Card,Shipped
TXN008103,CUST0004,Books,Python Programming,Coimbatore,6,40922.18,15,UPI,Cancelled
TXN008104,CUST0155,Clothing,Shoes,Chennai,7,40647.26,20,Debit Card,Delivered
TXN008105,CUST2723,Sports,Dumbbells,Hyderabad,10,10863.81,25,Cash on Delivery,Shipped
TXN008106,CUST1600,Books,Python Programming,Hyderabad,1,22421.36,15,UPI,Pending
TXN008107,CUST1092,Home & Kitchen,Mixer,Pune,3,15965.8,25,UPI,Delivered
TXN008108,CUST0621,Home & Kitchen,Cookware Set,Bengaluru,10,48523.51,25,Credit Card,Delivered
TXN008109,CUST2868,Home & Kitchen,Cookware Set,Bengaluru,5,43849.54,0,Credit Card,Shipped
TXN008110,CUST1351,Electronics,Smartphone,Kochi,7,12571.19,25,Debit Card,Delivered
TXN008111,CUST1603,Books,Python Programming,Chennai,1,15744.67,20,UPI,Delivered
TXN008112,CUST2354,Clothing,T-Shirt,Chennai,9,26492.57,15,UPI,Delivered
TXN008113,CUST0016,Home & Kitchen,Vacuum Cleaner,Coimbatore,5,14002.43,25,UPI,Delivered
TXN008114,CUST2112,Home & Kitchen,Table Lamp,Chennai,3,41244.05,20,UPI,Delivered
TXN008115,CUST2899,Electronics,Smartphone,Kochi,7,40979.64,0,Cash on Delivery,Delivered
TXN008116,CUST2010,Clothing,Jeans,Pune,10,36244.59,20,UPI,Delivered
TXN008117,CUST1959,Books,Python Programming,Coimbatore,8,34496.58,20,UPI,Delivered
TXN008118,CUST1787,Sports,Football,Delhi,10,27410.35,10,Cash on Delivery,Delivered
TXN008119,CUST1655,Electronics,Smartwatch,Bengaluru,10,17420.9,5,Credit Card,Pending
TXN008120,CUST2981,Books,Machine Learning Basics,Bengaluru,3,41863.23,15,Debit Card,Shipped
TXN008121,CUST0288,Sports,Dumbbells,Hyderabad,7,42955.73,5,UPI,Delivered
TXN008122,CUST2213,Home & Kitchen,Table Lamp,Hyderabad,7,2570.52,0,Cash on Delivery,Pending
TXN008123,CUST0926,Home & Kitchen,Vacuum Cleaner,Kochi,4,19991.11,0,UPI,Delivered
TXN008124,CUST0014,Clothing,Jacket,Pune,10,1428.72,20,Credit Card,Cancelled
TXN008125,CUST1575,Sports,Cricket Bat,Bengaluru,9,41989.92,5,Cash on Delivery,Delivered
TXN008126,CUST2824,Home & Kitchen,Table Lamp,Kochi,1,8936.95,15,Cash on Delivery,Shipped
TXN008127,CUST1975,Home & Kitchen,Mixer,Pune,1,33725.95,15,Cash on Delivery,Pending
TXN008128,CUST0497,Clothing,Jeans,Delhi,5,17933.05,20,UPI,Pending
TXN008129,CUST2324,Books,Novel,Delhi,3,40821.67,15,Credit Card,Delivered
TXN008130,CUST2193,Home & Kitchen,Vacuum Cleaner,Mumbai,10,25533.38,10,Debit Card,Pending
TXN008131,CUST1471,Electronics,Headphones,Coimbatore,9,16287.66,5,Cash on Delivery,Delivered
TXN008132,CUST1366,Electronics,Laptop,Hyderabad,5,16261.15,0,UPI,Delivered
TXN008133,CUST2793,Books,Python Programming,Coimbatore,7,16413.67,15,Debit Card,Pending
TXN008134,CUST1241,Sports,Cricket Bat,Hyderabad,1,39450.1,15,Cash on Delivery,Shipped
TXN008135,CUST1641,Clothing,Jacket,Mumbai,2,35584.67,15,UPI,Delivered
TXN008136,CUST0227,Electronics,Smartphone,Bengaluru,4,16028.78,20,Debit Card,Delivered
TXN008137,CUST2590,Electronics,Smartphone,Kochi,9,24561.38,0,Debit Card,Cancelled
TXN008138,CUST2651,Books,Machine Learning Basics,Pune,5,3900.05,5,Cash on Delivery,Pending
TXN008139,CUST0372,Sports,Cricket Bat,Coimbatore,5,41392.26,15,UPI,Delivered
TXN008140,CUST1497,Sports,Yoga Mat,Hyderabad,9,13371.14,10,Debit Card,Cancelled
TXN008141,CUST2190,Books,Data Science Guide,Coimbatore,8,44472.33,25,Credit Card,Shipped
TXN008142,CUST1393,Electronics,Laptop,Bengaluru,2,29880.15,20,Credit Card,Delivered
TXN008143,CUST0330,Clothing,Shoes,Pune,7,28434.23,5,Debit Card,Delivered
TXN008144,CUST1883,Electronics,Smartwatch,Chennai,1,8219.67,15,Cash on Delivery,Shipped
TXN008145,CUST1188,Sports,Yoga Mat,Hyderabad,10,3569.81,5,Cash on Delivery,Delivered
TXN008146,CUST2654,Electronics,Smartphone,Kochi,9,27675.57,20,Cash on Delivery,Delivered
TXN008147,CUST0832,Clothing,Jeans,Chennai,3,23452.66,25,Debit Card,Delivered
TXN008148,CUST0724,Home & Kitchen,Table Lamp,Mumbai,2,6072.18,10,Cash on Delivery,Shipped
TXN008149,CUST2272,Electronics,Laptop,Pune,4,41795.83,15,Cash on Delivery,Shipped
TXN008150,CUST0162,Books,Data Science Guide,Delhi,4,20920.28,10,Credit Card,Pending
TXN008151,CUST1574,Home & Kitchen,Cookware Set,Coimbatore,3,13096.84,20,UPI,Delivered
TXN008152,CUST2707,Books,Data Science Guide,Hyderabad,2,39434.78,10,Credit Card,Delivered
TXN008153,CUST0783,Books,Data Science Guide,Kochi,5,45661.9,20,Debit Card,Delivered
TXN008154,CUST1225,Books,Python Programming,Coimbatore,4,15367.54,25,Credit Card,Delivered
TXN008155,CUST2851,Electronics,Laptop,Mumbai,5,38819.9,10,UPI,Pending
TXN008156,CUST1598,Sports,Dumbbells,Mumbai,8,32660.73,5,Credit Card,Delivered
TXN008157,CUST0438,Home & Kitchen,Vacuum Cleaner,Coimbatore,2,49487.42,5,Cash on Delivery,Delivered
TXN008158,CUST2584,Clothing,Jacket,Hyderabad,9,10279.24,20,UPI,Delivered
TXN008159,CUST2822,Sports,Yoga Mat,Kochi,10,48037.88,5,Debit Card,Cancelled
TXN008160,CUST1472,Electronics,Smartwatch,Pune,1,15832.08,25,Credit Card,Delivered
TXN008161,CUST1993,Books,Python Programming,Bengaluru,8,20656.52,10,Credit Card,Delivered
TXN008162,CUST0348,Clothing,T-Shirt,Pune,5,18005.41,10,Cash on Delivery,Delivered
TXN008163,CUST2592,Home & Kitchen,Vacuum Cleaner,Bengaluru,2,13495.69,15,UPI,Delivered
TXN008164,CUST1794,Sports,Cricket Bat,Kochi,8,34691.81,20,Cash on Delivery,Delivered
TXN008165,CUST0777,Sports,Yoga Mat,Delhi,5,29498.35,5,Credit Card,Delivered
TXN008166,CUST0574,Clothing,Jeans,Pune,10,15354.03,25,Credit Card,Pending
TXN008167,CUST0147,Electronics,Smartwatch,Kochi,10,6697.4,20,UPI,Delivered
TXN008168,CUST0791,Home & Kitchen,Mixer,Coimbatore,3,15937.04,5,Credit Card,Delivered
TXN008169,CUST0104,Clothing,Jacket,Coimbatore,7,19123.44,15,UPI,Shipped
TXN008170,CUST2949,Books,Python Programming,Hyderabad,4,19094.61,10,Debit Card,Delivered
TXN008171,CUST2429,Home & Kitchen,Vacuum Cleaner,Coimbatore,10,17927.25,10,Credit Card,Delivered
TXN008172,CUST0977,Sports,Football,Hyderabad,6,2531.25,25,UPI,Delivered
TXN008173,CUST2004,Clothing,Shoes,Kochi,10,23255.25,0,UPI,Delivered
TXN008174,CUST1593,Sports,Dumbbells,Coimbatore,8,41826.78,20,Cash on Delivery,Delivered
TXN008175,CUST0259,Sports,Dumbbells,Mumbai,1,9100.28,5,Credit Card,Delivered
TXN008176,CUST2215,Sports,Dumbbells,Chennai,2,7368.3,0,Cash on Delivery,Delivered
TXN008177,CUST2636,Electronics,Smartphone,Kochi,8,23645.37,20,UPI,Delivered
TXN008178,CUST1261,Sports,Cricket Bat,Coimbatore,7,18593.09,5,Debit Card,Pending
TXN008179,CUST2047,Books,Python Programming,Chennai,10,28107.9,15,Debit Card,Delivered
TXN008180,CUST2188,Books,Data Science Guide,Bengaluru,9,47359.01,20,Credit Card,Cancelled
TXN008181,CUST1841,Home & Kitchen,Table Lamp,Delhi,2,38068.22,5,Debit Card,Delivered
TXN008182,CUST0068,Sports,Cricket Bat,Pune,8,34384.2,10,Credit Card,Delivered
TXN008183,CUST0152,Sports,Cricket Bat,Pune,6,20855.25,20,Credit Card,Cancelled
TXN008184,CUST1390,Clothing,Jeans,Kochi,1,14439.26,5,UPI,Pending
TXN008185,CUST0230,Electronics,Smartphone,Bengaluru,4,27059.18,25,UPI,Shipped
TXN008186,CUST1384,Home & Kitchen,Cookware Set,Coimbatore,2,44283.63,10,UPI,Delivered
TXN008187,CUST2954,Sports,Yoga Mat,Pune,7,43849.45,10,Cash on Delivery,Delivered
TXN008188,CUST0176,Clothing,Shoes,Hyderabad,9,22331.2,0,UPI,Delivered
TXN008189,CUST1661,Electronics,Smartwatch,Bengaluru,6,12386.4,5,Credit Card,Shipped
TXN008190,CUST0485,Home & Kitchen,Mixer,Mumbai,4,11344.69,0,UPI,Delivered
TXN008191,CUST0868,Home & Kitchen,Mixer,Chennai,5,1796.02,25,Cash on Delivery,Shipped
TXN008192,CUST2679,Sports,Dumbbells,Hyderabad,1,42148.95,0,UPI,Delivered
TXN008193,CUST2734,Home & Kitchen,Cookware Set,Pune,4,13315.42,15,Debit Card,Shipped
TXN008194,CUST2143,Clothing,Shoes,Hyderabad,10,18014.06,0,Credit Card,Delivered
TXN008195,CUST1878,Home & Kitchen,Mixer,Coimbatore,3,40479.89,0,Debit Card,Delivered
TXN008196,CUST2778,Books,Machine Learning Basics,Mumbai,9,6089.2,15,Debit Card,Delivered
TXN008197,CUST2198,Clothing,Jeans,Chennai,6,23115.58,15,Cash on Delivery,Delivered
TXN008198,CUST0611,Electronics,Smartphone,Mumbai,4,6204.83,20,Debit Card,Shipped
TXN008199,CUST2374,Electronics,Laptop,Bengaluru,3,22148.24,0,UPI,Delivered
TXN008200,CUST0955,Sports,Football,Coimbatore,4,2452.26,10,Credit Card,Delivered
TXN008201,CUST0296,Sports,Yoga Mat,Hyderabad,8,25929.38,15,Debit Card,Delivered
TXN008202,CUST0152,Books,Machine Learning Basics,Hyderabad,5,39805.91,5,Debit Card,Delivered
TXN008203,CUST0580,Electronics,Headphones,Bengaluru,1,33847.2,20,Credit Card,Pending
TXN008204,CUST2003,Electronics,Smartphone,Hyderabad,5,25507.53,20,UPI,Delivered
TXN008205,CUST2679,Electronics,Smartwatch,Delhi,8,41455.06,0,Debit Card,Delivered
TXN008206,CUST0079,Electronics,Laptop,Coimbatore,4,11466.62,25,Credit Card,Delivered
TXN008207,CUST1931,Home & Kitchen,Table Lamp,Bengaluru,2,41556.73,10,UPI,Delivered
TXN008208,CUST2533,Clothing,T-Shirt,Coimbatore,3,13890.54,25,UPI,Shipped
TXN008209,CUST0188,Clothing,Shoes,Chennai,9,18188.07,25,UPI,Delivered
TXN008210,CUST0995,Books,Novel,Coimbatore,7,6508.67,15,Cash on Delivery,Delivered
TXN008211,CUST2873,Home & Kitchen,Table Lamp,Coimbatore,3,5177.56,5,UPI,Cancelled
TXN008212,CUST2658,Electronics,Laptop,Chennai,5,46612.36,0,UPI,Delivered
TXN008213,CUST0535,Electronics,Laptop,Bengaluru,3,9579.91,10,Credit Card,Delivered
TXN008214,CUST0059,Sports,Yoga Mat,Coimbatore,10,16731.48,0,Cash on Delivery,Cancelled
TXN008215,CUST0706,Sports,Yoga Mat,Mumbai,4,26504.67,0,UPI,Delivered
TXN008216,CUST2592,Books,Python Programming,Coimbatore,8,17458.57,20,Debit Card,Delivered
TXN008217,CUST0205,Electronics,Smartphone,Bengaluru,3,43519.65,25,Cash on Delivery,Delivered
TXN008218,CUST1259,Books,Data Science Guide,Kochi,3,45045.67,5,Credit Card,Delivered
TXN008219,CUST0399,Home & Kitchen,Vacuum Cleaner,Hyderabad,8,16366.92,5,Cash on Delivery,Delivered
TXN008220,CUST1869,Clothing,T-Shirt,Pune,10,4692.18,5,Debit Card,Delivered
TXN008221,CUST2504,Electronics,Smartwatch,Chennai,10,10586.9,5,Cash on Delivery,Delivered
TXN008222,CUST0700,Home & Kitchen,Cookware Set,Hyderabad,7,23772.21,15,Debit Card,Pending
TXN008223,CUST2421,Electronics,Headphones,Bengaluru,7,14495.2,15,UPI,Delivered
TXN008224,CUST0262,Sports,Yoga Mat,Delhi,10,22728.26,5,UPI,Delivered
TXN008225,CUST0436,Books,Data Science Guide,Pune,2,37959.3,10,Cash on Delivery,Delivered
TXN008226,CUST0468,Sports,Dumbbells,Hyderabad,7,21089.86,15,Cash on Delivery,Delivered
TXN008227,CUST2037,Clothing,Jeans,Coimbatore,10,9930.17,15,Credit Card,Shipped
TXN008228,CUST2438,Sports,Dumbbells,Pune,10,17962.59,10,Credit Card,Pending
TXN008229,CUST2522,Electronics,Smartphone,Coimbatore,3,37174.76,5,Debit Card,Delivered
TXN008230,CUST0904,Sports,Football,Chennai,7,21260.7,0,UPI,Delivered
TXN008231,CUST0259,Electronics,Laptop,Coimbatore,4,12551.94,15,Cash on Delivery,Cancelled
TXN008232,CUST0831,Clothing,Jacket,Pune,8,21427.84,0,UPI,Shipped
TXN008233,CUST1746,Sports,Cricket Bat,Mumbai,8,22794.85,0,Cash on Delivery,Delivered
TXN008234,CUST1382,Books,Python Programming,Mumbai,6,14889.22,10,Debit Card,Delivered
TXN008235,CUST2779,Books,Python Programming,Kochi,3,49784.69,5,UPI,Delivered
TXN008236,CUST1647,Books,Machine Learning Basics,Hyderabad,6,38404.54,25,Credit Card,Delivered
TXN008237,CUST1329,Sports,Dumbbells,Bengaluru,6,34653.5,0,Debit Card,Delivered
TXN008238,CUST0495,Sports,Cricket Bat,Kochi,3,42757.86,5,UPI,Cancelled
TXN008239,CUST2803,Sports,Cricket Bat,Chennai,4,33354.32,20,Debit Card,Delivered
TXN008240,CUST2360,Electronics,Headphones,Delhi,2,39569.92,25,Cash on Delivery,Delivered
TXN008241,CUST2236,Clothing,T-Shirt,Kochi,1,20685.03,25,UPI,Shipped
TXN008242,CUST0563,Books,Machine Learning Basics,Hyderabad,2,25068.55,25,UPI,Delivered
TXN008243,CUST1318,Electronics,Headphones,Bengaluru,7,2445.12,5,UPI,Delivered
TXN008244,CUST0874,Books,Data Science Guide,Chennai,10,14104.25,10,Credit Card,Delivered
TXN008245,CUST0187,Electronics,Smartphone,Pune,5,18463.82,10,Debit Card,Delivered
TXN008246,CUST2430,Sports,Dumbbells,Chennai,9,31310.96,20,Credit Card,Cancelled
TXN008247,CUST0711,Books,Machine Learning Basics,Pune,3,23264.14,10,Credit Card,Delivered
TXN008248,CUST1375,Sports,Football,Hyderabad,2,30431.13,5,Debit Card,Delivered
TXN008249,CUST0259,Books,Novel,Bengaluru,4,35695.03,25,Debit Card,Delivered
TXN008250,CUST0495,Home & Kitchen,Table Lamp,Kochi,2,2231.66,5,UPI,Shipped
TXN008251,CUST1122,Electronics,Smartwatch,Bengaluru,7,12988.06,25,UPI,Delivered
TXN008252,CUST0579,Home & Kitchen,Vacuum Cleaner,Coimbatore,10,8628.1,5,Debit Card,Shipped
TXN008253,CUST1701,Electronics,Smartwatch,Delhi,6,9454.01,10,UPI,Cancelled
TXN008254,CUST0689,Clothing,T-Shirt,Mumbai,8,25205.96,5,Cash on Delivery,Delivered
TXN008255,CUST2853,Books,Machine Learning Basics,Coimbatore,5,37024.94,15,UPI,Delivered
TXN008256,CUST1516,Clothing,Jeans,Chennai,2,13711.57,25,Debit Card,Delivered
TXN008257,CUST2267,Clothing,Jacket,Delhi,4,41240.02,25,Credit Card,Pending
TXN008258,CUST0676,Electronics,Smartwatch,Delhi,1,44633.58,20,Debit Card,Delivered
TXN008259,CUST1797,Home & Kitchen,Cookware Set,Bengaluru,2,17591.64,15,Debit Card,Delivered
TXN008260,CUST0998,Sports,Football,Delhi,4,34099.69,5,Credit Card,Delivered
TXN008261,CUST2384,Electronics,Headphones,Hyderabad,6,5940.76,10,Cash on Delivery,Cancelled
TXN008262,CUST0167,Sports,Cricket Bat,Delhi,4,37227.01,20,UPI,Delivered
TXN008263,CUST0547,Clothing,Jacket,Chennai,4,8334.69,15,Cash on Delivery,Delivered
TXN008264,CUST0410,Sports,Cricket Bat,Hyderabad,10,34402.05,5,Credit Card,Cancelled
TXN008265,CUST2590,Home & Kitchen,Vacuum Cleaner,Hyderabad,10,21152.81,10,Cash on Delivery,Delivered
TXN008266,CUST2509,Electronics,Laptop,Coimbatore,2,46429.97,5,Credit Card,Delivered
TXN008267,CUST1541,Home & Kitchen,Cookware Set,Delhi,9,23276.58,25,Debit Card,Delivered
TXN008268,CUST0647,Home & Kitchen,Cookware Set,Bengaluru,10,1642.05,15,Cash on Delivery,Shipped
TXN008269,CUST0065,Electronics,Smartphone,Pune,8,24085.38,15,UPI,Pending
TXN008270,CUST1995,Home & Kitchen,Cookware Set,Coimbatore,8,39795.39,20,UPI,Delivered
TXN008271,CUST0331,Books,Data Science Guide,Bengaluru,5,32389.51,10,Credit Card,Delivered
TXN008272,CUST0027,Books,Machine Learning Basics,Delhi,3,48319.13,0,Debit Card,Delivered
TXN008273,CUST0030,Books,Data Science Guide,Coimbatore,6,42179.3,5,Cash on Delivery,Cancelled
TXN008274,CUST0735,Sports,Dumbbells,Delhi,9,26374.93,10,Cash on Delivery,Delivered
TXN008275,CUST0366,Home & Kitchen,Table Lamp,Chennai,8,10405.38,0,Credit Card,Shipped
TXN008276,CUST2895,Electronics,Smartphone,Coimbatore,7,288.35,10,Cash on Delivery,Delivered
TXN008277,CUST2670,Electronics,Smartwatch,Bengaluru,8,49027.07,5,UPI,Delivered
TXN008278,CUST2432,Sports,Cricket Bat,Chennai,4,46922.15,5,UPI,Delivered
TXN008279,CUST1163,Electronics,Smartwatch,Mumbai,6,13779.79,20,Cash on Delivery,Delivered
TXN008280,CUST1705,Books,Data Science Guide,Bengaluru,5,31946.97,15,Cash on Delivery,Delivered
TXN008281,CUST2841,Home & Kitchen,Table Lamp,Pune,2,36489.05,15,Debit Card,Pending
TXN008282,CUST1950,Electronics,Smartphone,Kochi,8,28942.87,15,Debit Card,Delivered
TXN008283,CUST2836,Electronics,Smartwatch,Delhi,3,42163.79,20,Cash on Delivery,Shipped
TXN008284,CUST0520,Clothing,Shoes,Bengaluru,5,3983.45,15,Cash on Delivery,Pending
TXN008285,CUST0845,Clothing,T-Shirt,Mumbai,8,44835.05,10,Credit Card,Delivered
TXN008286,CUST0587,Clothing,Shoes,Bengaluru,9,19661.75,15,Debit Card,Delivered
TXN008287,CUST2621,Home & Kitchen,Cookware Set,Chennai,9,24086.43,15,Cash on Delivery,Pending
TXN008288,CUST1110,Books,Data Science Guide,Hyderabad,5,22292.21,25,Credit Card,Delivered
TXN008289,CUST2143,Books,Machine Learning Basics,Kochi,2,26611.18,5,Debit Card,Delivered
TXN008290,CUST1845,Books,Data Science Guide,Bengaluru,7,29948.61,20,Credit Card,Delivered
TXN008291,CUST1688,Home & Kitchen,Cookware Set,Coimbatore,7,35546.14,20,Cash on Delivery,Delivered
TXN008292,CUST0980,Home & Kitchen,Vacuum Cleaner,Pune,8,26294.52,15,UPI,Shipped
TXN008293,CUST0715,Clothing,Jacket,Mumbai,8,34270.19,25,UPI,Delivered
TXN008294,CUST2501,Electronics,Laptop,Bengaluru,5,16981.04,0,UPI,Delivered
TXN008295,CUST2834,Sports,Football,Mumbai,1,46840.38,5,UPI,Delivered
TXN008296,CUST0155,Sports,Cricket Bat,Hyderabad,4,3320.1,15,Cash on Delivery,Delivered
TXN008297,CUST2443,Electronics,Headphones,Chennai,4,27322.48,0,UPI,Delivered
TXN008298,CUST0738,Clothing,T-Shirt,Coimbatore,3,4461.07,10,UPI,Shipped
TXN008299,CUST2938,Electronics,Headphones,Delhi,8,22194.08,25,Cash on Delivery,Delivered
TXN008300,CUST2048,Electronics,Smartwatch,Bengaluru,3,12953.36,25,Debit Card,Shipped
TXN008301,CUST2507,Sports,Cricket Bat,Chennai,5,46851.48,5,Debit Card,Delivered
TXN008302,CUST0361,Clothing,Jeans,Kochi,2,752.46,25,Debit Card,Delivered
TXN008303,CUST2569,Home & Kitchen,Table Lamp,Mumbai,6,19621.06,20,Credit Card,Delivered
TXN008304,CUST1234,Sports,Yoga Mat,Hyderabad,6,39123.93,0,Debit Card,Delivered
TXN008305,CUST1425,Home & Kitchen,Mixer,Pune,8,9504.22,15,Cash on Delivery,Delivered
TXN008306,CUST1716,Clothing,Jeans,Mumbai,8,40797.85,0,Debit Card,Pending
TXN008307,CUST0019,Electronics,Smartwatch,Pune,1,43000.28,20,Credit Card,Delivered
TXN008308,CUST2285,Books,Machine Learning Basics,Hyderabad,5,35429.35,10,Credit Card,Delivered
TXN008309,CUST0966,Books,Data Science Guide,Pune,2,10532.55,0,UPI,Pending
TXN008310,CUST0787,Clothing,Shoes,Hyderabad,10,13674.73,15,Cash on Delivery,Shipped
TXN008311,CUST0482,Books,Machine Learning Basics,Chennai,5,8430.04,0,Debit Card,Delivered
TXN008312,CUST2172,Home & Kitchen,Mixer,Bengaluru,10,9284.78,25,Debit Card,Delivered
TXN008313,CUST0392,Books,Novel,Delhi,9,1920.97,10,Cash on Delivery,Pending
TXN008314,CUST2536,Clothing,Shoes,Bengaluru,4,42880.02,0,Cash on Delivery,Pending
TXN008315,CUST1483,Clothing,Jacket,Kochi,8,26472.26,10,Cash on Delivery,Delivered
TXN008316,CUST2211,Home & Kitchen,Table Lamp,Kochi,1,16455.19,10,Cash on Delivery,Delivered
TXN008317,CUST2079,Books,Python Programming,Coimbatore,8,14549.89,5,Cash on Delivery,Delivered
TXN008318,CUST0899,Books,Data Science Guide,Bengaluru,6,27280.35,5,Cash on Delivery,Delivered
TXN008319,CUST1902,Electronics,Smartphone,Hyderabad,8,16401.57,15,Cash on Delivery,Cancelled
TXN008320,CUST2566,Sports,Dumbbells,Hyderabad,6,43199.53,15,Credit Card,Delivered
TXN008321,CUST2701,Clothing,Shoes,Coimbatore,3,10626.78,15,UPI,Delivered
TXN008322,CUST0853,Electronics,Smartphone,Mumbai,8,44126.86,10,Debit Card,Delivered
TXN008323,CUST1133,Clothing,Jeans,Hyderabad,5,33238.21,10,Credit Card,Delivered
TXN008324,CUST0218,Electronics,Laptop,Coimbatore,10,47835.8,5,Credit Card,Shipped
TXN008325,CUST0794,Sports,Yoga Mat,Hyderabad,5,853.85,25,Debit Card,Delivered
TXN008326,CUST0462,Electronics,Headphones,Delhi,7,3048.87,10,Credit Card,Delivered
TXN008327,CUST0612,Clothing,T-Shirt,Hyderabad,6,25094.64,5,Cash on Delivery,Cancelled
TXN008328,CUST2807,Books,Machine Learning Basics,Chennai,9,45627.7,0,Credit Card,Pending
TXN008329,CUST1944,Clothing,Jeans,Coimbatore,7,36566.67,15,Debit Card,Delivered
TXN008330,CUST2038,Home & Kitchen,Vacuum Cleaner,Pune,3,31144.58,15,UPI,Delivered
TXN008331,CUST0723,Home & Kitchen,Table Lamp,Kochi,5,1676.95,20,Debit Card,Delivered
TXN008332,CUST0655,Home & Kitchen,Cookware Set,Bengaluru,9,17772.77,25,UPI,Cancelled
TXN008333,CUST2745,Home & Kitchen,Cookware Set,Coimbatore,10,17358.06,5,Cash on Delivery,Delivered
TXN008334,CUST0177,Sports,Yoga Mat,Mumbai,2,27150.08,20,Credit Card,Delivered
TXN008335,CUST0222,Books,Machine Learning Basics,Hyderabad,1,12965.61,15,Debit Card,Delivered
TXN008336,CUST2642,Books,Python Programming,Coimbatore,8,13431.07,20,Debit Card,Shipped
TXN008337,CUST1492,Clothing,T-Shirt,Delhi,8,31080.95,0,UPI,Shipped
TXN008338,CUST1168,Electronics,Laptop,Coimbatore,2,47233.92,20,Credit Card,Pending
TXN008339,CUST0859,Clothing,Shoes,Delhi,8,33042.94,0,Debit Card,Delivered
TXN008340,CUST1781,Clothing,Jeans,Kochi,5,33439.69,15,Debit Card,Delivered
TXN008341,CUST1030,Clothing,T-Shirt,Kochi,2,49312.12,10,Credit Card,Shipped
TXN008342,CUST1370,Clothing,T-Shirt,Hyderabad,7,7758.56,5,Cash on Delivery,Delivered
TXN008343,CUST2527,Books,Novel,Bengaluru,7,1788.36,20,UPI,Delivered
TXN008344,CUST1857,Electronics,Smartwatch,Hyderabad,3,37301.15,25,Debit Card,Delivered
TXN008345,CUST0178,Clothing,Shoes,Mumbai,1,21995.49,0,Credit Card,Shipped
TXN008346,CUST0428,Books,Python Programming,Chennai,4,21498.29,25,Cash on Delivery,Shipped
TXN008347,CUST0215,Clothing,T-Shirt,Bengaluru,2,11342.64,15,Debit Card,Delivered
TXN008348,CUST2202,Home & Kitchen,Mixer,Bengaluru,4,25392.47,25,Cash on Delivery,Delivered
TXN008349,CUST0721,Clothing,Shoes,Kochi,8,22164.4,25,Debit Card,Delivered
TXN008350,CUST0648,Clothing,Jeans,Chennai,2,17337.96,15,Debit Card,Pending
TXN008351,CUST0120,Sports,Cricket Bat,Coimbatore,1,22192.98,10,Cash on Delivery,Delivered
TXN008352,CUST1987,Home & Kitchen,Mixer,Hyderabad,3,19253.36,25,UPI,Cancelled
TXN008353,CUST2110,Electronics,Laptop,Coimbatore,10,47000.83,25,Cash on Delivery,Delivered
TXN008354,CUST0476,Clothing,Jacket,Coimbatore,7,49014.56,25,Credit Card,Delivered
TXN008355,CUST0291,Electronics,Smartphone,Hyderabad,6,42011.06,15,Debit Card,Delivered
TXN008356,CUST0964,Home & Kitchen,Mixer,Mumbai,6,49521.66,25,Cash on Delivery,Delivered
TXN008357,CUST2955,Clothing,T-Shirt,Bengaluru,7,13359.4,15,Cash on Delivery,Delivered
TXN008358,CUST1822,Sports,Dumbbells,Delhi,8,42161.96,10,Debit Card,Delivered
TXN008359,CUST2428,Books,Python Programming,Chennai,3,20390.79,15,Debit Card,Delivered
TXN008360,CUST2375,Sports,Yoga Mat,Bengaluru,3,37332.21,25,Cash on Delivery,Cancelled
TXN008361,CUST1336,Sports,Cricket Bat,Coimbatore,10,10149.49,0,UPI,Cancelled
TXN008362,CUST1717,Books,Machine Learning Basics,Chennai,8,40616.61,25,Debit Card,Delivered
TXN008363,CUST0815,Books,Python Programming,Delhi,7,4264.87,20,Cash on Delivery,Delivered
TXN008364,CUST2773,Books,Machine Learning Basics,Bengaluru,10,13600.83,20,Credit Card,Pending
TXN008365,CUST1335,Clothing,T-Shirt,Bengaluru,5,41115.44,0,UPI,Delivered
TXN008366,CUST0943,Electronics,Smartwatch,Mumbai,4,37383.25,20,Credit Card,Shipped
TXN008367,CUST0452,Electronics,Smartwatch,Bengaluru,6,25112.21,25,Debit Card,Delivered
TXN008368,CUST1336,Books,Data Science Guide,Bengaluru,9,33672.36,15,Debit Card,Cancelled
TXN008369,CUST0933,Sports,Football,Delhi,6,9360.14,25,UPI,Delivered
TXN008370,CUST0402,Home & Kitchen,Table Lamp,Delhi,8,33421.4,20,Debit Card,Pending
TXN008371,CUST0972,Books,Novel,Chennai,1,498.01,20,Credit Card,Delivered
TXN008372,CUST1690,Sports,Football,Coimbatore,6,41677.47,15,Cash on Delivery,Delivered
TXN008373,CUST0820,Sports,Cricket Bat,Delhi,2,25862.75,20,Cash on Delivery,Shipped
TXN008374,CUST1539,Clothing,Jacket,Chennai,3,47199.53,15,Credit Card,Shipped
TXN008375,CUST0904,Clothing,Jeans,Bengaluru,6,23960.4,10,Credit Card,Shipped
TXN008376,CUST0302,Electronics,Headphones,Kochi,2,21711.06,25,Debit Card,Delivered
TXN008377,CUST1930,Electronics,Headphones,Chennai,4,22557.64,10,Debit Card,Delivered
TXN008378,CUST2397,Home & Kitchen,Mixer,Kochi,6,18050.46,20,UPI,Delivered
TXN008379,CUST1985,Home & Kitchen,Table Lamp,Chennai,5,8417.09,10,Cash on Delivery,Delivered
TXN008380,CUST0223,Home & Kitchen,Table Lamp,Chennai,6,42118.93,20,UPI,Delivered
TXN008381,CUST1786,Home & Kitchen,Table Lamp,Kochi,6,19515.36,10,Credit Card,Delivered
TXN008382,CUST0594,Sports,Yoga Mat,Hyderabad,8,26502.51,20,Credit Card,Delivered
TXN008383,CUST0886,Sports,Dumbbells,Chennai,9,1092.36,5,UPI,Delivered
TXN008384,CUST2497,Electronics,Laptop,Kochi,5,3106.67,25,UPI,Delivered
TXN008385,CUST1864,Clothing,T-Shirt,Delhi,6,29899.44,0,Cash on Delivery,Delivered
TXN008386,CUST0730,Clothing,Shoes,Pune,6,43973.48,25,Credit Card,Delivered
TXN008387,CUST1587,Books,Data Science Guide,Pune,6,24720.45,10,UPI,Delivered
TXN008388,CUST1530,Sports,Dumbbells,Pune,2,8332.23,15,Cash on Delivery,Delivered
TXN008389,CUST0559,Home & Kitchen,Table Lamp,Pune,4,5894.75,0,Debit Card,Delivered
TXN008390,CUST1875,Home & Kitchen,Cookware Set,Hyderabad,1,44999.42,20,Debit Card,Delivered
TXN008391,CUST2949,Books,Data Science Guide,Coimbatore,1,35111.73,0,Cash on Delivery,Delivered
TXN008392,CUST0796,Clothing,Jacket,Kochi,1,48313.16,15,UPI,Delivered
TXN008393,CUST2589,Home & Kitchen,Mixer,Chennai,7,4209.2,15,Cash on Delivery,Delivered
TXN008394,CUST1469,Clothing,T-Shirt,Mumbai,1,45140.38,25,Cash on Delivery,Delivered
TXN008395,CUST1105,Books,Novel,Pune,6,42297.05,20,UPI,Pending
TXN008396,CUST0829,Clothing,Shoes,Bengaluru,2,44669.94,25,Debit Card,Cancelled
TXN008397,CUST1376,Clothing,Shoes,Pune,6,387.57,10,Cash on Delivery,Delivered
TXN008398,CUST0522,Clothing,T-Shirt,Pune,6,37120.98,10,Debit Card,Delivered
TXN008399,CUST0132,Home & Kitchen,Cookware Set,Bengaluru,3,27492.01,5,Cash on Delivery,Delivered
TXN008400,CUST2836,Electronics,Smartphone,Hyderabad,8,28701.65,25,Credit Card,Delivered
TXN008401,CUST2330,Sports,Yoga Mat,Bengaluru,4,23513.18,15,UPI,Delivered
TXN008402,CUST0245,Clothing,T-Shirt,Bengaluru,7,37159.58,5,Debit Card,Delivered
TXN008403,CUST1150,Clothing,Shoes,Hyderabad,4,49991.98,15,UPI,Delivered
TXN008404,CUST0560,Clothing,Jacket,Bengaluru,1,35555.86,5,Debit Card,Delivered
TXN008405,CUST0456,Electronics,Smartphone,Chennai,6,33934.72,25,Debit Card,Pending
TXN008406,CUST1907,Books,Data Science Guide,Pune,5,32756.44,10,UPI,Delivered
TXN008407,CUST1879,Home & Kitchen,Cookware Set,Coimbatore,9,34791.06,15,Cash on Delivery,Delivered
TXN008408,CUST1714,Electronics,Laptop,Hyderabad,9,17171.41,25,Cash on Delivery,Delivered
TXN008409,CUST0702,Clothing,Shoes,Mumbai,8,16078.97,25,Credit Card,Delivered
TXN008410,CUST1408,Electronics,Laptop,Hyderabad,7,39238.47,10,Debit Card,Delivered
TXN008411,CUST0901,Electronics,Smartphone,Delhi,2,2749.09,0,UPI,Delivered
TXN008412,CUST1209,Electronics,Laptop,Mumbai,8,37986.46,10,Debit Card,Delivered
TXN008413,CUST2473,Books,Machine Learning Basics,Delhi,3,40710.7,15,Cash on Delivery,Delivered
TXN008414,CUST0643,Sports,Yoga Mat,Kochi,6,26127.74,0,UPI,Pending
TXN008415,CUST2614,Home & Kitchen,Cookware Set,Kochi,10,45516.39,5,UPI,Pending
TXN008416,CUST2505,Books,Data Science Guide,Hyderabad,7,23707.06,20,Debit Card,Delivered
TXN008417,CUST0697,Books,Machine Learning Basics,Delhi,6,8986.52,15,Credit Card,Cancelled
TXN008418,CUST2368,Sports,Dumbbells,Mumbai,5,18133.79,20,Cash on Delivery,Cancelled
TXN008419,CUST2265,Books,Python Programming,Chennai,4,45302.79,20,Cash on Delivery,Delivered
TXN008420,CUST0941,Electronics,Smartwatch,Hyderabad,2,49687.54,0,Debit Card,Delivered
TXN008421,CUST0355,Electronics,Smartphone,Hyderabad,9,21150.51,5,Debit Card,Delivered
TXN008422,CUST1687,Clothing,Shoes,Bengaluru,7,8425.64,10,Credit Card,Delivered
TXN008423,CUST2138,Books,Python Programming,Hyderabad,7,14387.83,0,Cash on Delivery,Delivered
TXN008424,CUST2004,Clothing,Jeans,Pune,4,27709.49,5,Credit Card,Delivered
TXN008425,CUST0887,Home & Kitchen,Cookware Set,Kochi,5,28647.59,10,UPI,Delivered
TXN008426,CUST2424,Electronics,Smartphone,Pune,6,31539.96,10,UPI,Pending
TXN008427,CUST1940,Home & Kitchen,Mixer,Hyderabad,2,41784.13,5,Credit Card,Pending
TXN008428,CUST1896,Sports,Football,Kochi,4,35589.59,10,Credit Card,Delivered
TXN008429,CUST1144,Electronics,Smartphone,Kochi,4,13115.93,15,Debit Card,Delivered
TXN008430,CUST0060,Home & Kitchen,Table Lamp,Chennai,4,19812.7,15,Cash on Delivery,Shipped
TXN008431,CUST2991,Sports,Cricket Bat,Bengaluru,7,42006.85,0,Cash on Delivery,Delivered
TXN008432,CUST1754,Home & Kitchen,Cookware Set,Coimbatore,7,31705.8,10,Cash on Delivery,Delivered
TXN008433,CUST1011,Sports,Dumbbells,Delhi,7,8404.26,10,Credit Card,Pending
TXN008434,CUST1016,Sports,Football,Mumbai,7,16344.39,5,Debit Card,Delivered
TXN008435,CUST1341,Electronics,Headphones,Coimbatore,2,39575.44,15,Debit Card,Shipped
TXN008436,CUST1779,Clothing,Jeans,Bengaluru,5,8687.5,20,Debit Card,Delivered
TXN008437,CUST2374,Sports,Dumbbells,Pune,10,34583.43,0,Credit Card,Delivered
TXN008438,CUST0911,Sports,Dumbbells,Pune,2,28220.47,25,Credit Card,Delivered
TXN008439,CUST2424,Electronics,Headphones,Pune,5,7459.0,15,Debit Card,Delivered
TXN008440,CUST0611,Clothing,Shoes,Chennai,6,34475.06,5,Credit Card,Delivered
TXN008441,CUST2350,Books,Python Programming,Kochi,3,7203.21,0,UPI,Delivered
TXN008442,CUST0021,Books,Data Science Guide,Pune,6,19981.94,20,Cash on Delivery,Delivered
TXN008443,CUST1712,Clothing,Jeans,Mumbai,5,15497.14,25,Cash on Delivery,Shipped
TXN008444,CUST0182,Home & Kitchen,Table Lamp,Delhi,4,34531.5,0,Cash on Delivery,Pending
TXN008445,CUST0165,Electronics,Smartphone,Hyderabad,10,39139.88,15,UPI,Delivered
TXN008446,CUST1928,Clothing,Jacket,Hyderabad,9,8499.0,20,Debit Card,Shipped
TXN008447,CUST2066,Books,Machine Learning Basics,Coimbatore,8,40618.64,25,Cash on Delivery,Pending
TXN008448,CUST0138,Sports,Yoga Mat,Delhi,7,459.98,5,Credit Card,Shipped
TXN008449,CUST1744,Books,Python Programming,Bengaluru,1,26549.92,0,UPI,Delivered
TXN008450,CUST2176,Sports,Football,Delhi,9,25887.77,15,Debit Card,Delivered
TXN008451,CUST1616,Electronics,Headphones,Chennai,9,31228.69,5,UPI,Delivered
TXN008452,CUST1964,Sports,Cricket Bat,Coimbatore,6,12061.06,20,Cash on Delivery,Delivered
TXN008453,CUST2854,Clothing,Jeans,Coimbatore,7,591.86,0,Debit Card,Cancelled
TXN008454,CUST0402,Sports,Dumbbells,Chennai,3,22792.67,10,Cash on Delivery,Delivered
TXN008455,CUST1854,Home & Kitchen,Vacuum Cleaner,Delhi,5,3663.17,15,Debit Card,Delivered
TXN008456,CUST2029,Clothing,T-Shirt,Pune,7,44620.47,15,Cash on Delivery,Delivered
TXN008457,CUST0986,Electronics,Smartphone,Chennai,1,8765.95,10,Debit Card,Delivered
TXN008458,CUST0341,Clothing,Shoes,Pune,1,21319.13,5,UPI,Delivered
TXN008459,CUST2288,Home & Kitchen,Vacuum Cleaner,Mumbai,5,21756.62,15,Debit Card,Delivered
TXN008460,CUST0051,Electronics,Headphones,Chennai,9,27687.95,5,Debit Card,Delivered
TXN008461,CUST2840,Books,Python Programming,Pune,7,39148.36,20,UPI,Delivered
TXN008462,CUST2998,Home & Kitchen,Cookware Set,Delhi,1,23660.19,10,Debit Card,Shipped
TXN008463,CUST1666,Electronics,Smartwatch,Pune,5,1385.09,5,UPI,Pending
TXN008464,CUST0893,Sports,Football,Chennai,8,38578.41,20,Cash on Delivery,Delivered
TXN008465,CUST0544,Clothing,Jacket,Bengaluru,8,4200.45,0,Cash on Delivery,Delivered
TXN008466,CUST1469,Electronics,Smartphone,Hyderabad,2,32113.51,15,Cash on Delivery,Delivered
TXN008467,CUST1212,Clothing,Shoes,Chennai,7,40191.13,10,Debit Card,Shipped
TXN008468,CUST0980,Sports,Dumbbells,Hyderabad,10,14206.24,0,Credit Card,Pending
TXN008469,CUST2653,Electronics,Smartphone,Chennai,5,22510.41,0,Credit Card,Delivered
TXN008470,CUST0372,Books,Data Science Guide,Delhi,9,815.36,0,Cash on Delivery,Shipped
TXN008471,CUST0066,Home & Kitchen,Table Lamp,Mumbai,3,40213.37,5,UPI,Pending
TXN008472,CUST1966,Electronics,Smartwatch,Mumbai,1,35192.73,15,Debit Card,Delivered
TXN008473,CUST2741,Sports,Football,Hyderabad,4,11646.23,10,UPI,Delivered
TXN008474,CUST1249,Electronics,Laptop,Kochi,7,19572.29,25,Debit Card,Delivered
TXN008475,CUST0663,Clothing,T-Shirt,Kochi,1,34796.29,25,UPI,Delivered
TXN008476,CUST2881,Electronics,Smartphone,Delhi,2,17972.34,15,Cash on Delivery,Delivered
TXN008477,CUST1882,Books,Data Science Guide,Pune,5,8204.5,15,Credit Card,Delivered
TXN008478,CUST2337,Electronics,Smartphone,Delhi,9,25973.43,15,UPI,Cancelled
TXN008479,CUST2391,Home & Kitchen,Table Lamp,Kochi,1,36206.02,20,Cash on Delivery,Shipped
TXN008480,CUST0100,Electronics,Laptop,Delhi,4,16108.39,20,Credit Card,Delivered
TXN008481,CUST1864,Clothing,T-Shirt,Bengaluru,3,6176.44,20,Credit Card,Delivered
TXN008482,CUST1900,Electronics,Laptop,Coimbatore,5,41494.25,20,Credit Card,Shipped
TXN008483,CUST0568,Books,Machine Learning Basics,Kochi,5,12714.81,15,UPI,Pending
TXN008484,CUST2881,Sports,Dumbbells,Kochi,10,25689.47,15,UPI,Delivered
TXN008485,CUST1661,Electronics,Laptop,Chennai,2,34598.02,25,Credit Card,Delivered
TXN008486,CUST0758,Electronics,Headphones,Delhi,5,15922.05,10,UPI,Cancelled
TXN008487,CUST1518,Home & Kitchen,Table Lamp,Delhi,9,32466.96,25,Cash on Delivery,Delivered
TXN008488,CUST2568,Books,Novel,Delhi,5,23039.5,25,Debit Card,Delivered
TXN008489,CUST1902,Sports,Football,Mumbai,10,28564.79,10,Credit Card,Shipped
TXN008490,CUST2884,Clothing,Shoes,Delhi,2,29569.75,10,Debit Card,Shipped
TXN008491,CUST2595,Electronics,Laptop,Kochi,7,41225.12,25,Credit Card,Delivered
TXN008492,CUST0006,Sports,Football,Chennai,6,32850.68,25,Debit Card,Pending
TXN008493,CUST2570,Clothing,T-Shirt,Pune,7,13288.9,25,Credit Card,Delivered
TXN008494,CUST0290,Books,Data Science Guide,Pune,8,3074.26,10,Cash on Delivery,Delivered
TXN008495,CUST1577,Books,Machine Learning Basics,Delhi,10,199.08,10,Credit Card,Delivered
TXN008496,CUST2830,Sports,Dumbbells,Chennai,5,45230.43,20,Cash on Delivery,Shipped
TXN008497,CUST1364,Clothing,T-Shirt,Bengaluru,2,47111.29,15,Credit Card,Delivered
TXN008498,CUST2175,Books,Machine Learning Basics,Pune,7,4796.16,10,UPI,Delivered
TXN008499,CUST0134,Sports,Football,Kochi,7,24403.98,5,Debit Card,Delivered
TXN008500,CUST1215,Books,Novel,Coimbatore,8,7664.6,10,Cash on Delivery,Delivered
TXN008501,CUST1745,Books,Python Programming,Mumbai,7,47442.58,10,Credit Card,Delivered
TXN008502,CUST1106,Books,Novel,Chennai,10,12416.94,15,UPI,Shipped
TXN008503,CUST2860,Home & Kitchen,Table Lamp,Pune,7,25132.19,25,Credit Card,Delivered
TXN008504,CUST2509,Clothing,Shoes,Pune,9,8364.45,20,Debit Card,Delivered
TXN008505,CUST2222,Sports,Cricket Bat,Hyderabad,8,16704.78,0,Credit Card,Delivered
TXN008506,CUST2357,Sports,Dumbbells,Bengaluru,2,13413.64,25,UPI,Delivered
TXN008507,CUST0849,Clothing,Shoes,Coimbatore,2,23823.76,25,Credit Card,Cancelled
TXN008508,CUST2805,Clothing,T-Shirt,Coimbatore,7,21047.12,15,Credit Card,Shipped
TXN008509,CUST0332,Clothing,Shoes,Coimbatore,10,16606.81,20,Cash on Delivery,Delivered
TXN008510,CUST2542,Clothing,Shoes,Kochi,10,5383.29,5,Cash on Delivery,Cancelled
TXN008511,CUST1376,Electronics,Laptop,Chennai,3,24275.9,0,Credit Card,Delivered
TXN008512,CUST0225,Sports,Dumbbells,Bengaluru,1,42525.38,20,Credit Card,Shipped
TXN008513,CUST2109,Electronics,Laptop,Delhi,9,36538.14,25,UPI,Shipped
TXN008514,CUST2764,Books,Python Programming,Hyderabad,3,36056.69,20,Credit Card,Delivered
TXN008515,CUST1491,Books,Machine Learning Basics,Bengaluru,1,18367.98,15,Debit Card,Delivered
TXN008516,CUST0212,Sports,Cricket Bat,Bengaluru,6,35450.11,20,Cash on Delivery,Cancelled
TXN008517,CUST0455,Books,Novel,Pune,4,23330.02,10,Debit Card,Delivered
TXN008518,CUST1569,Clothing,Jeans,Bengaluru,1,7598.78,20,Credit Card,Delivered
TXN008519,CUST1498,Electronics,Smartphone,Chennai,4,21010.58,0,UPI,Delivered
TXN008520,CUST1907,Clothing,Jeans,Hyderabad,8,6723.66,20,Debit Card,Delivered
TXN008521,CUST2536,Books,Data Science Guide,Chennai,7,5812.69,5,Credit Card,Cancelled
TXN008522,CUST0168,Electronics,Laptop,Hyderabad,1,1250.66,10,Cash on Delivery,Delivered
TXN008523,CUST1498,Clothing,Jacket,Hyderabad,10,14214.43,0,Credit Card,Shipped
TXN008524,CUST1501,Sports,Yoga Mat,Pune,9,16610.65,0,Cash on Delivery,Delivered
TXN008525,CUST0718,Clothing,Jeans,Chennai,6,35002.24,25,UPI,Delivered
TXN008526,CUST2655,Books,Python Programming,Hyderabad,2,26946.44,15,Cash on Delivery,Cancelled
TXN008527,CUST2289,Electronics,Smartwatch,Bengaluru,3,42936.64,15,Credit Card,Delivered
TXN008528,CUST2888,Sports,Yoga Mat,Chennai,7,8905.88,10,UPI,Delivered
TXN008529,CUST0275,Electronics,Smartphone,Hyderabad,3,13371.24,0,Cash on Delivery,Delivered
TXN008530,CUST2297,Sports,Yoga Mat,Kochi,3,47059.7,25,Cash on Delivery,Delivered
TXN008531,CUST2906,Electronics,Smartwatch,Coimbatore,5,22257.86,5,Debit Card,Delivered
TXN008532,CUST0839,Books,Python Programming,Chennai,3,39473.64,20,Cash on Delivery,Delivered
TXN008533,CUST0567,Sports,Yoga Mat,Pune,3,24659.17,20,Credit Card,Cancelled
TXN008534,CUST1372,Home & Kitchen,Table Lamp,Kochi,5,23607.17,20,UPI,Shipped
TXN008535,CUST0978,Electronics,Laptop,Kochi,5,7491.0,15,Credit Card,Delivered
TXN008536,CUST2211,Electronics,Smartphone,Mumbai,9,42574.86,0,Cash on Delivery,Delivered
TXN008537,CUST0466,Clothing,Jeans,Chennai,1,4009.93,0,Credit Card,Delivered
TXN008538,CUST2659,Sports,Cricket Bat,Kochi,1,15582.03,5,Debit Card,Cancelled
TXN008539,CUST1960,Home & Kitchen,Cookware Set,Chennai,9,33706.06,15,Credit Card,Delivered
TXN008540,CUST2377,Books,Machine Learning Basics,Chennai,5,25412.15,5,UPI,Delivered
TXN008541,CUST2879,Clothing,Shoes,Hyderabad,4,44080.78,0,UPI,Delivered
TXN008542,CUST0860,Home & Kitchen,Table Lamp,Chennai,2,2060.97,20,Cash on Delivery,Delivered
TXN008543,CUST0924,Sports,Cricket Bat,Mumbai,9,32505.44,15,UPI,Delivered
TXN008544,CUST1313,Home & Kitchen,Vacuum Cleaner,Delhi,6,23925.53,15,Credit Card,Delivered
TXN008545,CUST1445,Electronics,Laptop,Chennai,9,7800.16,15,Cash on Delivery,Cancelled
TXN008546,CUST1096,Electronics,Smartwatch,Coimbatore,5,37188.27,25,Credit Card,Delivered
TXN008547,CUST2063,Clothing,Jacket,Mumbai,4,20624.21,25,Debit Card,Delivered
TXN008548,CUST2787,Sports,Cricket Bat,Delhi,7,26625.94,20,Credit Card,Cancelled
TXN008549,CUST1733,Sports,Football,Hyderabad,5,48366.58,25,UPI,Shipped
TXN008550,CUST1136,Home & Kitchen,Cookware Set,Chennai,8,24362.88,15,UPI,Delivered
TXN008551,CUST0224,Clothing,T-Shirt,Delhi,8,41186.31,25,Debit Card,Pending
TXN008552,CUST0260,Sports,Yoga Mat,Coimbatore,2,38501.92,25,Cash on Delivery,Delivered
TXN008553,CUST1528,Electronics,Smartphone,Mumbai,5,33171.45,10,UPI,Shipped
TXN008554,CUST1415,Home & Kitchen,Cookware Set,Mumbai,10,44850.93,15,UPI,Shipped
TXN008555,CUST1854,Books,Novel,Hyderabad,8,12654.92,25,UPI,Cancelled
TXN008556,CUST1992,Electronics,Headphones,Hyderabad,3,41056.48,20,Debit Card,Delivered
TXN008557,CUST2054,Clothing,Jacket,Hyderabad,7,18951.6,25,Debit Card,Delivered
TXN008558,CUST2158,Sports,Football,Delhi,3,40643.3,25,UPI,Delivered
TXN008559,CUST0503,Electronics,Headphones,Chennai,6,24740.06,15,Cash on Delivery,Delivered
TXN008560,CUST1926,Books,Machine Learning Basics,Bengaluru,2,42899.69,25,UPI,Delivered
TXN008561,CUST2908,Books,Python Programming,Kochi,6,44752.69,10,Credit Card,Delivered
TXN008562,CUST2179,Clothing,T-Shirt,Mumbai,6,29922.43,10,Credit Card,Delivered
TXN008563,CUST2779,Electronics,Headphones,Bengaluru,8,25430.59,25,Cash on Delivery,Pending
TXN008564,CUST2183,Home & Kitchen,Vacuum Cleaner,Pune,5,39185.68,15,UPI,Pending
TXN008565,CUST1198,Electronics,Smartwatch,Mumbai,1,13422.61,0,Cash on Delivery,Delivered
TXN008566,CUST1852,Books,Novel,Kochi,8,865.9,0,Credit Card,Pending
TXN008567,CUST2544,Clothing,T-Shirt,Hyderabad,9,20414.02,5,UPI,Delivered
TXN008568,CUST1508,Clothing,Shoes,Kochi,1,25437.93,10,UPI,Delivered
TXN008569,CUST2758,Home & Kitchen,Mixer,Chennai,5,14933.41,0,Credit Card,Delivered
TXN008570,CUST2840,Clothing,Jacket,Chennai,6,19229.76,5,Cash on Delivery,Delivered
TXN008571,CUST0269,Clothing,Jeans,Mumbai,4,6739.61,0,Cash on Delivery,Delivered
TXN008572,CUST0772,Clothing,Jeans,Delhi,2,13936.77,15,Debit Card,Delivered
TXN008573,CUST1876,Clothing,Shoes,Pune,5,12080.76,25,Debit Card,Delivered
TXN008574,CUST0358,Clothing,Shoes,Kochi,4,15119.24,10,Debit Card,Shipped
TXN008575,CUST0329,Books,Novel,Hyderabad,7,15022.8,0,Cash on Delivery,Delivered
TXN008576,CUST1601,Electronics,Smartwatch,Chennai,6,27992.52,15,UPI,Delivered
TXN008577,CUST0733,Sports,Football,Pune,3,12604.79,5,UPI,Delivered
TXN008578,CUST1182,Clothing,Jeans,Pune,9,47053.97,15,Debit Card,Pending
TXN008579,CUST0316,Sports,Cricket Bat,Chennai,4,25612.61,5,Cash on Delivery,Delivered
TXN008580,CUST0448,Sports,Dumbbells,Coimbatore,5,6535.4,0,Debit Card,Delivered
TXN008581,CUST0675,Books,Machine Learning Basics,Kochi,3,14052.35,25,Cash on Delivery,Delivered
TXN008582,CUST1131,Clothing,Shoes,Pune,8,36514.9,20,Cash on Delivery,Delivered
TXN008583,CUST0459,Sports,Cricket Bat,Chennai,7,781.59,25,Debit Card,Delivered
TXN008584,CUST2856,Clothing,T-Shirt,Coimbatore,7,46897.12,15,UPI,Delivered
TXN008585,CUST0607,Home & Kitchen,Table Lamp,Chennai,8,22314.33,20,UPI,Delivered
TXN008586,CUST2033,Home & Kitchen,Table Lamp,Chennai,7,26101.84,10,Cash on Delivery,Delivered
TXN008587,CUST0617,Home & Kitchen,Table Lamp,Pune,3,49421.77,20,Credit Card,Delivered
TXN008588,CUST0837,Sports,Dumbbells,Delhi,3,25219.81,25,Credit Card,Pending
TXN008589,CUST2133,Home & Kitchen,Cookware Set,Delhi,2,47392.43,10,Credit Card,Delivered
TXN008590,CUST2570,Books,Novel,Hyderabad,1,45770.03,0,Debit Card,Delivered
TXN008591,CUST0093,Books,Novel,Kochi,5,47071.64,0,UPI,Delivered
TXN008592,CUST1201,Sports,Football,Chennai,4,40637.42,15,Credit Card,Delivered
TXN008593,CUST1707,Clothing,Jeans,Kochi,2,14890.26,20,Credit Card,Delivered
TXN008594,CUST2796,Electronics,Headphones,Hyderabad,1,17384.49,10,Credit Card,Cancelled
TXN008595,CUST2218,Clothing,Jeans,Hyderabad,3,18312.71,10,Credit Card,Shipped
TXN008596,CUST0541,Clothing,Shoes,Hyderabad,6,48961.12,20,Debit Card,Delivered
TXN008597,CUST1942,Clothing,T-Shirt,Hyderabad,2,18101.7,25,UPI,Delivered
TXN008598,CUST1421,Clothing,Jacket,Mumbai,10,5523.6,0,UPI,Delivered
TXN008599,CUST1721,Electronics,Smartphone,Pune,7,38938.61,25,UPI,Delivered
TXN008600,CUST1819,Home & Kitchen,Table Lamp,Pune,7,18366.56,0,Credit Card,Delivered
TXN008601,CUST2641,Clothing,Jeans,Mumbai,3,31084.7,10,Cash on Delivery,Cancelled
TXN008602,CUST0088,Books,Data Science Guide,Chennai,1,46225.58,15,Debit Card,Pending
TXN008603,CUST1195,Sports,Yoga Mat,Mumbai,9,28817.73,0,Debit Card,Cancelled
TXN008604,CUST0775,Sports,Cricket Bat,Chennai,5,31921.24,5,Debit Card,Pending
TXN008605,CUST0258,Books,Machine Learning Basics,Delhi,2,32178.84,10,UPI,Delivered
TXN008606,CUST0091,Clothing,T-Shirt,Pune,8,30658.72,20,UPI,Delivered
TXN008607,CUST0952,Electronics,Headphones,Bengaluru,10,8072.49,20,Debit Card,Delivered
TXN008608,CUST2129,Home & Kitchen,Table Lamp,Coimbatore,10,22875.13,25,Credit Card,Pending
TXN008609,CUST2641,Sports,Dumbbells,Pune,4,482.43,25,Cash on Delivery,Delivered
TXN008610,CUST1376,Home & Kitchen,Vacuum Cleaner,Mumbai,10,31350.61,10,UPI,Delivered
TXN008611,CUST1687,Electronics,Smartwatch,Mumbai,7,28810.38,25,UPI,Delivered
TXN008612,CUST2371,Sports,Cricket Bat,Delhi,5,15975.05,25,Credit Card,Delivered
TXN008613,CUST1405,Home & Kitchen,Mixer,Mumbai,3,26242.39,10,Credit Card,Delivered
TXN008614,CUST2686,Electronics,Smartphone,Chennai,10,24703.58,0,UPI,Pending
TXN008615,CUST2647,Home & Kitchen,Cookware Set,Chennai,8,12620.67,10,Credit Card,Delivered
TXN008616,CUST1337,Clothing,Jacket,Bengaluru,2,14735.05,10,Credit Card,Delivered
TXN008617,CUST1992,Electronics,Laptop,Bengaluru,1,38150.8,25,Credit Card,Cancelled
TXN008618,CUST2431,Home & Kitchen,Vacuum Cleaner,Pune,5,37811.04,5,Cash on Delivery,Delivered
TXN008619,CUST2728,Clothing,Jacket,Bengaluru,4,23542.13,20,Cash on Delivery,Shipped
TXN008620,CUST2855,Clothing,Jacket,Chennai,10,35903.7,25,Cash on Delivery,Delivered
TXN008621,CUST2172,Electronics,Headphones,Kochi,7,22594.98,0,Credit Card,Shipped
TXN008622,CUST2247,Books,Data Science Guide,Hyderabad,9,42583.56,15,Credit Card,Cancelled
TXN008623,CUST1824,Sports,Dumbbells,Hyderabad,6,16707.05,0,Cash on Delivery,Pending
TXN008624,CUST1876,Electronics,Smartwatch,Bengaluru,1,46371.9,20,Cash on Delivery,Delivered
TXN008625,CUST1246,Clothing,Shoes,Bengaluru,8,27159.95,15,Debit Card,Delivered
TXN008626,CUST2324,Clothing,Jeans,Chennai,2,26830.82,10,UPI,Delivered
TXN008627,CUST0541,Electronics,Laptop,Delhi,4,33573.44,5,Cash on Delivery,Cancelled
TXN008628,CUST1256,Books,Machine Learning Basics,Pune,3,17108.71,5,Debit Card,Delivered
TXN008629,CUST0704,Sports,Yoga Mat,Mumbai,6,36244.05,20,Debit Card,Delivered
TXN008630,CUST1065,Home & Kitchen,Cookware Set,Pune,2,16089.21,25,Cash on Delivery,Pending
TXN008631,CUST0929,Electronics,Laptop,Coimbatore,5,19937.19,20,Debit Card,Delivered
TXN008632,CUST1984,Sports,Football,Hyderabad,9,33767.7,5,Cash on Delivery,Cancelled
TXN008633,CUST1524,Sports,Yoga Mat,Kochi,3,18984.61,15,UPI,Delivered
TXN008634,CUST1181,Clothing,Shoes,Hyderabad,2,10078.71,15,UPI,Delivered
TXN008635,CUST0194,Home & Kitchen,Cookware Set,Chennai,2,43607.88,25,UPI,Delivered
TXN008636,CUST0608,Electronics,Laptop,Pune,9,46115.55,0,Cash on Delivery,Cancelled
TXN008637,CUST1447,Clothing,T-Shirt,Kochi,6,31373.88,10,Debit Card,Delivered
TXN008638,CUST1165,Clothing,Jacket,Chennai,2,40576.42,25,Cash on Delivery,Delivered
TXN008639,CUST1868,Books,Novel,Coimbatore,3,49333.95,15,UPI,Shipped
TXN008640,CUST0682,Sports,Football,Kochi,1,30777.26,10,Debit Card,Delivered
TXN008641,CUST2534,Electronics,Headphones,Pune,2,45448.75,20,Credit Card,Delivered
TXN008642,CUST0659,Electronics,Smartphone,Kochi,2,18026.81,15,UPI,Delivered
TXN008643,CUST2916,Electronics,Headphones,Coimbatore,2,35053.57,15,Cash on Delivery,Cancelled
TXN008644,CUST2193,Clothing,Jeans,Bengaluru,7,2884.69,15,Cash on Delivery,Delivered
TXN008645,CUST1169,Books,Machine Learning Basics,Pune,3,39469.68,0,Cash on Delivery,Delivered
TXN008646,CUST0747,Home & Kitchen,Table Lamp,Coimbatore,4,41507.18,25,Credit Card,Delivered
TXN008647,CUST0719,Clothing,Jeans,Mumbai,2,20118.65,20,Debit Card,Delivered
TXN008648,CUST2901,Home & Kitchen,Vacuum Cleaner,Mumbai,5,31983.86,5,Cash on Delivery,Delivered
TXN008649,CUST2838,Books,Novel,Hyderabad,9,42932.22,0,Cash on Delivery,Shipped
TXN008650,CUST2730,Sports,Football,Mumbai,9,44192.05,0,Cash on Delivery,Delivered
TXN008651,CUST0629,Electronics,Laptop,Pune,7,5415.92,15,UPI,Delivered
TXN008652,CUST0661,Home & Kitchen,Table Lamp,Mumbai,8,41391.64,0,UPI,Delivered
TXN008653,CUST0975,Clothing,Jeans,Mumbai,5,13784.74,25,Credit Card,Shipped
TXN008654,CUST0479,Home & Kitchen,Cookware Set,Kochi,5,36392.61,25,Debit Card,Delivered
TXN008655,CUST0169,Sports,Yoga Mat,Bengaluru,3,16325.69,25,Debit Card,Pending
TXN008656,CUST1297,Electronics,Headphones,Hyderabad,6,2910.85,5,Cash on Delivery,Delivered
TXN008657,CUST2354,Home & Kitchen,Mixer,Chennai,1,10572.55,0,Cash on Delivery,Delivered
TXN008658,CUST0519,Sports,Football,Hyderabad,3,20492.72,25,UPI,Delivered
TXN008659,CUST1806,Clothing,T-Shirt,Hyderabad,2,37087.31,0,UPI,Delivered
TXN008660,CUST1067,Books,Novel,Hyderabad,7,5125.11,15,UPI,Delivered
TXN008661,CUST1515,Clothing,Jacket,Coimbatore,9,40665.41,20,UPI,Delivered
TXN008662,CUST0756,Electronics,Headphones,Chennai,4,49847.86,25,Cash on Delivery,Cancelled
TXN008663,CUST0841,Clothing,T-Shirt,Coimbatore,7,39434.06,5,UPI,Delivered
TXN008664,CUST2304,Clothing,Shoes,Bengaluru,8,23739.45,15,Debit Card,Delivered
TXN008665,CUST2897,Clothing,Jacket,Bengaluru,10,28451.19,0,UPI,Delivered
TXN008666,CUST0143,Clothing,Shoes,Delhi,2,407.41,25,Credit Card,Delivered
TXN008667,CUST2727,Electronics,Headphones,Delhi,7,10542.76,5,UPI,Delivered
TXN008668,CUST1299,Sports,Cricket Bat,Kochi,3,44959.51,10,Cash on Delivery,Delivered
TXN008669,CUST1409,Home & Kitchen,Vacuum Cleaner,Bengaluru,8,1184.3,25,Cash on Delivery,Delivered
TXN008670,CUST0606,Books,Novel,Bengaluru,6,45249.27,25,Cash on Delivery,Delivered
TXN008671,CUST1528,Home & Kitchen,Vacuum Cleaner,Coimbatore,3,5751.31,0,UPI,Shipped
TXN008672,CUST1837,Home & Kitchen,Vacuum Cleaner,Kochi,8,6740.4,20,Debit Card,Delivered
TXN008673,CUST2212,Books,Data Science Guide,Bengaluru,3,8849.96,0,Cash on Delivery,Delivered
TXN008674,CUST0666,Electronics,Smartphone,Pune,9,39989.33,20,Debit Card,Pending
TXN008675,CUST2186,Books,Data Science Guide,Chennai,3,23961.51,10,Cash on Delivery,Delivered
TXN008676,CUST1236,Electronics,Headphones,Coimbatore,1,7345.31,15,Cash on Delivery,Delivered
TXN008677,CUST0498,Home & Kitchen,Mixer,Bengaluru,2,34371.41,15,Debit Card,Delivered
TXN008678,CUST0103,Electronics,Smartphone,Coimbatore,4,47040.35,25,Credit Card,Delivered
TXN008679,CUST1658,Sports,Cricket Bat,Coimbatore,2,28665.33,15,Cash on Delivery,Delivered
TXN008680,CUST2046,Books,Novel,Mumbai,4,5025.13,5,Debit Card,Delivered
TXN008681,CUST0596,Sports,Dumbbells,Kochi,4,2832.06,20,Cash on Delivery,Delivered
TXN008682,CUST1877,Home & Kitchen,Cookware Set,Delhi,4,39814.03,0,UPI,Delivered
TXN008683,CUST1312,Books,Python Programming,Kochi,1,31341.57,5,Debit Card,Pending
TXN008684,CUST0640,Home & Kitchen,Cookware Set,Coimbatore,9,46140.6,5,Cash on Delivery,Delivered
TXN008685,CUST0018,Sports,Yoga Mat,Kochi,10,27407.78,0,Credit Card,Shipped
TXN008686,CUST2238,Home & Kitchen,Cookware Set,Hyderabad,7,3213.53,10,UPI,Shipped
TXN008687,CUST2079,Books,Machine Learning Basics,Pune,2,20243.97,15,Cash on Delivery,Delivered
TXN008688,CUST1357,Books,Python Programming,Pune,3,32933.74,10,UPI,Delivered
TXN008689,CUST2652,Home & Kitchen,Mixer,Coimbatore,8,19305.78,10,Credit Card,Delivered
TXN008690,CUST2890,Books,Machine Learning Basics,Hyderabad,7,49979.61,15,Debit Card,Delivered
TXN008691,CUST1211,Books,Data Science Guide,Pune,4,20328.39,10,Cash on Delivery,Delivered
TXN008692,CUST1942,Home & Kitchen,Table Lamp,Mumbai,4,27357.18,5,Debit Card,Delivered
TXN008693,CUST1188,Sports,Yoga Mat,Bengaluru,9,11347.06,25,Cash on Delivery,Delivered
TXN008694,CUST2350,Books,Python Programming,Coimbatore,5,7691.7,0,Cash on Delivery,Delivered
TXN008695,CUST2732,Books,Machine Learning Basics,Mumbai,5,32300.75,25,Debit Card,Cancelled
TXN008696,CUST0603,Books,Machine Learning Basics,Kochi,7,29471.78,5,Debit Card,Delivered
TXN008697,CUST2316,Books,Novel,Chennai,1,316.51,25,Cash on Delivery,Delivered
TXN008698,CUST2985,Home & Kitchen,Mixer,Kochi,3,14310.6,5,Credit Card,Delivered
TXN008699,CUST1811,Sports,Yoga Mat,Mumbai,2,32214.62,20,Credit Card,Delivered
TXN008700,CUST1388,Sports,Yoga Mat,Delhi,10,40631.24,15,Cash on Delivery,Delivered
TXN008701,CUST2823,Electronics,Laptop,Delhi,6,15687.2,15,Debit Card,Pending
TXN008702,CUST0461,Books,Python Programming,Bengaluru,6,32407.07,25,Credit Card,Delivered
TXN008703,CUST2997,Books,Data Science Guide,Kochi,10,13336.37,5,Cash on Delivery,Delivered
TXN008704,CUST1962,Electronics,Laptop,Hyderabad,1,34549.96,15,UPI,Delivered
TXN008705,CUST0165,Sports,Yoga Mat,Bengaluru,6,34927.61,20,Cash on Delivery,Pending
TXN008706,CUST0572,Clothing,Jeans,Pune,10,6598.15,25,Debit Card,Pending
TXN008707,CUST2778,Clothing,Shoes,Hyderabad,2,33287.98,0,Cash on Delivery,Shipped
TXN008708,CUST2257,Sports,Dumbbells,Hyderabad,4,16745.0,10,UPI,Shipped
TXN008709,CUST0479,Books,Python Programming,Hyderabad,6,8712.49,15,UPI,Delivered
TXN008710,CUST1262,Clothing,Jeans,Hyderabad,3,25068.03,5,Cash on Delivery,Shipped
TXN008711,CUST0102,Home & Kitchen,Table Lamp,Delhi,3,22669.6,15,UPI,Delivered
TXN008712,CUST1646,Home & Kitchen,Table Lamp,Kochi,3,38716.35,5,Cash on Delivery,Delivered
TXN008713,CUST2530,Electronics,Headphones,Pune,4,4317.32,25,Debit Card,Delivered
TXN008714,CUST0903,Sports,Cricket Bat,Delhi,9,39508.69,25,Debit Card,Delivered
TXN008715,CUST1827,Sports,Cricket Bat,Coimbatore,4,5393.51,10,Debit Card,Pending
TXN008716,CUST1464,Clothing,Jacket,Pune,4,10452.21,15,Credit Card,Delivered
TXN008717,CUST0379,Books,Data Science Guide,Delhi,4,25842.52,10,Cash on Delivery,Pending
TXN008718,CUST1337,Sports,Cricket Bat,Bengaluru,7,23212.41,5,Debit Card,Pending
TXN008719,CUST0226,Clothing,Jacket,Delhi,5,49444.06,20,Cash on Delivery,Pending
TXN008720,CUST2491,Clothing,T-Shirt,Pune,2,29514.74,20,UPI,Delivered
TXN008721,CUST2627,Sports,Cricket Bat,Pune,7,16439.04,0,Debit Card,Delivered
TXN008722,CUST0800,Clothing,Jacket,Bengaluru,3,45017.43,5,Credit Card,Pending
TXN008723,CUST2390,Electronics,Laptop,Chennai,1,15679.53,5,Debit Card,Delivered
TXN008724,CUST2157,Electronics,Smartwatch,Kochi,9,13761.4,5,Credit Card,Cancelled
TXN008725,CUST0910,Sports,Dumbbells,Pune,5,24769.15,25,UPI,Pending
TXN008726,CUST1139,Books,Python Programming,Delhi,10,45667.42,25,Cash on Delivery,Delivered
TXN008727,CUST0802,Electronics,Smartwatch,Bengaluru,1,35454.86,20,UPI,Delivered
TXN008728,CUST0093,Electronics,Smartphone,Hyderabad,1,33906.41,20,UPI,Delivered
TXN008729,CUST0343,Sports,Football,Kochi,1,36331.26,20,UPI,Cancelled
TXN008730,CUST2206,Home & Kitchen,Table Lamp,Pune,9,33016.07,15,UPI,Delivered
TXN008731,CUST1825,Clothing,T-Shirt,Kochi,8,38013.84,15,UPI,Delivered
TXN008732,CUST2774,Electronics,Headphones,Kochi,6,9718.82,20,Cash on Delivery,Delivered
TXN008733,CUST2751,Home & Kitchen,Vacuum Cleaner,Mumbai,10,8945.19,10,Credit Card,Delivered
TXN008734,CUST0358,Books,Data Science Guide,Kochi,6,18171.95,15,UPI,Delivered
TXN008735,CUST2097,Home & Kitchen,Cookware Set,Hyderabad,6,42562.89,25,Debit Card,Delivered
TXN008736,CUST1616,Sports,Yoga Mat,Coimbatore,4,35751.27,15,Credit Card,Delivered
TXN008737,CUST0797,Books,Novel,Kochi,5,28367.02,15,Credit Card,Delivered
TXN008738,CUST2009,Books,Data Science Guide,Pune,10,1070.43,15,Debit Card,Delivered
TXN008739,CUST1302,Home & Kitchen,Cookware Set,Bengaluru,3,11866.53,0,Debit Card,Cancelled
TXN008740,CUST2471,Sports,Yoga Mat,Hyderabad,3,40195.35,15,Debit Card,Pending
TXN008741,CUST2479,Electronics,Smartwatch,Delhi,10,12200.09,10,Debit Card,Cancelled
TXN008742,CUST2096,Home & Kitchen,Table Lamp,Delhi,7,36541.48,0,Debit Card,Delivered
TXN008743,CUST0230,Electronics,Smartphone,Pune,5,9313.25,25,UPI,Delivered
TXN008744,CUST2732,Home & Kitchen,Vacuum Cleaner,Chennai,8,30357.74,25,Credit Card,Delivered
TXN008745,CUST1479,Electronics,Smartwatch,Mumbai,5,31447.75,15,Debit Card,Cancelled
TXN008746,CUST1629,Home & Kitchen,Table Lamp,Pune,4,37623.11,5,Debit Card,Delivered
TXN008747,CUST0606,Books,Novel,Bengaluru,3,21973.29,0,Cash on Delivery,Delivered
TXN008748,CUST2933,Clothing,Jacket,Hyderabad,2,31670.47,25,Credit Card,Pending
TXN008749,CUST1752,Books,Machine Learning Basics,Mumbai,3,24399.79,15,Credit Card,Delivered
TXN008750,CUST1515,Electronics,Laptop,Chennai,7,47372.17,10,UPI,Delivered
TXN008751,CUST1582,Sports,Football,Pune,8,26141.85,20,Credit Card,Delivered
TXN008752,CUST1528,Books,Novel,Coimbatore,5,10558.93,25,Debit Card,Delivered
TXN008753,CUST0050,Clothing,Jacket,Mumbai,1,33427.84,15,Cash on Delivery,Pending
TXN008754,CUST1166,Electronics,Headphones,Chennai,3,27468.52,5,Credit Card,Cancelled
TXN008755,CUST1413,Books,Machine Learning Basics,Pune,4,40211.09,10,Cash on Delivery,Shipped
TXN008756,CUST1440,Home & Kitchen,Vacuum Cleaner,Kochi,10,8927.89,25,Debit Card,Delivered
TXN008757,CUST1262,Sports,Dumbbells,Pune,4,13120.89,0,Cash on Delivery,Delivered
TXN008758,CUST1826,Electronics,Headphones,Bengaluru,1,46089.29,10,Credit Card,Delivered
TXN008759,CUST2298,Books,Machine Learning Basics,Pune,10,46508.3,15,Credit Card,Shipped
TXN008760,CUST0359,Electronics,Headphones,Coimbatore,9,22168.61,25,UPI,Delivered
TXN008761,CUST0884,Home & Kitchen,Cookware Set,Pune,10,2482.78,25,Debit Card,Shipped
TXN008762,CUST2982,Clothing,Jeans,Delhi,4,15397.1,5,UPI,Delivered
TXN008763,CUST1820,Books,Machine Learning Basics,Chennai,2,12431.42,25,UPI,Delivered
TXN008764,CUST1703,Electronics,Smartphone,Kochi,9,20792.37,10,Debit Card,Shipped
TXN008765,CUST1813,Electronics,Smartphone,Delhi,4,15958.25,25,Credit Card,Shipped
TXN008766,CUST1183,Electronics,Smartwatch,Pune,4,41466.72,10,Cash on Delivery,Pending
TXN008767,CUST0671,Clothing,Jacket,Coimbatore,6,251.5,20,UPI,Delivered
TXN008768,CUST2982,Electronics,Smartphone,Chennai,8,32267.13,20,Credit Card,Delivered
TXN008769,CUST1737,Sports,Football,Chennai,5,33247.08,15,Credit Card,Pending
TXN008770,CUST2985,Sports,Cricket Bat,Pune,8,33065.27,0,UPI,Delivered
TXN008771,CUST1697,Electronics,Smartphone,Coimbatore,1,26077.67,0,UPI,Cancelled
TXN008772,CUST0572,Sports,Cricket Bat,Bengaluru,4,30594.09,5,UPI,Delivered
TXN008773,CUST2406,Books,Data Science Guide,Kochi,1,40543.67,15,Credit Card,Delivered
TXN008774,CUST2450,Sports,Yoga Mat,Chennai,3,39231.42,0,Debit Card,Pending
TXN008775,CUST0353,Electronics,Headphones,Kochi,7,1827.81,25,Debit Card,Delivered
TXN008776,CUST0589,Home & Kitchen,Cookware Set,Coimbatore,1,1618.78,10,UPI,Delivered
TXN008777,CUST0852,Books,Data Science Guide,Mumbai,5,41963.35,15,Cash on Delivery,Delivered
TXN008778,CUST1243,Clothing,T-Shirt,Delhi,1,28779.01,10,Credit Card,Delivered
TXN008779,CUST1945,Electronics,Laptop,Chennai,6,47875.62,5,Cash on Delivery,Delivered
TXN008780,CUST2152,Clothing,Jeans,Mumbai,9,21636.42,25,UPI,Cancelled
TXN008781,CUST1374,Home & Kitchen,Mixer,Chennai,3,8919.42,15,Credit Card,Delivered
TXN008782,CUST0271,Clothing,Jacket,Bengaluru,6,23714.42,25,Debit Card,Delivered
TXN008783,CUST2420,Electronics,Headphones,Pune,4,21883.56,25,Debit Card,Delivered
TXN008784,CUST1540,Electronics,Smartphone,Coimbatore,6,25907.15,25,Cash on Delivery,Shipped
TXN008785,CUST0363,Home & Kitchen,Cookware Set,Chennai,2,40416.57,5,UPI,Delivered
TXN008786,CUST0028,Electronics,Smartphone,Coimbatore,4,32813.64,20,Cash on Delivery,Delivered
TXN008787,CUST1678,Home & Kitchen,Vacuum Cleaner,Hyderabad,7,9345.24,5,UPI,Cancelled
TXN008788,CUST2617,Home & Kitchen,Vacuum Cleaner,Chennai,6,36750.42,25,Debit Card,Pending
TXN008789,CUST1120,Electronics,Smartwatch,Bengaluru,9,29635.62,20,Credit Card,Delivered
TXN008790,CUST1698,Sports,Cricket Bat,Bengaluru,7,28957.71,15,Debit Card,Delivered
TXN008791,CUST0717,Home & Kitchen,Cookware Set,Pune,1,33945.02,10,Cash on Delivery,Shipped
TXN008792,CUST2277,Electronics,Smartwatch,Pune,6,28241.88,10,Credit Card,Delivered
TXN008793,CUST1893,Sports,Football,Mumbai,3,22929.94,10,UPI,Delivered
TXN008794,CUST2910,Home & Kitchen,Mixer,Bengaluru,8,32054.98,5,Debit Card,Shipped
TXN008795,CUST2327,Sports,Yoga Mat,Coimbatore,1,36213.98,15,UPI,Delivered
TXN008796,CUST0561,Books,Machine Learning Basics,Hyderabad,10,11365.77,15,Debit Card,Pending
TXN008797,CUST0817,Books,Machine Learning Basics,Kochi,2,24902.79,20,UPI,Delivered
TXN008798,CUST0762,Sports,Dumbbells,Bengaluru,3,22962.81,15,Debit Card,Delivered
TXN008799,CUST1564,Home & Kitchen,Table Lamp,Chennai,3,2091.17,10,Debit Card,Delivered
TXN008800,CUST1186,Electronics,Smartwatch,Kochi,7,41738.49,15,UPI,Delivered
TXN008801,CUST2269,Clothing,Jeans,Kochi,8,18931.36,20,Debit Card,Cancelled
TXN008802,CUST2010,Electronics,Smartwatch,Bengaluru,9,3727.19,15,Debit Card,Shipped
TXN008803,CUST0173,Clothing,Jeans,Hyderabad,7,22949.16,15,Debit Card,Delivered
TXN008804,CUST1237,Clothing,Shoes,Coimbatore,8,8157.89,10,Cash on Delivery,Delivered
TXN008805,CUST2398,Home & Kitchen,Table Lamp,Chennai,6,35250.28,15,Debit Card,Delivered
TXN008806,CUST1245,Sports,Dumbbells,Mumbai,2,28631.4,5,UPI,Pending
TXN008807,CUST2024,Electronics,Headphones,Mumbai,1,13578.68,20,UPI,Pending
TXN008808,CUST2291,Sports,Dumbbells,Mumbai,3,47528.65,20,Cash on Delivery,Pending
TXN008809,CUST1899,Books,Data Science Guide,Pune,9,14658.09,20,Debit Card,Pending
TXN008810,CUST0920,Home & Kitchen,Mixer,Chennai,7,27794.35,15,Cash on Delivery,Delivered
TXN008811,CUST0110,Home & Kitchen,Cookware Set,Kochi,2,40098.23,5,Cash on Delivery,Delivered
TXN008812,CUST0011,Books,Machine Learning Basics,Mumbai,1,25743.23,25,Debit Card,Delivered
TXN008813,CUST0631,Electronics,Laptop,Pune,2,48046.7,25,UPI,Delivered
TXN008814,CUST1076,Books,Machine Learning Basics,Bengaluru,3,42208.34,20,Debit Card,Delivered
TXN008815,CUST1230,Electronics,Headphones,Kochi,6,46058.85,0,Cash on Delivery,Delivered
TXN008816,CUST2624,Clothing,Jeans,Chennai,9,18697.86,25,Credit Card,Delivered
TXN008817,CUST2608,Home & Kitchen,Mixer,Chennai,8,27462.94,25,Cash on Delivery,Delivered
TXN008818,CUST1936,Electronics,Laptop,Chennai,10,42024.3,10,UPI,Delivered
TXN008819,CUST0509,Sports,Football,Delhi,9,45184.65,0,Debit Card,Shipped
TXN008820,CUST2679,Sports,Cricket Bat,Pune,8,47223.74,0,Credit Card,Pending
TXN008821,CUST2728,Home & Kitchen,Cookware Set,Kochi,7,43969.68,20,Cash on Delivery,Delivered
TXN008822,CUST1179,Books,Data Science Guide,Coimbatore,6,36564.67,0,Cash on Delivery,Delivered
TXN008823,CUST1709,Books,Python Programming,Delhi,8,1308.32,0,Cash on Delivery,Delivered
TXN008824,CUST0735,Electronics,Laptop,Delhi,6,15816.18,25,Debit Card,Shipped
TXN008825,CUST2015,Books,Data Science Guide,Delhi,2,6533.92,5,Debit Card,Delivered
TXN008826,CUST2818,Home & Kitchen,Cookware Set,Coimbatore,9,7822.45,10,Cash on Delivery,Delivered
TXN008827,CUST2642,Electronics,Smartphone,Delhi,9,14616.27,15,Debit Card,Delivered
TXN008828,CUST1003,Clothing,Jacket,Mumbai,3,3829.55,20,Credit Card,Cancelled
TXN008829,CUST0117,Books,Python Programming,Chennai,9,12227.29,25,Credit Card,Delivered
TXN008830,CUST0489,Books,Python Programming,Kochi,2,47853.24,25,UPI,Delivered
TXN008831,CUST1136,Electronics,Smartwatch,Kochi,3,15665.98,20,Debit Card,Delivered
TXN008832,CUST2020,Sports,Cricket Bat,Chennai,6,8069.68,0,Debit Card,Delivered
TXN008833,CUST0274,Books,Python Programming,Pune,4,35943.18,15,Cash on Delivery,Delivered
TXN008834,CUST2454,Home & Kitchen,Cookware Set,Bengaluru,8,41442.41,25,Credit Card,Cancelled
TXN008835,CUST1482,Books,Novel,Hyderabad,1,15770.49,15,Debit Card,Shipped
TXN008836,CUST2381,Clothing,Jacket,Mumbai,6,13997.02,15,Debit Card,Delivered
TXN008837,CUST1969,Books,Novel,Coimbatore,2,12163.8,20,Debit Card,Cancelled
TXN008838,CUST2317,Sports,Football,Hyderabad,6,19723.74,20,Cash on Delivery,Delivered
TXN008839,CUST1787,Books,Data Science Guide,Chennai,1,4452.86,25,Credit Card,Delivered
TXN008840,CUST1057,Electronics,Smartwatch,Delhi,2,33489.55,25,Debit Card,Cancelled
TXN008841,CUST2573,Books,Machine Learning Basics,Kochi,9,41129.09,25,Debit Card,Delivered
TXN008842,CUST2810,Sports,Cricket Bat,Pune,6,33217.75,5,Cash on Delivery,Delivered
TXN008843,CUST1950,Electronics,Laptop,Pune,8,21117.86,20,UPI,Delivered
TXN008844,CUST2844,Home & Kitchen,Table Lamp,Bengaluru,7,14519.22,20,Cash on Delivery,Delivered
TXN008845,CUST0490,Electronics,Smartwatch,Bengaluru,9,20531.36,5,Debit Card,Cancelled
TXN008846,CUST1529,Clothing,T-Shirt,Chennai,9,21249.49,20,Credit Card,Pending
TXN008847,CUST2100,Electronics,Smartwatch,Mumbai,4,33334.44,0,Credit Card,Delivered
TXN008848,CUST2357,Home & Kitchen,Cookware Set,Pune,7,46410.21,0,Debit Card,Delivered
TXN008849,CUST0072,Books,Data Science Guide,Hyderabad,5,3622.27,5,UPI,Cancelled
TXN008850,CUST1064,Electronics,Headphones,Bengaluru,7,47672.34,25,Cash on Delivery,Delivered
TXN008851,CUST0668,Electronics,Smartwatch,Kochi,4,45519.04,5,Debit Card,Delivered
TXN008852,CUST2383,Electronics,Smartwatch,Kochi,10,5974.84,0,Debit Card,Cancelled
TXN008853,CUST0240,Electronics,Headphones,Chennai,1,9260.89,15,Debit Card,Shipped
TXN008854,CUST0599,Home & Kitchen,Vacuum Cleaner,Mumbai,4,15648.62,20,Cash on Delivery,Delivered
TXN008855,CUST1310,Sports,Yoga Mat,Chennai,10,28027.34,10,Credit Card,Delivered
TXN008856,CUST1889,Sports,Yoga Mat,Chennai,3,6810.36,10,Cash on Delivery,Delivered
TXN008857,CUST2840,Electronics,Smartwatch,Mumbai,9,10096.71,5,Debit Card,Shipped
TXN008858,CUST0555,Home & Kitchen,Cookware Set,Mumbai,5,45143.5,10,Credit Card,Cancelled
TXN008859,CUST1464,Home & Kitchen,Table Lamp,Mumbai,4,5554.1,15,UPI,Cancelled
TXN008860,CUST0669,Electronics,Laptop,Kochi,8,20004.03,10,Debit Card,Delivered
TXN008861,CUST0217,Clothing,T-Shirt,Kochi,5,38173.79,0,Credit Card,Shipped
TXN008862,CUST1117,Electronics,Headphones,Chennai,3,44440.3,5,Credit Card,Delivered
TXN008863,CUST1480,Clothing,Jeans,Bengaluru,2,16868.52,25,Credit Card,Shipped
TXN008864,CUST1719,Electronics,Smartphone,Coimbatore,8,8305.43,10,Debit Card,Delivered
TXN008865,CUST2607,Clothing,Shoes,Coimbatore,2,36876.88,20,UPI,Cancelled
TXN008866,CUST1459,Clothing,Shoes,Chennai,8,38650.63,5,Credit Card,Delivered
TXN008867,CUST0200,Electronics,Laptop,Chennai,5,49003.67,15,Debit Card,Pending
TXN008868,CUST1188,Clothing,T-Shirt,Bengaluru,8,7063.14,0,Credit Card,Delivered
TXN008869,CUST1195,Books,Novel,Mumbai,5,35500.1,10,Cash on Delivery,Delivered
TXN008870,CUST2170,Sports,Cricket Bat,Chennai,1,20922.9,0,Credit Card,Delivered
TXN008871,CUST2618,Home & Kitchen,Cookware Set,Pune,2,45740.01,15,Debit Card,Delivered
TXN008872,CUST0315,Clothing,Shoes,Kochi,6,20450.76,25,Credit Card,Delivered
TXN008873,CUST2105,Clothing,T-Shirt,Delhi,3,22353.42,10,Credit Card,Delivered
TXN008874,CUST0794,Home & Kitchen,Table Lamp,Mumbai,8,6427.15,25,Cash on Delivery,Delivered
TXN008875,CUST2573,Clothing,Jeans,Pune,5,16114.75,25,Cash on Delivery,Delivered
TXN008876,CUST0751,Home & Kitchen,Mixer,Kochi,3,20101.94,5,Debit Card,Delivered
TXN008877,CUST0388,Electronics,Smartwatch,Chennai,10,973.69,25,UPI,Delivered
TXN008878,CUST2453,Books,Data Science Guide,Delhi,7,21934.97,5,UPI,Delivered
TXN008879,CUST0685,Books,Data Science Guide,Pune,8,16882.3,25,UPI,Shipped
TXN008880,CUST2228,Sports,Dumbbells,Hyderabad,4,40211.6,20,UPI,Delivered
TXN008881,CUST1322,Clothing,Jeans,Bengaluru,9,5444.92,15,Debit Card,Delivered
TXN008882,CUST1296,Sports,Football,Kochi,6,38034.54,10,Debit Card,Delivered
TXN008883,CUST2806,Electronics,Smartphone,Delhi,1,35729.18,0,Cash on Delivery,Cancelled
TXN008884,CUST1234,Books,Machine Learning Basics,Chennai,5,12164.94,0,Cash on Delivery,Delivered
TXN008885,CUST1112,Electronics,Laptop,Coimbatore,5,4255.26,10,UPI,Shipped
TXN008886,CUST2808,Electronics,Laptop,Pune,7,42107.49,15,Cash on Delivery,Delivered
TXN008887,CUST2859,Clothing,Jeans,Chennai,7,12546.56,15,Debit Card,Pending
TXN008888,CUST2820,Electronics,Laptop,Coimbatore,6,7363.45,25,UPI,Shipped
TXN008889,CUST1485,Books,Novel,Bengaluru,8,18015.93,0,Credit Card,Delivered
TXN008890,CUST0393,Sports,Football,Bengaluru,2,20104.05,10,Credit Card,Delivered
TXN008891,CUST2189,Books,Python Programming,Mumbai,7,16371.79,25,Credit Card,Shipped
TXN008892,CUST2376,Clothing,Shoes,Pune,10,48826.41,10,Cash on Delivery,Cancelled
TXN008893,CUST1441,Books,Machine Learning Basics,Mumbai,7,44052.95,0,UPI,Delivered
TXN008894,CUST0589,Home & Kitchen,Mixer,Coimbatore,4,43661.48,10,Credit Card,Shipped
TXN008895,CUST0053,Sports,Yoga Mat,Coimbatore,10,19998.5,10,UPI,Pending
TXN008896,CUST0561,Home & Kitchen,Cookware Set,Bengaluru,2,48147.2,25,Debit Card,Delivered
TXN008897,CUST2123,Home & Kitchen,Cookware Set,Delhi,4,34232.36,5,Credit Card,Delivered
TXN008898,CUST1153,Clothing,Jeans,Coimbatore,4,41616.53,5,Credit Card,Delivered
TXN008899,CUST1528,Electronics,Laptop,Coimbatore,6,25093.67,20,Credit Card,Delivered
TXN008900,CUST1987,Home & Kitchen,Vacuum Cleaner,Pune,7,8114.8,25,Debit Card,Delivered
TXN008901,CUST1688,Books,Machine Learning Basics,Delhi,3,44355.59,20,UPI,Shipped
TXN008902,CUST1394,Electronics,Laptop,Mumbai,10,24372.69,15,Credit Card,Shipped
TXN008903,CUST0668,Books,Data Science Guide,Mumbai,1,48430.89,5,Credit Card,Delivered
TXN008904,CUST0420,Books,Machine Learning Basics,Coimbatore,3,12817.56,5,UPI,Delivered
TXN008905,CUST0893,Electronics,Headphones,Pune,9,49619.71,5,Cash on Delivery,Pending
TXN008906,CUST0634,Electronics,Headphones,Mumbai,1,11198.99,5,Cash on Delivery,Cancelled
TXN008907,CUST2062,Books,Novel,Mumbai,8,18471.52,15,Credit Card,Delivered
TXN008908,CUST0906,Clothing,T-Shirt,Hyderabad,2,29741.42,0,Credit Card,Delivered
TXN008909,CUST0772,Sports,Dumbbells,Pune,6,34696.82,15,Cash on Delivery,Shipped
TXN008910,CUST2289,Sports,Dumbbells,Mumbai,3,36042.08,0,Cash on Delivery,Delivered
TXN008911,CUST2513,Clothing,Shoes,Bengaluru,7,23865.0,20,Credit Card,Delivered
TXN008912,CUST2825,Electronics,Laptop,Chennai,2,3933.67,5,UPI,Pending
TXN008913,CUST2154,Books,Data Science Guide,Coimbatore,4,24852.8,25,Cash on Delivery,Delivered
TXN008914,CUST2180,Sports,Dumbbells,Kochi,10,16800.93,25,Credit Card,Shipped
TXN008915,CUST2919,Books,Machine Learning Basics,Coimbatore,9,32917.01,0,Debit Card,Shipped
TXN008916,CUST2258,Clothing,Jeans,Bengaluru,6,9195.55,15,UPI,Delivered
TXN008917,CUST2877,Books,Python Programming,Kochi,4,19756.23,0,Credit Card,Delivered
TXN008918,CUST0467,Clothing,Jacket,Chennai,2,48309.35,10,Debit Card,Delivered
TXN008919,CUST1710,Electronics,Headphones,Chennai,10,4534.48,20,Cash on Delivery,Delivered
TXN008920,CUST1887,Clothing,Jacket,Bengaluru,9,30156.47,20,Debit Card,Delivered
TXN008921,CUST0313,Clothing,Shoes,Delhi,4,4623.35,5,Debit Card,Shipped
TXN008922,CUST0478,Sports,Cricket Bat,Delhi,9,7934.08,5,Debit Card,Pending
TXN008923,CUST0538,Books,Data Science Guide,Chennai,2,30286.23,15,Cash on Delivery,Delivered
TXN008924,CUST0072,Sports,Dumbbells,Delhi,7,22255.38,0,Debit Card,Shipped
TXN008925,CUST1965,Home & Kitchen,Table Lamp,Delhi,5,27470.1,10,Cash on Delivery,Shipped
TXN008926,CUST1427,Clothing,T-Shirt,Delhi,8,44005.62,20,Credit Card,Shipped
TXN008927,CUST1277,Home & Kitchen,Cookware Set,Chennai,8,40880.29,0,Debit Card,Cancelled
TXN008928,CUST2831,Sports,Football,Kochi,4,44410.27,10,UPI,Delivered
TXN008929,CUST1486,Books,Novel,Delhi,4,30851.12,25,Credit Card,Delivered
TXN008930,CUST0570,Sports,Cricket Bat,Kochi,8,24533.19,0,Cash on Delivery,Delivered
TXN008931,CUST1811,Books,Data Science Guide,Coimbatore,3,23013.96,5,Credit Card,Pending
TXN008932,CUST2448,Books,Python Programming,Hyderabad,7,37016.45,25,Debit Card,Delivered
TXN008933,CUST2143,Electronics,Headphones,Chennai,8,26112.86,25,Cash on Delivery,Shipped
TXN008934,CUST1402,Clothing,Jeans,Bengaluru,8,5377.86,20,Debit Card,Shipped
TXN008935,CUST0706,Sports,Dumbbells,Delhi,10,7182.76,10,Credit Card,Delivered
TXN008936,CUST2908,Books,Novel,Mumbai,4,17918.43,5,UPI,Pending
TXN008937,CUST1248,Sports,Cricket Bat,Chennai,9,3484.39,25,Credit Card,Cancelled
TXN008938,CUST0118,Sports,Football,Pune,10,12037.64,15,Credit Card,Delivered
TXN008939,CUST0486,Books,Novel,Bengaluru,4,32854.4,15,Debit Card,Delivered
TXN008940,CUST0911,Home & Kitchen,Vacuum Cleaner,Hyderabad,8,720.27,5,UPI,Delivered
TXN008941,CUST0528,Clothing,Jeans,Coimbatore,6,30244.23,10,Debit Card,Shipped
TXN008942,CUST2844,Clothing,Jeans,Kochi,5,38640.61,10,Debit Card,Shipped
TXN008943,CUST0584,Electronics,Laptop,Kochi,4,8590.67,20,Debit Card,Delivered
TXN008944,CUST2819,Electronics,Laptop,Pune,5,9130.33,5,Cash on Delivery,Delivered
TXN008945,CUST0929,Electronics,Smartphone,Bengaluru,1,1539.93,15,Debit Card,Delivered
TXN008946,CUST1260,Clothing,T-Shirt,Delhi,7,25671.26,5,UPI,Delivered
TXN008947,CUST0514,Home & Kitchen,Cookware Set,Mumbai,8,32763.92,0,Debit Card,Delivered
TXN008948,CUST0860,Clothing,Jacket,Delhi,9,22899.79,10,Debit Card,Delivered
TXN008949,CUST0534,Clothing,Shoes,Bengaluru,3,19533.5,25,UPI,Delivered
TXN008950,CUST0322,Clothing,T-Shirt,Chennai,9,22775.2,0,Credit Card,Delivered
TXN008951,CUST1741,Clothing,Jeans,Pune,10,39098.26,15,Debit Card,Pending
TXN008952,CUST2830,Home & Kitchen,Cookware Set,Mumbai,5,1772.36,10,Credit Card,Delivered
TXN008953,CUST0458,Electronics,Smartphone,Kochi,10,39212.55,15,Debit Card,Cancelled
TXN008954,CUST0319,Sports,Cricket Bat,Pune,6,33350.47,15,Debit Card,Delivered
TXN008955,CUST0078,Electronics,Headphones,Pune,1,12147.19,15,Cash on Delivery,Delivered
TXN008956,CUST1984,Electronics,Smartwatch,Mumbai,9,26284.51,20,UPI,Cancelled
TXN008957,CUST1767,Sports,Dumbbells,Kochi,9,2559.6,15,UPI,Cancelled
TXN008958,CUST0175,Clothing,Shoes,Kochi,6,19041.47,15,Credit Card,Delivered
TXN008959,CUST0805,Home & Kitchen,Vacuum Cleaner,Bengaluru,8,8784.72,0,Cash on Delivery,Delivered
TXN008960,CUST0442,Home & Kitchen,Cookware Set,Hyderabad,4,1212.79,0,Debit Card,Delivered
TXN008961,CUST0135,Electronics,Headphones,Hyderabad,5,17918.77,0,Cash on Delivery,Delivered
TXN008962,CUST2703,Sports,Yoga Mat,Delhi,5,36333.01,10,UPI,Cancelled
TXN008963,CUST2104,Books,Data Science Guide,Bengaluru,7,46058.99,20,Debit Card,Delivered
TXN008964,CUST2430,Clothing,Jeans,Mumbai,7,33146.95,10,Debit Card,Delivered
TXN008965,CUST0243,Electronics,Smartwatch,Bengaluru,7,20158.31,20,Credit Card,Delivered
TXN008966,CUST1922,Home & Kitchen,Mixer,Mumbai,5,49974.86,20,Cash on Delivery,Cancelled
TXN008967,CUST0488,Sports,Cricket Bat,Pune,4,14218.88,5,Debit Card,Delivered
TXN008968,CUST1037,Sports,Football,Delhi,8,9437.86,25,UPI,Delivered
TXN008969,CUST0178,Electronics,Smartphone,Chennai,1,23237.75,5,Credit Card,Delivered
TXN008970,CUST0272,Books,Machine Learning Basics,Pune,1,25295.08,5,UPI,Delivered
TXN008971,CUST1236,Home & Kitchen,Vacuum Cleaner,Kochi,6,17805.69,20,Credit Card,Delivered
TXN008972,CUST2735,Electronics,Laptop,Chennai,2,34805.4,20,Cash on Delivery,Shipped
TXN008973,CUST0043,Books,Novel,Bengaluru,3,9274.83,10,Credit Card,Delivered
TXN008974,CUST0396,Sports,Cricket Bat,Mumbai,4,25565.95,20,Cash on Delivery,Shipped
TXN008975,CUST0508,Clothing,Jacket,Chennai,2,25056.34,15,Cash on Delivery,Shipped
TXN008976,CUST2465,Home & Kitchen,Mixer,Pune,10,41206.94,15,Debit Card,Delivered
TXN008977,CUST0842,Home & Kitchen,Table Lamp,Mumbai,7,46355.71,20,Cash on Delivery,Delivered
TXN008978,CUST2407,Books,Python Programming,Delhi,10,33196.97,15,Credit Card,Pending
TXN008979,CUST0820,Electronics,Headphones,Pune,1,15338.04,20,Credit Card,Delivered
TXN008980,CUST0757,Sports,Football,Kochi,3,34511.59,5,Debit Card,Shipped
TXN008981,CUST2747,Books,Data Science Guide,Bengaluru,2,12643.42,20,Credit Card,Delivered
TXN008982,CUST1440,Clothing,T-Shirt,Mumbai,9,48330.57,5,Cash on Delivery,Delivered
TXN008983,CUST0120,Clothing,T-Shirt,Bengaluru,8,41135.87,0,Credit Card,Delivered
TXN008984,CUST0372,Clothing,Jeans,Mumbai,3,21616.39,15,UPI,Shipped
TXN008985,CUST0597,Books,Data Science Guide,Pune,5,39238.74,0,UPI,Cancelled
TXN008986,CUST1137,Sports,Yoga Mat,Hyderabad,3,20491.92,15,Debit Card,Pending
TXN008987,CUST2375,Home & Kitchen,Mixer,Hyderabad,6,3823.05,25,Cash on Delivery,Shipped
TXN008988,CUST1425,Electronics,Smartphone,Mumbai,5,35367.77,25,Credit Card,Shipped
TXN008989,CUST1443,Home & Kitchen,Vacuum Cleaner,Delhi,2,20290.23,25,Debit Card,Delivered
TXN008990,CUST0658,Sports,Football,Bengaluru,10,46522.96,0,Debit Card,Pending
TXN008991,CUST2051,Home & Kitchen,Table Lamp,Kochi,8,15397.4,25,Cash on Delivery,Pending
TXN008992,CUST2985,Books,Machine Learning Basics,Coimbatore,6,42182.31,20,Debit Card,Delivered
TXN008993,CUST2511,Clothing,Jeans,Mumbai,3,34053.85,25,UPI,Delivered
TXN008994,CUST0991,Sports,Cricket Bat,Mumbai,1,42680.9,0,Debit Card,Shipped
TXN008995,CUST2069,Sports,Football,Hyderabad,5,14664.91,15,Credit Card,Delivered
TXN008996,CUST2336,Home & Kitchen,Mixer,Chennai,2,23121.14,10,UPI,Delivered
TXN008997,CUST0280,Books,Novel,Pune,2,41174.14,15,UPI,Delivered
TXN008998,CUST0406,Home & Kitchen,Table Lamp,Hyderabad,9,32226.56,10,UPI,Delivered
TXN008999,CUST2369,Home & Kitchen,Mixer,Bengaluru,10,18060.1,20,Credit Card,Delivered
TXN009000,CUST0058,Sports,Football,Hyderabad,7,25648.58,15,Cash on Delivery,Delivered
TXN009001,CUST2167,Home & Kitchen,Table Lamp,Coimbatore,6,49805.29,0,Debit Card,Delivered
TXN009002,CUST0889,Clothing,T-Shirt,Delhi,1,37118.21,20,Debit Card,Delivered
TXN009003,CUST2932,Home & Kitchen,Mixer,Pune,10,30764.68,15,UPI,Delivered
TXN009004,CUST0785,Clothing,Jeans,Coimbatore,2,41412.78,20,UPI,Pending
TXN009005,CUST1155,Sports,Dumbbells,Delhi,7,22157.31,10,Debit Card,Shipped
TXN009006,CUST0704,Books,Python Programming,Coimbatore,3,47508.19,20,Credit Card,Delivered
TXN009007,CUST2201,Clothing,Jeans,Kochi,2,27645.86,0,UPI,Delivered
TXN009008,CUST0018,Books,Data Science Guide,Pune,6,16410.92,15,UPI,Shipped
TXN009009,CUST2972,Books,Python Programming,Hyderabad,8,4392.4,10,Credit Card,Pending
TXN009010,CUST0405,Clothing,Jeans,Coimbatore,8,18847.19,20,Cash on Delivery,Delivered
TXN009011,CUST0877,Sports,Football,Hyderabad,2,28475.06,5,UPI,Shipped
TXN009012,CUST2066,Electronics,Smartphone,Pune,6,35192.08,10,Cash on Delivery,Cancelled
TXN009013,CUST2899,Books,Novel,Hyderabad,5,43768.32,10,Credit Card,Delivered
TXN009014,CUST1945,Books,Novel,Bengaluru,7,47203.65,0,Debit Card,Delivered
TXN009015,CUST1502,Sports,Dumbbells,Hyderabad,4,5212.45,0,Debit Card,Shipped
TXN009016,CUST2860,Sports,Football,Chennai,2,30085.16,20,Cash on Delivery,Delivered
TXN009017,CUST2415,Home & Kitchen,Mixer,Coimbatore,10,33362.82,5,UPI,Delivered
TXN009018,CUST0759,Sports,Cricket Bat,Pune,3,8685.98,10,Debit Card,Pending
TXN009019,CUST1801,Books,Python Programming,Mumbai,9,27325.47,20,Credit Card,Delivered
TXN009020,CUST2759,Clothing,T-Shirt,Mumbai,10,16808.2,25,UPI,Delivered
TXN009021,CUST0440,Electronics,Smartphone,Mumbai,8,3963.12,5,Cash on Delivery,Delivered
TXN009022,CUST0741,Home & Kitchen,Table Lamp,Pune,9,3386.71,20,Cash on Delivery,Delivered
TXN009023,CUST1454,Clothing,Shoes,Chennai,5,37984.73,10,Cash on Delivery,Delivered
TXN009024,CUST1555,Electronics,Smartphone,Hyderabad,5,30811.23,20,Cash on Delivery,Delivered
TXN009025,CUST1738,Electronics,Laptop,Coimbatore,7,35784.57,0,Credit Card,Delivered
TXN009026,CUST0878,Electronics,Laptop,Delhi,7,34295.38,0,Debit Card,Delivered
TXN009027,CUST2107,Clothing,T-Shirt,Delhi,1,6802.18,15,Cash on Delivery,Delivered
TXN009028,CUST0933,Home & Kitchen,Mixer,Pune,5,7663.11,5,Debit Card,Delivered
TXN009029,CUST1670,Home & Kitchen,Mixer,Bengaluru,8,12698.94,25,Debit Card,Pending
TXN009030,CUST0463,Electronics,Smartwatch,Chennai,7,20015.12,10,Cash on Delivery,Cancelled
TXN009031,CUST1288,Clothing,Jeans,Coimbatore,2,46964.89,5,UPI,Cancelled
TXN009032,CUST0507,Electronics,Headphones,Hyderabad,8,33727.23,0,Cash on Delivery,Delivered
TXN009033,CUST1909,Sports,Dumbbells,Mumbai,2,12833.08,25,Credit Card,Delivered
TXN009034,CUST0452,Home & Kitchen,Cookware Set,Chennai,10,2893.61,10,UPI,Delivered
TXN009035,CUST2129,Books,Data Science Guide,Chennai,1,34242.77,15,Cash on Delivery,Delivered
TXN009036,CUST0557,Electronics,Laptop,Coimbatore,3,31303.39,0,Debit Card,Delivered
TXN009037,CUST2031,Sports,Cricket Bat,Pune,3,33820.59,0,Debit Card,Shipped
TXN009038,CUST1480,Home & Kitchen,Vacuum Cleaner,Hyderabad,6,13132.86,25,UPI,Delivered
TXN009039,CUST2887,Clothing,Jeans,Kochi,3,25896.46,5,Credit Card,Delivered
TXN009040,CUST1181,Home & Kitchen,Table Lamp,Kochi,7,18148.97,20,Debit Card,Pending
TXN009041,CUST2283,Clothing,Shoes,Pune,8,40903.18,5,Credit Card,Delivered
TXN009042,CUST2958,Clothing,Jacket,Pune,3,3562.89,0,Debit Card,Delivered
TXN009043,CUST0167,Electronics,Laptop,Bengaluru,9,13844.55,5,UPI,Shipped
TXN009044,CUST0337,Electronics,Smartphone,Pune,1,30187.39,20,Cash on Delivery,Pending
TXN009045,CUST1344,Home & Kitchen,Cookware Set,Hyderabad,3,10340.67,15,Debit Card,Delivered
TXN009046,CUST2023,Sports,Dumbbells,Bengaluru,3,33668.4,10,UPI,Delivered
TXN009047,CUST0474,Home & Kitchen,Vacuum Cleaner,Kochi,7,6924.95,0,UPI,Delivered
TXN009048,CUST1577,Books,Python Programming,Bengaluru,5,1238.33,5,Cash on Delivery,Delivered
TXN009049,CUST1162,Clothing,Jeans,Mumbai,4,43188.38,0,Cash on Delivery,Delivered
TXN009050,CUST1872,Clothing,Jacket,Mumbai,2,16738.88,10,UPI,Delivered
TXN009051,CUST2460,Electronics,Laptop,Kochi,7,7926.76,5,Debit Card,Delivered
TXN009052,CUST1278,Sports,Cricket Bat,Coimbatore,3,8718.18,15,Credit Card,Delivered
TXN009053,CUST2815,Electronics,Smartphone,Kochi,7,44306.18,10,Credit Card,Delivered
TXN009054,CUST1819,Books,Machine Learning Basics,Hyderabad,10,32756.13,20,Cash on Delivery,Pending
TXN009055,CUST0926,Home & Kitchen,Mixer,Pune,7,47821.68,20,Debit Card,Shipped
TXN009056,CUST2269,Home & Kitchen,Table Lamp,Bengaluru,2,40022.01,0,UPI,Delivered
TXN009057,CUST1669,Sports,Football,Coimbatore,7,38400.38,20,Credit Card,Cancelled
TXN009058,CUST1191,Electronics,Headphones,Bengaluru,6,25041.05,5,Credit Card,Pending
TXN009059,CUST1753,Electronics,Smartphone,Chennai,10,41058.16,20,Debit Card,Delivered
TXN009060,CUST0774,Books,Machine Learning Basics,Delhi,4,20691.36,15,UPI,Delivered
TXN009061,CUST0286,Home & Kitchen,Cookware Set,Delhi,5,41367.32,25,Cash on Delivery,Delivered
TXN009062,CUST1949,Electronics,Laptop,Bengaluru,8,37911.29,5,Credit Card,Delivered
TXN009063,CUST2782,Sports,Yoga Mat,Coimbatore,5,33954.09,25,Debit Card,Cancelled
TXN009064,CUST1506,Home & Kitchen,Table Lamp,Kochi,3,16552.84,0,Cash on Delivery,Delivered
TXN009065,CUST0735,Books,Data Science Guide,Mumbai,2,31572.51,0,Debit Card,Delivered
TXN009066,CUST0053,Sports,Cricket Bat,Hyderabad,6,25388.7,20,UPI,Delivered
TXN009067,CUST2762,Clothing,Jeans,Bengaluru,6,23130.99,20,Debit Card,Delivered
TXN009068,CUST2014,Books,Machine Learning Basics,Bengaluru,7,49513.29,0,Cash on Delivery,Shipped
TXN009069,CUST2753,Sports,Yoga Mat,Hyderabad,8,25269.45,5,UPI,Delivered
TXN009070,CUST0431,Electronics,Smartwatch,Kochi,4,1696.11,10,Credit Card,Shipped
TXN009071,CUST1624,Clothing,T-Shirt,Pune,8,31360.75,0,Cash on Delivery,Delivered
TXN009072,CUST1795,Books,Python Programming,Mumbai,1,36427.74,15,Debit Card,Shipped
TXN009073,CUST2141,Electronics,Laptop,Bengaluru,6,44270.68,5,Credit Card,Cancelled
TXN009074,CUST2698,Clothing,Jacket,Chennai,6,31670.97,10,UPI,Cancelled
TXN009075,CUST2772,Home & Kitchen,Cookware Set,Mumbai,3,1070.91,10,Cash on Delivery,Delivered
TXN009076,CUST0349,Electronics,Smartwatch,Chennai,9,6075.24,5,UPI,Cancelled
TXN009077,CUST0489,Sports,Cricket Bat,Delhi,5,8145.88,0,UPI,Delivered
TXN009078,CUST0588,Books,Python Programming,Hyderabad,1,10641.94,10,Debit Card,Delivered
TXN009079,CUST1618,Clothing,Jeans,Mumbai,7,40008.87,15,Debit Card,Delivered
TXN009080,CUST1641,Electronics,Smartwatch,Pune,10,15557.03,25,Debit Card,Pending
TXN009081,CUST2847,Home & Kitchen,Mixer,Mumbai,3,15686.88,5,Credit Card,Delivered
TXN009082,CUST2419,Books,Data Science Guide,Coimbatore,10,37803.81,20,Credit Card,Cancelled
TXN009083,CUST0417,Books,Machine Learning Basics,Coimbatore,10,20680.59,25,Debit Card,Delivered
TXN009084,CUST0692,Electronics,Laptop,Hyderabad,4,3325.51,0,Credit Card,Delivered
TXN009085,CUST0266,Home & Kitchen,Table Lamp,Pune,6,29297.81,5,Cash on Delivery,Delivered
TXN009086,CUST1490,Clothing,Jacket,Mumbai,8,6590.38,15,UPI,Delivered
TXN009087,CUST0816,Electronics,Headphones,Kochi,4,28626.05,25,Debit Card,Delivered
TXN009088,CUST1388,Clothing,Jacket,Delhi,9,39003.94,25,UPI,Delivered
TXN009089,CUST0821,Books,Novel,Pune,8,46481.53,10,UPI,Delivered
TXN009090,CUST2437,Clothing,Jacket,Bengaluru,10,3445.93,0,UPI,Cancelled
TXN009091,CUST1656,Home & Kitchen,Cookware Set,Hyderabad,10,15267.93,0,Cash on Delivery,Delivered
TXN009092,CUST0503,Sports,Football,Kochi,6,32657.95,5,Cash on Delivery,Delivered
TXN009093,CUST0954,Home & Kitchen,Mixer,Pune,7,15841.1,5,Credit Card,Delivered
TXN009094,CUST1740,Clothing,Jacket,Hyderabad,8,22606.18,15,UPI,Delivered
TXN009095,CUST2971,Electronics,Smartphone,Pune,2,1102.53,20,Credit Card,Shipped
TXN009096,CUST2045,Books,Data Science Guide,Coimbatore,5,34705.55,5,UPI,Cancelled
TXN009097,CUST1141,Sports,Cricket Bat,Delhi,7,44175.68,25,Debit Card,Delivered
TXN009098,CUST2923,Electronics,Laptop,Hyderabad,8,48845.3,5,UPI,Delivered
TXN009099,CUST2384,Electronics,Smartwatch,Delhi,5,41543.61,5,UPI,Delivered
TXN009100,CUST2432,Home & Kitchen,Mixer,Hyderabad,3,1685.64,15,Cash on Delivery,Delivered
TXN009101,CUST1119,Clothing,Shoes,Coimbatore,6,32627.51,10,Debit Card,Delivered
TXN009102,CUST2638,Home & Kitchen,Mixer,Bengaluru,5,24833.4,20,Credit Card,Delivered
TXN009103,CUST1640,Clothing,Jacket,Kochi,8,46900.99,15,Debit Card,Delivered
TXN009104,CUST1459,Home & Kitchen,Cookware Set,Coimbatore,9,45116.73,5,Cash on Delivery,Shipped
TXN009105,CUST1949,Electronics,Smartwatch,Hyderabad,9,49403.5,10,Cash on Delivery,Shipped
TXN009106,CUST2731,Books,Data Science Guide,Delhi,6,43110.52,5,UPI,Delivered
TXN009107,CUST2471,Clothing,Shoes,Chennai,4,27389.92,15,Cash on Delivery,Delivered
TXN009108,CUST1657,Sports,Yoga Mat,Coimbatore,4,35773.54,0,Cash on Delivery,Shipped
TXN009109,CUST1985,Sports,Cricket Bat,Delhi,9,48237.39,5,UPI,Delivered
TXN009110,CUST2095,Electronics,Laptop,Pune,4,28948.02,10,Cash on Delivery,Shipped
TXN009111,CUST1143,Home & Kitchen,Mixer,Pune,8,42014.96,20,Cash on Delivery,Delivered
TXN009112,CUST0604,Home & Kitchen,Table Lamp,Coimbatore,9,47116.27,0,Credit Card,Delivered
TXN009113,CUST1863,Electronics,Smartphone,Hyderabad,5,28569.83,5,UPI,Delivered
TXN009114,CUST0443,Sports,Dumbbells,Pune,6,8041.8,5,UPI,Cancelled
TXN009115,CUST0501,Sports,Dumbbells,Delhi,3,7862.61,10,Credit Card,Cancelled
TXN009116,CUST1027,Home & Kitchen,Mixer,Kochi,5,5854.33,0,Credit Card,Delivered
TXN009117,CUST2005,Clothing,Shoes,Bengaluru,5,23868.53,0,Credit Card,Delivered
TXN009118,CUST2037,Books,Data Science Guide,Delhi,2,24059.06,0,Credit Card,Delivered
TXN009119,CUST0946,Clothing,Jeans,Pune,10,30906.82,5,UPI,Delivered
TXN009120,CUST2574,Sports,Football,Pune,6,24195.35,0,Credit Card,Cancelled
TXN009121,CUST0552,Clothing,Jacket,Mumbai,9,48655.45,5,Credit Card,Delivered
TXN009122,CUST0122,Books,Python Programming,Chennai,7,14636.41,5,Cash on Delivery,Cancelled
TXN009123,CUST0408,Clothing,Jacket,Hyderabad,8,43703.45,25,UPI,Shipped
TXN009124,CUST0217,Clothing,Jacket,Delhi,2,5106.49,0,Credit Card,Delivered
TXN009125,CUST0280,Clothing,Jacket,Pune,9,30135.69,15,Cash on Delivery,Cancelled
TXN009126,CUST2041,Clothing,Jeans,Hyderabad,3,32451.43,20,UPI,Delivered
TXN009127,CUST2778,Electronics,Smartphone,Coimbatore,10,38634.28,20,Credit Card,Delivered
TXN009128,CUST0110,Sports,Football,Coimbatore,5,25200.81,15,Credit Card,Delivered
TXN009129,CUST0734,Books,Machine Learning Basics,Delhi,7,9941.59,0,Cash on Delivery,Pending
TXN009130,CUST1568,Sports,Cricket Bat,Mumbai,4,18512.98,5,Debit Card,Delivered
TXN009131,CUST2477,Electronics,Laptop,Pune,7,13680.86,10,UPI,Shipped
TXN009132,CUST2783,Electronics,Smartphone,Delhi,8,21013.37,15,Cash on Delivery,Cancelled
TXN009133,CUST1340,Electronics,Smartphone,Bengaluru,10,26545.42,20,Credit Card,Delivered
TXN009134,CUST0626,Electronics,Smartphone,Mumbai,10,31291.01,20,Debit Card,Delivered
TXN009135,CUST1241,Clothing,Jacket,Pune,4,42271.59,5,Debit Card,Delivered
TXN009136,CUST2548,Sports,Dumbbells,Pune,5,45509.52,20,Cash on Delivery,Pending
TXN009137,CUST2553,Home & Kitchen,Table Lamp,Hyderabad,3,23182.81,20,Cash on Delivery,Delivered
TXN009138,CUST0395,Books,Novel,Delhi,5,4524.7,5,Cash on Delivery,Delivered
TXN009139,CUST0314,Electronics,Headphones,Pune,8,39873.55,0,UPI,Shipped
TXN009140,CUST2708,Sports,Dumbbells,Hyderabad,3,23910.17,25,Debit Card,Delivered
TXN009141,CUST2130,Electronics,Headphones,Pune,5,27367.69,20,UPI,Delivered
TXN009142,CUST2017,Electronics,Smartphone,Chennai,10,29830.13,25,Debit Card,Delivered
TXN009143,CUST1909,Electronics,Headphones,Mumbai,1,33426.6,25,UPI,Shipped
TXN009144,CUST0828,Electronics,Smartwatch,Delhi,2,44516.03,0,Cash on Delivery,Delivered
TXN009145,CUST1203,Electronics,Headphones,Chennai,3,47612.1,10,Credit Card,Delivered
TXN009146,CUST2712,Books,Machine Learning Basics,Delhi,1,47014.45,0,Cash on Delivery,Delivered
TXN009147,CUST2040,Sports,Yoga Mat,Bengaluru,9,40492.24,5,UPI,Delivered
TXN009148,CUST2009,Electronics,Smartwatch,Coimbatore,9,44473.19,5,Cash on Delivery,Delivered
TXN009149,CUST2068,Electronics,Laptop,Kochi,5,2577.77,5,Debit Card,Pending
TXN009150,CUST1072,Electronics,Laptop,Hyderabad,4,42470.72,20,UPI,Delivered
TXN009151,CUST2222,Electronics,Headphones,Delhi,5,3706.04,15,Cash on Delivery,Pending
TXN009152,CUST1408,Clothing,Shoes,Mumbai,4,37335.08,20,Cash on Delivery,Pending
TXN009153,CUST2215,Clothing,T-Shirt,Delhi,5,8551.24,0,Credit Card,Shipped
TXN009154,CUST2239,Home & Kitchen,Cookware Set,Delhi,7,18069.51,10,Credit Card,Delivered
TXN009155,CUST0073,Electronics,Headphones,Delhi,8,9290.77,10,Cash on Delivery,Pending
TXN009156,CUST0130,Home & Kitchen,Table Lamp,Kochi,2,22228.74,10,Debit Card,Delivered
TXN009157,CUST1763,Books,Novel,Pune,4,20646.2,25,Debit Card,Delivered
TXN009158,CUST0488,Home & Kitchen,Mixer,Delhi,8,2498.34,10,Debit Card,Delivered
TXN009159,CUST1572,Sports,Cricket Bat,Pune,7,41541.85,25,Cash on Delivery,Delivered
TXN009160,CUST1844,Clothing,T-Shirt,Mumbai,9,42723.91,15,Credit Card,Delivered
TXN009161,CUST1289,Clothing,T-Shirt,Mumbai,5,39396.61,10,Cash on Delivery,Pending
TXN009162,CUST1542,Electronics,Smartphone,Delhi,6,42395.57,25,Credit Card,Delivered
TXN009163,CUST1813,Electronics,Smartphone,Pune,8,37568.86,20,Debit Card,Delivered
TXN009164,CUST1883,Books,Python Programming,Coimbatore,5,46880.47,10,Credit Card,Delivered
TXN009165,CUST0148,Books,Data Science Guide,Delhi,9,28861.97,5,Cash on Delivery,Delivered
TXN009166,CUST0135,Sports,Cricket Bat,Hyderabad,4,29173.86,0,Cash on Delivery,Shipped
TXN009167,CUST0725,Electronics,Smartwatch,Hyderabad,8,43009.5,20,Cash on Delivery,Delivered
TXN009168,CUST2281,Electronics,Laptop,Mumbai,3,17535.84,15,Credit Card,Delivered
TXN009169,CUST2701,Books,Python Programming,Kochi,5,2599.11,20,Debit Card,Delivered
TXN009170,CUST1242,Books,Novel,Hyderabad,8,37517.78,5,Cash on Delivery,Delivered
TXN009171,CUST2893,Books,Novel,Hyderabad,10,12804.0,10,Cash on Delivery,Delivered
TXN009172,CUST0673,Clothing,Jacket,Bengaluru,7,23764.37,10,Credit Card,Delivered
TXN009173,CUST2014,Home & Kitchen,Mixer,Delhi,1,12097.95,15,Debit Card,Shipped
TXN009174,CUST1765,Home & Kitchen,Table Lamp,Delhi,4,41371.83,0,Credit Card,Cancelled
TXN009175,CUST0551,Electronics,Laptop,Delhi,2,47918.82,10,UPI,Delivered
TXN009176,CUST1280,Clothing,Shoes,Delhi,2,2845.65,25,UPI,Delivered
TXN009177,CUST2932,Books,Python Programming,Chennai,7,11745.24,15,Cash on Delivery,Delivered
TXN009178,CUST1594,Electronics,Smartphone,Delhi,3,9559.15,10,Credit Card,Delivered
TXN009179,CUST1997,Clothing,T-Shirt,Kochi,3,33692.86,25,Credit Card,Delivered
TXN009180,CUST0449,Sports,Yoga Mat,Pune,6,21491.05,20,Cash on Delivery,Delivered
TXN009181,CUST2331,Clothing,Shoes,Mumbai,6,22867.46,15,UPI,Delivered
TXN009182,CUST2765,Electronics,Smartphone,Pune,1,7938.25,15,Debit Card,Cancelled
TXN009183,CUST2010,Home & Kitchen,Cookware Set,Kochi,1,20795.26,15,Debit Card,Delivered
TXN009184,CUST2704,Books,Python Programming,Mumbai,6,15231.09,10,UPI,Delivered
TXN009185,CUST2269,Sports,Cricket Bat,Chennai,7,30598.43,15,Cash on Delivery,Delivered
TXN009186,CUST2808,Clothing,Jacket,Delhi,9,10940.19,20,Cash on Delivery,Delivered
TXN009187,CUST2210,Electronics,Smartphone,Coimbatore,4,30779.09,0,Debit Card,Cancelled
TXN009188,CUST2344,Electronics,Smartwatch,Pune,10,18949.49,0,Debit Card,Delivered
TXN009189,CUST1925,Books,Python Programming,Delhi,6,17380.1,5,UPI,Delivered
TXN009190,CUST1950,Electronics,Laptop,Mumbai,3,15347.28,20,UPI,Delivered
TXN009191,CUST2303,Electronics,Smartphone,Pune,4,33724.29,20,Credit Card,Delivered
TXN009192,CUST0641,Books,Novel,Bengaluru,9,28164.68,15,UPI,Delivered
TXN009193,CUST2076,Sports,Dumbbells,Hyderabad,1,42600.91,5,UPI,Delivered
TXN009194,CUST0229,Home & Kitchen,Mixer,Bengaluru,5,12156.35,25,Debit Card,Delivered
TXN009195,CUST1604,Home & Kitchen,Cookware Set,Coimbatore,7,2101.97,25,Debit Card,Shipped
TXN009196,CUST1079,Clothing,T-Shirt,Delhi,3,9182.97,20,Credit Card,Delivered
TXN009197,CUST2027,Sports,Dumbbells,Chennai,2,17233.48,20,Debit Card,Delivered
TXN009198,CUST2421,Clothing,Jeans,Delhi,2,9064.78,20,Debit Card,Delivered
TXN009199,CUST1548,Home & Kitchen,Vacuum Cleaner,Coimbatore,1,4267.18,10,Debit Card,Shipped
TXN009200,CUST2527,Books,Python Programming,Coimbatore,5,22322.39,20,UPI,Shipped
TXN009201,CUST2771,Electronics,Smartphone,Hyderabad,3,33878.99,25,Debit Card,Delivered
TXN009202,CUST1445,Home & Kitchen,Vacuum Cleaner,Coimbatore,7,37603.38,10,Cash on Delivery,Shipped
TXN009203,CUST1166,Sports,Yoga Mat,Bengaluru,1,19996.49,25,UPI,Pending
TXN009204,CUST1313,Home & Kitchen,Vacuum Cleaner,Hyderabad,9,23954.43,20,Debit Card,Shipped
TXN009205,CUST0252,Sports,Dumbbells,Delhi,2,37797.98,25,UPI,Pending
TXN009206,CUST0116,Sports,Yoga Mat,Pune,8,17700.12,0,Debit Card,Delivered
TXN009207,CUST2419,Sports,Football,Delhi,10,39259.83,10,Credit Card,Pending
TXN009208,CUST0185,Clothing,Shoes,Chennai,4,48372.07,10,Credit Card,Pending
TXN009209,CUST0526,Books,Data Science Guide,Coimbatore,6,44035.98,15,Credit Card,Delivered
TXN009210,CUST1501,Home & Kitchen,Mixer,Coimbatore,9,22734.41,20,Debit Card,Pending
TXN009211,CUST1429,Books,Data Science Guide,Mumbai,7,29017.97,5,Credit Card,Delivered
TXN009212,CUST2392,Electronics,Smartphone,Hyderabad,8,35849.68,5,UPI,Shipped
TXN009213,CUST0111,Home & Kitchen,Mixer,Mumbai,7,17530.09,5,Credit Card,Delivered
TXN009214,CUST2561,Books,Novel,Hyderabad,2,39981.98,5,Credit Card,Delivered
TXN009215,CUST1398,Books,Data Science Guide,Bengaluru,9,21902.16,0,Credit Card,Shipped
TXN009216,CUST1559,Electronics,Headphones,Hyderabad,1,42357.39,5,Credit Card,Delivered
TXN009217,CUST0399,Sports,Yoga Mat,Delhi,2,12811.22,25,UPI,Delivered
TXN009218,CUST1754,Home & Kitchen,Table Lamp,Chennai,3,667.77,15,Cash on Delivery,Delivered
TXN009219,CUST1414,Home & Kitchen,Table Lamp,Pune,3,31671.15,5,Credit Card,Pending
TXN009220,CUST1464,Electronics,Smartwatch,Hyderabad,10,22649.27,15,Debit Card,Delivered
TXN009221,CUST1688,Sports,Yoga Mat,Hyderabad,4,3085.17,10,Cash on Delivery,Shipped
TXN009222,CUST1439,Home & Kitchen,Table Lamp,Hyderabad,5,24431.86,25,Credit Card,Shipped
TXN009223,CUST0232,Home & Kitchen,Mixer,Chennai,6,8511.64,20,Cash on Delivery,Delivered
TXN009224,CUST2709,Home & Kitchen,Cookware Set,Coimbatore,1,31524.48,5,Debit Card,Delivered
TXN009225,CUST1001,Sports,Cricket Bat,Chennai,8,22307.77,15,Debit Card,Delivered
TXN009226,CUST1015,Electronics,Smartphone,Kochi,6,8639.13,25,Credit Card,Delivered
TXN009227,CUST0962,Home & Kitchen,Vacuum Cleaner,Kochi,10,20655.75,15,Credit Card,Delivered
TXN009228,CUST2655,Books,Data Science Guide,Kochi,9,11712.17,20,Debit Card,Delivered
TXN009229,CUST1279,Sports,Football,Coimbatore,5,32689.53,10,UPI,Pending
TXN009230,CUST2428,Clothing,Shoes,Kochi,7,14827.65,5,Cash on Delivery,Shipped
TXN009231,CUST0348,Electronics,Laptop,Pune,4,41118.67,15,UPI,Delivered
TXN009232,CUST2819,Books,Novel,Delhi,6,806.74,5,Credit Card,Delivered
TXN009233,CUST0269,Home & Kitchen,Vacuum Cleaner,Chennai,6,20230.56,25,UPI,Delivered
TXN009234,CUST1249,Clothing,Shoes,Coimbatore,4,30892.31,0,UPI,Cancelled
TXN009235,CUST0469,Electronics,Smartwatch,Delhi,6,1228.15,15,Cash on Delivery,Delivered
TXN009236,CUST1383,Sports,Dumbbells,Delhi,8,10870.51,10,Credit Card,Delivered
TXN009237,CUST0696,Clothing,Jeans,Coimbatore,5,16438.26,25,Cash on Delivery,Delivered
TXN009238,CUST0081,Clothing,T-Shirt,Kochi,2,1190.04,20,Debit Card,Delivered
TXN009239,CUST2206,Books,Machine Learning Basics,Coimbatore,9,27379.87,15,Cash on Delivery,Delivered
TXN009240,CUST1336,Electronics,Smartphone,Bengaluru,4,31580.33,0,Cash on Delivery,Delivered
TXN009241,CUST0154,Books,Data Science Guide,Delhi,4,11453.36,20,Debit Card,Delivered
TXN009242,CUST1888,Books,Data Science Guide,Coimbatore,7,27219.79,10,UPI,Delivered
TXN009243,CUST2695,Home & Kitchen,Table Lamp,Delhi,10,49956.43,5,Cash on Delivery,Delivered
TXN009244,CUST1731,Sports,Cricket Bat,Kochi,10,44357.27,5,Debit Card,Delivered
TXN009245,CUST2327,Clothing,T-Shirt,Chennai,6,3027.18,15,Credit Card,Cancelled
TXN009246,CUST2109,Electronics,Smartphone,Pune,4,6481.33,20,UPI,Delivered
TXN009247,CUST1726,Sports,Yoga Mat,Mumbai,6,24770.73,0,Debit Card,Delivered
TXN009248,CUST1093,Sports,Dumbbells,Kochi,3,12335.54,0,UPI,Delivered
TXN009249,CUST0084,Electronics,Smartwatch,Mumbai,7,4140.36,10,Debit Card,Delivered
TXN009250,CUST2851,Sports,Dumbbells,Hyderabad,6,12802.27,25,Cash on Delivery,Delivered
TXN009251,CUST1924,Home & Kitchen,Mixer,Coimbatore,3,3152.79,20,UPI,Delivered
TXN009252,CUST2409,Sports,Yoga Mat,Coimbatore,1,26542.63,20,Cash on Delivery,Delivered
TXN009253,CUST0092,Home & Kitchen,Vacuum Cleaner,Kochi,10,24563.48,5,Debit Card,Delivered
TXN009254,CUST1297,Clothing,T-Shirt,Delhi,5,415.68,10,Cash on Delivery,Cancelled
TXN009255,CUST1548,Clothing,T-Shirt,Kochi,10,24177.57,10,Cash on Delivery,Delivered
TXN009256,CUST2337,Books,Python Programming,Hyderabad,2,26038.28,25,Debit Card,Delivered
TXN009257,CUST1599,Home & Kitchen,Mixer,Kochi,7,30324.62,10,Cash on Delivery,Delivered
TXN009258,CUST1321,Clothing,Shoes,Coimbatore,7,48507.98,20,Cash on Delivery,Delivered
TXN009259,CUST2346,Sports,Dumbbells,Kochi,4,49136.35,5,Cash on Delivery,Delivered
TXN009260,CUST0401,Electronics,Smartwatch,Delhi,6,26393.77,10,Credit Card,Delivered
TXN009261,CUST2001,Electronics,Smartphone,Coimbatore,1,42274.82,5,Credit Card,Delivered
TXN009262,CUST0410,Home & Kitchen,Vacuum Cleaner,Delhi,2,4349.77,25,Credit Card,Delivered
TXN009263,CUST2830,Books,Python Programming,Kochi,6,26604.62,10,UPI,Cancelled
TXN009264,CUST2766,Sports,Cricket Bat,Coimbatore,2,33977.11,20,Cash on Delivery,Shipped
TXN009265,CUST0844,Home & Kitchen,Vacuum Cleaner,Bengaluru,4,28279.97,5,Cash on Delivery,Delivered
TXN009266,CUST1377,Electronics,Laptop,Pune,4,11612.98,15,Cash on Delivery,Delivered
TXN009267,CUST2035,Home & Kitchen,Mixer,Delhi,10,3226.63,25,UPI,Pending
TXN009268,CUST2060,Sports,Yoga Mat,Pune,9,19394.8,10,UPI,Pending
TXN009269,CUST2734,Clothing,T-Shirt,Bengaluru,10,32417.36,20,Debit Card,Delivered
TXN009270,CUST1391,Sports,Yoga Mat,Bengaluru,7,49586.48,5,Cash on Delivery,Delivered
TXN009271,CUST0683,Clothing,Jeans,Bengaluru,7,11903.02,0,Debit Card,Shipped
TXN009272,CUST2519,Clothing,T-Shirt,Bengaluru,1,45897.72,20,Debit Card,Pending
TXN009273,CUST1227,Clothing,Jacket,Chennai,5,3506.24,20,UPI,Delivered
TXN009274,CUST1489,Home & Kitchen,Cookware Set,Pune,3,46556.36,0,Credit Card,Delivered
TXN009275,CUST1786,Electronics,Smartphone,Kochi,3,41635.1,0,UPI,Delivered
TXN009276,CUST0827,Home & Kitchen,Vacuum Cleaner,Hyderabad,6,1145.17,15,UPI,Delivered
TXN009277,CUST2036,Electronics,Smartphone,Kochi,4,14979.45,15,Credit Card,Cancelled
TXN009278,CUST2603,Sports,Yoga Mat,Kochi,8,2642.74,15,Credit Card,Shipped
TXN009279,CUST0309,Books,Novel,Pune,4,49775.74,20,UPI,Delivered
TXN009280,CUST2195,Sports,Dumbbells,Kochi,8,21449.42,20,Cash on Delivery,Delivered
TXN009281,CUST0877,Home & Kitchen,Table Lamp,Mumbai,4,33142.46,20,Debit Card,Delivered
TXN009282,CUST1178,Home & Kitchen,Cookware Set,Chennai,3,11786.11,15,Cash on Delivery,Pending
TXN009283,CUST1087,Electronics,Smartphone,Kochi,5,46693.44,5,Debit Card,Pending
TXN009284,CUST0195,Home & Kitchen,Cookware Set,Coimbatore,5,13781.29,20,Cash on Delivery,Delivered
TXN009285,CUST1218,Clothing,Shoes,Kochi,10,13084.71,20,Credit Card,Pending
TXN009286,CUST2350,Home & Kitchen,Table Lamp,Coimbatore,10,15798.54,20,Cash on Delivery,Delivered
TXN009287,CUST1647,Electronics,Smartphone,Hyderabad,1,23178.21,15,UPI,Pending
TXN009288,CUST0926,Electronics,Smartwatch,Mumbai,8,1024.78,10,Debit Card,Delivered
TXN009289,CUST2559,Clothing,Shoes,Mumbai,8,29932.09,15,Debit Card,Delivered
TXN009290,CUST0377,Electronics,Headphones,Mumbai,8,1680.12,10,Cash on Delivery,Delivered
TXN009291,CUST2940,Books,Python Programming,Bengaluru,10,27006.2,15,Credit Card,Delivered
TXN009292,CUST2369,Sports,Dumbbells,Chennai,4,22948.46,5,UPI,Delivered
TXN009293,CUST0389,Home & Kitchen,Table Lamp,Kochi,9,12203.1,5,Credit Card,Cancelled
TXN009294,CUST2425,Books,Python Programming,Coimbatore,10,16555.42,20,UPI,Delivered
TXN009295,CUST1380,Home & Kitchen,Cookware Set,Chennai,3,35312.42,15,UPI,Delivered
TXN009296,CUST1120,Books,Data Science Guide,Chennai,7,578.92,10,UPI,Delivered
TXN009297,CUST0276,Home & Kitchen,Table Lamp,Chennai,6,15900.69,10,Cash on Delivery,Delivered
TXN009298,CUST2321,Clothing,Jacket,Mumbai,9,34046.83,5,UPI,Delivered
TXN009299,CUST2176,Electronics,Smartphone,Hyderabad,4,7698.47,20,UPI,Delivered
TXN009300,CUST1947,Electronics,Smartwatch,Hyderabad,4,28063.24,10,UPI,Cancelled
TXN009301,CUST1750,Clothing,Shoes,Mumbai,6,8529.75,15,Debit Card,Shipped
TXN009302,CUST0860,Books,Machine Learning Basics,Coimbatore,8,7822.62,20,Debit Card,Delivered
TXN009303,CUST1423,Sports,Football,Coimbatore,3,38636.78,25,Cash on Delivery,Delivered
TXN009304,CUST0315,Books,Data Science Guide,Coimbatore,8,13399.62,15,Cash on Delivery,Pending
TXN009305,CUST2669,Electronics,Laptop,Kochi,8,18850.88,15,Debit Card,Delivered
TXN009306,CUST1237,Sports,Yoga Mat,Hyderabad,7,36527.9,5,Debit Card,Cancelled
TXN009307,CUST2068,Home & Kitchen,Table Lamp,Kochi,7,9058.03,15,UPI,Shipped
TXN009308,CUST1229,Sports,Football,Hyderabad,5,26633.68,0,Debit Card,Delivered
TXN009309,CUST1774,Books,Data Science Guide,Chennai,2,45899.2,20,Cash on Delivery,Delivered
TXN009310,CUST2718,Clothing,Jacket,Mumbai,2,27735.96,0,Cash on Delivery,Delivered
TXN009311,CUST2212,Home & Kitchen,Mixer,Bengaluru,10,2537.4,15,UPI,Delivered
TXN009312,CUST1284,Books,Novel,Chennai,8,29525.89,15,Credit Card,Delivered
TXN009313,CUST0820,Home & Kitchen,Mixer,Delhi,6,4598.65,5,Credit Card,Delivered
TXN009314,CUST1698,Sports,Cricket Bat,Kochi,8,14178.01,5,Debit Card,Shipped
TXN009315,CUST1648,Electronics,Headphones,Hyderabad,3,42498.79,25,UPI,Shipped
TXN009316,CUST1030,Books,Data Science Guide,Chennai,1,652.35,5,Debit Card,Delivered
TXN009317,CUST2560,Clothing,Shoes,Mumbai,6,3942.96,25,UPI,Delivered
TXN009318,CUST2111,Sports,Football,Delhi,2,18231.87,5,Debit Card,Delivered
TXN009319,CUST1857,Books,Python Programming,Pune,9,49969.85,25,Cash on Delivery,Cancelled
TXN009320,CUST2751,Clothing,Jeans,Kochi,5,14664.01,10,Cash on Delivery,Cancelled
TXN009321,CUST2243,Books,Novel,Chennai,5,7948.0,5,Credit Card,Delivered
TXN009322,CUST0740,Sports,Cricket Bat,Mumbai,10,27516.16,15,Credit Card,Delivered
TXN009323,CUST0077,Books,Novel,Mumbai,8,26010.83,25,Debit Card,Pending
TXN009324,CUST2572,Home & Kitchen,Cookware Set,Hyderabad,6,22536.02,15,Cash on Delivery,Delivered
TXN009325,CUST2881,Sports,Cricket Bat,Bengaluru,3,47338.02,25,Debit Card,Delivered
TXN009326,CUST2115,Books,Python Programming,Chennai,9,14079.45,20,Cash on Delivery,Delivered
TXN009327,CUST0765,Electronics,Smartwatch,Mumbai,10,14736.88,25,UPI,Delivered
TXN009328,CUST2363,Books,Python Programming,Kochi,4,7098.82,0,Cash on Delivery,Delivered
TXN009329,CUST2045,Home & Kitchen,Cookware Set,Coimbatore,10,34894.67,25,Credit Card,Delivered
TXN009330,CUST0873,Clothing,T-Shirt,Mumbai,4,16136.34,25,Cash on Delivery,Cancelled
TXN009331,CUST2707,Clothing,Jacket,Bengaluru,2,40156.74,10,Debit Card,Delivered
TXN009332,CUST1915,Clothing,T-Shirt,Mumbai,3,48590.72,10,UPI,Delivered
TXN009333,CUST1098,Electronics,Smartphone,Hyderabad,4,2279.89,20,Credit Card,Delivered
TXN009334,CUST2613,Home & Kitchen,Cookware Set,Pune,7,49656.78,20,UPI,Shipped
TXN009335,CUST2183,Sports,Yoga Mat,Chennai,3,12779.8,5,Credit Card,Cancelled
TXN009336,CUST2517,Clothing,Shoes,Hyderabad,8,21063.51,20,Credit Card,Shipped
TXN009337,CUST1777,Home & Kitchen,Cookware Set,Chennai,8,38909.39,10,UPI,Delivered
TXN009338,CUST2319,Books,Python Programming,Delhi,10,33300.02,0,UPI,Pending
TXN009339,CUST2977,Electronics,Smartphone,Chennai,2,38944.0,25,Cash on Delivery,Delivered
TXN009340,CUST2568,Home & Kitchen,Table Lamp,Delhi,4,23369.97,0,Cash on Delivery,Delivered
TXN009341,CUST0246,Home & Kitchen,Mixer,Hyderabad,8,45811.75,10,Credit Card,Delivered
TXN009342,CUST2140,Sports,Yoga Mat,Coimbatore,1,39518.05,5,Cash on Delivery,Delivered
TXN009343,CUST0822,Home & Kitchen,Mixer,Kochi,1,15530.48,0,Cash on Delivery,Delivered
TXN009344,CUST1493,Sports,Cricket Bat,Bengaluru,4,47429.16,25,Credit Card,Delivered
TXN009345,CUST1895,Electronics,Smartwatch,Coimbatore,2,48056.6,25,Cash on Delivery,Delivered
TXN009346,CUST0606,Electronics,Headphones,Kochi,1,20811.17,0,UPI,Shipped
TXN009347,CUST0985,Books,Machine Learning Basics,Delhi,8,32632.83,5,Debit Card,Delivered
TXN009348,CUST0617,Sports,Football,Mumbai,2,40756.95,0,UPI,Delivered
TXN009349,CUST2808,Sports,Football,Mumbai,4,40883.31,15,Debit Card,Cancelled
TXN009350,CUST1230,Clothing,T-Shirt,Coimbatore,3,804.76,10,UPI,Delivered
TXN009351,CUST1784,Clothing,Shoes,Mumbai,2,31487.78,0,Debit Card,Delivered
TXN009352,CUST1681,Books,Machine Learning Basics,Delhi,8,48687.59,0,Debit Card,Delivered
TXN009353,CUST1306,Electronics,Laptop,Hyderabad,3,11644.22,5,Cash on Delivery,Delivered
TXN009354,CUST0264,Clothing,Shoes,Bengaluru,9,39800.88,0,Credit Card,Delivered
TXN009355,CUST2597,Home & Kitchen,Vacuum Cleaner,Pune,10,26758.96,5,UPI,Shipped
TXN009356,CUST0834,Electronics,Smartwatch,Chennai,5,11151.36,10,Cash on Delivery,Delivered
TXN009357,CUST1690,Home & Kitchen,Mixer,Delhi,9,2646.79,15,UPI,Shipped
TXN009358,CUST1094,Sports,Football,Kochi,3,38020.09,20,UPI,Delivered
TXN009359,CUST1176,Electronics,Smartphone,Pune,5,15891.87,10,Debit Card,Shipped
TXN009360,CUST2647,Books,Python Programming,Delhi,10,18841.74,0,Debit Card,Delivered
TXN009361,CUST0658,Sports,Yoga Mat,Chennai,6,24313.03,15,Credit Card,Delivered
TXN009362,CUST1051,Sports,Cricket Bat,Chennai,9,25409.03,20,Debit Card,Delivered
TXN009363,CUST2814,Home & Kitchen,Table Lamp,Bengaluru,8,10388.66,20,UPI,Delivered
TXN009364,CUST2463,Sports,Dumbbells,Bengaluru,2,33565.04,25,Debit Card,Delivered
TXN009365,CUST0968,Clothing,Jacket,Bengaluru,2,34657.74,25,Cash on Delivery,Delivered
TXN009366,CUST1663,Electronics,Smartwatch,Mumbai,5,7200.82,0,Cash on Delivery,Delivered
TXN009367,CUST0977,Clothing,T-Shirt,Kochi,5,26692.19,25,Debit Card,Delivered
TXN009368,CUST0466,Home & Kitchen,Cookware Set,Kochi,5,30502.04,20,Credit Card,Delivered
TXN009369,CUST0615,Home & Kitchen,Cookware Set,Delhi,4,9393.95,20,Debit Card,Cancelled
TXN009370,CUST0787,Electronics,Smartwatch,Hyderabad,8,44733.66,10,Cash on Delivery,Cancelled
TXN009371,CUST0114,Sports,Cricket Bat,Chennai,5,24193.01,25,UPI,Delivered
TXN009372,CUST1006,Books,Machine Learning Basics,Delhi,1,5839.92,25,UPI,Pending
TXN009373,CUST1272,Home & Kitchen,Table Lamp,Pune,10,16786.37,10,UPI,Delivered
TXN009374,CUST1902,Electronics,Smartphone,Delhi,5,23900.33,20,Cash on Delivery,Cancelled
TXN009375,CUST1989,Books,Python Programming,Kochi,1,606.19,5,Cash on Delivery,Delivered
TXN009376,CUST2294,Sports,Football,Bengaluru,4,1692.3,0,UPI,Delivered
TXN009377,CUST1787,Home & Kitchen,Table Lamp,Bengaluru,1,2870.48,5,Credit Card,Cancelled
TXN009378,CUST1729,Electronics,Headphones,Delhi,6,26952.95,5,Credit Card,Cancelled
TXN009379,CUST2650,Electronics,Laptop,Kochi,6,16870.8,20,UPI,Cancelled
TXN009380,CUST0152,Electronics,Smartwatch,Kochi,1,44665.89,0,UPI,Delivered
TXN009381,CUST0828,Home & Kitchen,Cookware Set,Kochi,8,28005.77,5,Cash on Delivery,Delivered
TXN009382,CUST0653,Books,Novel,Bengaluru,4,38018.83,10,Debit Card,Delivered
TXN009383,CUST1118,Electronics,Smartwatch,Kochi,2,34387.95,10,Cash on Delivery,Shipped
TXN009384,CUST0559,Sports,Dumbbells,Mumbai,1,26064.0,0,Debit Card,Delivered
TXN009385,CUST0120,Electronics,Smartphone,Chennai,3,37261.55,5,Debit Card,Shipped
TXN009386,CUST1059,Books,Machine Learning Basics,Pune,7,27280.81,15,Debit Card,Shipped
TXN009387,CUST1138,Home & Kitchen,Mixer,Kochi,10,19334.27,25,Debit Card,Delivered
TXN009388,CUST2698,Electronics,Headphones,Delhi,10,21846.66,15,UPI,Pending
TXN009389,CUST2256,Electronics,Laptop,Chennai,8,41941.22,0,Debit Card,Delivered
TXN009390,CUST0721,Sports,Cricket Bat,Mumbai,5,28207.35,25,Debit Card,Delivered
TXN009391,CUST2640,Sports,Yoga Mat,Pune,7,18927.08,0,Debit Card,Pending
TXN009392,CUST0173,Electronics,Smartphone,Bengaluru,2,9069.18,15,Cash on Delivery,Delivered
TXN009393,CUST2960,Electronics,Smartwatch,Coimbatore,4,24818.36,5,Cash on Delivery,Delivered
TXN009394,CUST1991,Sports,Cricket Bat,Mumbai,6,12694.97,5,Cash on Delivery,Delivered
TXN009395,CUST0082,Books,Machine Learning Basics,Coimbatore,5,47783.44,20,Credit Card,Delivered
TXN009396,CUST0227,Clothing,Shoes,Chennai,6,24600.01,25,Cash on Delivery,Delivered
TXN009397,CUST0344,Clothing,T-Shirt,Delhi,2,546.52,0,Credit Card,Delivered
TXN009398,CUST1286,Electronics,Smartwatch,Pune,7,4734.57,5,Cash on Delivery,Delivered
TXN009399,CUST2465,Sports,Football,Bengaluru,8,14287.79,15,Credit Card,Shipped
TXN009400,CUST1221,Home & Kitchen,Cookware Set,Pune,9,4698.93,25,Cash on Delivery,Delivered
TXN009401,CUST0261,Home & Kitchen,Table Lamp,Mumbai,6,44708.72,15,UPI,Delivered
TXN009402,CUST1668,Clothing,Jacket,Bengaluru,7,42732.14,10,Cash on Delivery,Delivered
TXN009403,CUST1489,Books,Data Science Guide,Coimbatore,1,48545.99,5,Credit Card,Delivered
TXN009404,CUST2752,Clothing,Jacket,Coimbatore,9,35352.63,20,Debit Card,Delivered
TXN009405,CUST2693,Electronics,Smartwatch,Hyderabad,6,32308.68,20,Cash on Delivery,Delivered
TXN009406,CUST0370,Books,Machine Learning Basics,Pune,4,46182.48,25,Debit Card,Delivered
TXN009407,CUST1626,Home & Kitchen,Mixer,Kochi,10,47325.02,0,Debit Card,Delivered
TXN009408,CUST2967,Sports,Dumbbells,Delhi,9,43886.64,10,Cash on Delivery,Pending
TXN009409,CUST0576,Sports,Dumbbells,Kochi,1,43087.49,25,Cash on Delivery,Shipped
TXN009410,CUST0967,Electronics,Laptop,Coimbatore,2,33617.99,15,UPI,Delivered
TXN009411,CUST0459,Clothing,Jacket,Delhi,3,180.14,15,Credit Card,Delivered
TXN009412,CUST2339,Electronics,Smartphone,Hyderabad,1,21532.9,0,Cash on Delivery,Pending
TXN009413,CUST2050,Sports,Dumbbells,Mumbai,2,31819.57,20,Credit Card,Shipped
TXN009414,CUST0495,Home & Kitchen,Vacuum Cleaner,Hyderabad,2,27401.66,20,Cash on Delivery,Delivered
TXN009415,CUST2138,Sports,Dumbbells,Delhi,7,41074.22,15,Debit Card,Shipped
TXN009416,CUST2721,Books,Novel,Coimbatore,10,40963.22,0,Debit Card,Cancelled
TXN009417,CUST2378,Sports,Football,Chennai,6,29974.23,25,Cash on Delivery,Delivered
TXN009418,CUST2152,Sports,Yoga Mat,Delhi,9,1197.5,5,Credit Card,Delivered
TXN009419,CUST1032,Books,Novel,Bengaluru,5,18529.56,25,Credit Card,Delivered
TXN009420,CUST2034,Clothing,T-Shirt,Kochi,9,11517.95,10,Debit Card,Delivered
TXN009421,CUST0370,Sports,Yoga Mat,Chennai,10,17005.53,20,Credit Card,Delivered
TXN009422,CUST0976,Electronics,Smartwatch,Pune,9,30902.9,25,Credit Card,Delivered
TXN009423,CUST2457,Sports,Yoga Mat,Delhi,2,3416.45,20,UPI,Delivered
TXN009424,CUST0501,Electronics,Laptop,Bengaluru,9,1209.88,20,Debit Card,Delivered
TXN009425,CUST1284,Books,Python Programming,Kochi,3,21899.96,5,Credit Card,Delivered
TXN009426,CUST1349,Sports,Dumbbells,Pune,3,39699.33,5,UPI,Shipped
TXN009427,CUST2394,Books,Python Programming,Hyderabad,9,1631.86,25,Cash on Delivery,Delivered
TXN009428,CUST1598,Books,Data Science Guide,Chennai,7,42467.52,10,UPI,Delivered
TXN009429,CUST0967,Clothing,Jacket,Delhi,8,19255.59,20,UPI,Delivered
TXN009430,CUST1733,Sports,Cricket Bat,Mumbai,7,5999.95,15,UPI,Delivered
TXN009431,CUST0893,Electronics,Smartwatch,Hyderabad,9,28418.14,20,UPI,Delivered
TXN009432,CUST0591,Electronics,Laptop,Bengaluru,8,47622.79,10,UPI,Pending
TXN009433,CUST0438,Sports,Football,Mumbai,4,27171.39,25,UPI,Delivered
TXN009434,CUST0718,Clothing,Jacket,Coimbatore,2,34363.07,10,Cash on Delivery,Delivered
TXN009435,CUST0877,Clothing,Jeans,Hyderabad,5,40839.42,15,Cash on Delivery,Delivered
TXN009436,CUST1125,Clothing,Shoes,Kochi,2,39987.07,5,Debit Card,Delivered
TXN009437,CUST1801,Electronics,Headphones,Hyderabad,4,3748.62,15,Debit Card,Delivered
TXN009438,CUST1673,Books,Data Science Guide,Kochi,2,37075.67,10,Cash on Delivery,Delivered
TXN009439,CUST1042,Clothing,T-Shirt,Delhi,5,47477.53,15,Cash on Delivery,Delivered
TXN009440,CUST2415,Electronics,Laptop,Delhi,6,35062.55,20,Debit Card,Pending
TXN009441,CUST0230,Electronics,Headphones,Bengaluru,1,41838.5,10,UPI,Delivered
TXN009442,CUST2009,Books,Novel,Hyderabad,8,24328.93,25,Credit Card,Pending
TXN009443,CUST2186,Sports,Football,Delhi,2,16021.56,5,UPI,Cancelled
TXN009444,CUST1535,Sports,Cricket Bat,Coimbatore,5,33844.34,5,Cash on Delivery,Delivered
TXN009445,CUST2866,Clothing,Shoes,Kochi,8,24660.78,15,Debit Card,Cancelled
TXN009446,CUST0463,Clothing,Jeans,Pune,5,44774.91,15,Debit Card,Delivered
TXN009447,CUST1297,Books,Machine Learning Basics,Pune,3,48721.66,15,UPI,Delivered
TXN009448,CUST2236,Clothing,Shoes,Pune,6,41008.12,25,Debit Card,Shipped
TXN009449,CUST1736,Books,Novel,Delhi,1,49634.71,20,Cash on Delivery,Delivered
TXN009450,CUST1946,Electronics,Laptop,Hyderabad,1,17483.69,5,Cash on Delivery,Delivered
TXN009451,CUST2797,Clothing,Shoes,Pune,8,44798.19,10,Credit Card,Shipped
TXN009452,CUST1010,Electronics,Smartphone,Chennai,7,16563.69,10,Cash on Delivery,Delivered
TXN009453,CUST1138,Home & Kitchen,Table Lamp,Mumbai,10,5990.1,5,Credit Card,Pending
TXN009454,CUST0594,Books,Python Programming,Hyderabad,10,31106.55,25,Credit Card,Delivered
TXN009455,CUST1487,Home & Kitchen,Mixer,Kochi,3,22803.93,15,UPI,Delivered
TXN009456,CUST1947,Clothing,T-Shirt,Coimbatore,8,46092.79,0,Debit Card,Delivered
TXN009457,CUST2932,Electronics,Headphones,Hyderabad,8,24660.47,15,Cash on Delivery,Delivered
TXN009458,CUST1507,Clothing,T-Shirt,Coimbatore,1,46388.87,25,Debit Card,Delivered
TXN009459,CUST1263,Home & Kitchen,Cookware Set,Hyderabad,10,4023.83,5,Credit Card,Delivered
TXN009460,CUST0087,Clothing,T-Shirt,Pune,7,41542.54,20,Cash on Delivery,Delivered
TXN009461,CUST2644,Sports,Football,Mumbai,2,37979.8,15,Debit Card,Pending
TXN009462,CUST2482,Home & Kitchen,Vacuum Cleaner,Mumbai,2,36026.92,10,Cash on Delivery,Delivered
TXN009463,CUST0143,Clothing,Jeans,Coimbatore,2,17821.28,20,UPI,Delivered
TXN009464,CUST2713,Electronics,Laptop,Hyderabad,5,39209.61,5,Cash on Delivery,Delivered
TXN009465,CUST0224,Clothing,Shoes,Mumbai,7,24216.5,0,Credit Card,Delivered
TXN009466,CUST2830,Electronics,Smartphone,Bengaluru,4,35788.66,15,Cash on Delivery,Cancelled
TXN009467,CUST2751,Sports,Football,Hyderabad,4,27656.13,20,UPI,Cancelled
TXN009468,CUST0982,Clothing,Jeans,Mumbai,9,7956.24,20,UPI,Shipped
TXN009469,CUST1037,Sports,Dumbbells,Chennai,10,3321.47,10,Debit Card,Cancelled
TXN009470,CUST2264,Home & Kitchen,Table Lamp,Chennai,9,18372.71,15,UPI,Delivered
TXN009471,CUST1576,Electronics,Smartphone,Bengaluru,7,46646.16,0,Credit Card,Delivered
TXN009472,CUST1267,Home & Kitchen,Vacuum Cleaner,Mumbai,10,26533.78,20,UPI,Delivered
TXN009473,CUST2618,Electronics,Laptop,Chennai,4,40129.38,10,Debit Card,Shipped
TXN009474,CUST2870,Sports,Football,Pune,8,28840.06,15,UPI,Delivered
TXN009475,CUST1487,Books,Python Programming,Hyderabad,10,47899.47,15,UPI,Delivered
TXN009476,CUST2807,Clothing,Jacket,Delhi,3,18535.83,0,Cash on Delivery,Delivered
TXN009477,CUST0500,Sports,Yoga Mat,Mumbai,3,2946.82,10,Debit Card,Pending
TXN009478,CUST2191,Electronics,Smartphone,Kochi,7,39055.35,0,Cash on Delivery,Delivered
TXN009479,CUST0969,Electronics,Smartwatch,Bengaluru,9,35302.28,20,Debit Card,Delivered
TXN009480,CUST1813,Electronics,Headphones,Mumbai,4,26423.97,25,Debit Card,Delivered
TXN009481,CUST1592,Electronics,Smartphone,Coimbatore,4,16386.92,5,Debit Card,Shipped
TXN009482,CUST0033,Clothing,Jeans,Coimbatore,1,9494.43,5,Debit Card,Delivered
TXN009483,CUST1610,Home & Kitchen,Vacuum Cleaner,Chennai,1,24165.57,0,Debit Card,Delivered
TXN009484,CUST1047,Books,Machine Learning Basics,Kochi,3,33343.45,0,Debit Card,Shipped
TXN009485,CUST1233,Clothing,Jacket,Coimbatore,7,28986.43,25,UPI,Cancelled
TXN009486,CUST0370,Electronics,Smartwatch,Bengaluru,9,21930.78,25,UPI,Delivered
TXN009487,CUST0965,Clothing,Jeans,Kochi,4,27030.75,25,UPI,Delivered
TXN009488,CUST1219,Sports,Yoga Mat,Chennai,2,5486.95,25,Credit Card,Cancelled
TXN009489,CUST0862,Electronics,Smartphone,Bengaluru,6,34822.42,5,Debit Card,Delivered
TXN009490,CUST0657,Books,Python Programming,Hyderabad,6,36739.38,20,UPI,Pending
TXN009491,CUST1798,Electronics,Smartwatch,Bengaluru,9,671.48,25,Debit Card,Cancelled
TXN009492,CUST2587,Books,Machine Learning Basics,Coimbatore,4,13598.93,25,Cash on Delivery,Cancelled
TXN009493,CUST1300,Books,Python Programming,Hyderabad,8,4696.63,0,Credit Card,Delivered
TXN009494,CUST2640,Home & Kitchen,Cookware Set,Coimbatore,3,49911.78,25,Debit Card,Delivered
TXN009495,CUST1665,Home & Kitchen,Vacuum Cleaner,Bengaluru,2,29707.81,20,UPI,Delivered
TXN009496,CUST0139,Clothing,Jacket,Coimbatore,9,23340.33,20,Credit Card,Shipped
TXN009497,CUST1123,Clothing,T-Shirt,Kochi,6,23203.75,10,Cash on Delivery,Delivered
TXN009498,CUST0329,Books,Novel,Coimbatore,8,48242.22,20,Debit Card,Delivered
TXN009499,CUST2014,Electronics,Smartwatch,Coimbatore,10,33026.8,25,Credit Card,Delivered
TXN009500,CUST1930,Sports,Cricket Bat,Mumbai,9,8516.11,15,Debit Card,Cancelled
TXN009501,CUST1692,Sports,Dumbbells,Hyderabad,1,22463.13,25,Credit Card,Delivered
TXN009502,CUST1363,Electronics,Smartwatch,Kochi,1,38732.42,5,UPI,Cancelled
TXN009503,CUST2939,Electronics,Smartphone,Hyderabad,5,21225.17,5,Debit Card,Shipped
TXN009504,CUST1731,Home & Kitchen,Cookware Set,Pune,9,15545.72,0,Debit Card,Delivered
TXN009505,CUST0412,Sports,Yoga Mat,Hyderabad,7,49561.68,0,Debit Card,Delivered
TXN009506,CUST0657,Books,Python Programming,Pune,7,46788.29,10,UPI,Delivered
TXN009507,CUST2861,Clothing,T-Shirt,Bengaluru,2,47083.86,25,Credit Card,Delivered
TXN009508,CUST1069,Home & Kitchen,Table Lamp,Pune,3,6670.46,10,UPI,Delivered
TXN009509,CUST2074,Sports,Dumbbells,Pune,4,11789.34,15,Cash on Delivery,Delivered
TXN009510,CUST0272,Electronics,Laptop,Delhi,2,22159.14,0,Cash on Delivery,Delivered
TXN009511,CUST1442,Sports,Cricket Bat,Bengaluru,10,41623.25,5,Cash on Delivery,Cancelled
TXN009512,CUST1724,Books,Machine Learning Basics,Hyderabad,9,36867.69,15,Credit Card,Delivered
TXN009513,CUST2467,Home & Kitchen,Mixer,Chennai,5,42498.4,0,Debit Card,Delivered
TXN009514,CUST2987,Electronics,Smartwatch,Coimbatore,7,46046.09,15,Credit Card,Delivered
TXN009515,CUST2244,Books,Machine Learning Basics,Coimbatore,9,39060.27,25,Cash on Delivery,Delivered
TXN009516,CUST1339,Clothing,Shoes,Delhi,5,13162.32,20,Credit Card,Pending
TXN009517,CUST1857,Home & Kitchen,Mixer,Chennai,6,14343.74,20,Debit Card,Delivered
TXN009518,CUST2848,Books,Data Science Guide,Mumbai,4,17689.14,15,Debit Card,Shipped
TXN009519,CUST0113,Books,Machine Learning Basics,Pune,8,15223.46,0,Credit Card,Delivered
TXN009520,CUST0214,Electronics,Laptop,Kochi,1,12530.04,20,Cash on Delivery,Shipped
TXN009521,CUST2628,Clothing,Shoes,Bengaluru,1,37649.05,20,Debit Card,Shipped
TXN009522,CUST2628,Books,Novel,Mumbai,5,1796.15,15,Cash on Delivery,Delivered
TXN009523,CUST0753,Home & Kitchen,Vacuum Cleaner,Chennai,10,36446.85,20,Debit Card,Delivered
TXN009524,CUST2582,Books,Novel,Delhi,9,41195.83,25,Cash on Delivery,Delivered
TXN009525,CUST1817,Sports,Football,Chennai,2,3395.6,5,Credit Card,Shipped
TXN009526,CUST2626,Home & Kitchen,Table Lamp,Delhi,3,3186.17,20,UPI,Cancelled
TXN009527,CUST0558,Home & Kitchen,Table Lamp,Mumbai,8,14344.64,25,UPI,Delivered
TXN009528,CUST0013,Books,Machine Learning Basics,Mumbai,5,10494.51,15,Cash on Delivery,Delivered
TXN009529,CUST1642,Electronics,Smartwatch,Kochi,3,29098.57,20,Debit Card,Cancelled
TXN009530,CUST0820,Home & Kitchen,Vacuum Cleaner,Chennai,6,33805.03,20,Credit Card,Delivered
TXN009531,CUST2574,Sports,Cricket Bat,Chennai,6,31743.69,10,Debit Card,Delivered
TXN009532,CUST1252,Electronics,Headphones,Pune,5,17931.63,15,UPI,Delivered
TXN009533,CUST1286,Electronics,Headphones,Coimbatore,5,24970.05,15,UPI,Cancelled
TXN009534,CUST2359,Electronics,Headphones,Delhi,6,32035.54,25,Credit Card,Pending
TXN009535,CUST0337,Home & Kitchen,Vacuum Cleaner,Coimbatore,2,6059.37,10,Cash on Delivery,Delivered
TXN009536,CUST0454,Electronics,Smartphone,Bengaluru,6,11552.64,10,Credit Card,Delivered
TXN009537,CUST0647,Books,Python Programming,Bengaluru,2,44535.76,25,UPI,Delivered
TXN009538,CUST1023,Electronics,Smartphone,Chennai,3,17182.09,5,Credit Card,Delivered
TXN009539,CUST2116,Sports,Football,Mumbai,2,40077.7,20,UPI,Delivered
TXN009540,CUST2923,Clothing,Jeans,Bengaluru,1,12624.39,0,Debit Card,Delivered
TXN009541,CUST2660,Sports,Cricket Bat,Bengaluru,1,2177.85,0,UPI,Cancelled
TXN009542,CUST0533,Home & Kitchen,Table Lamp,Kochi,9,25069.99,10,UPI,Delivered
TXN009543,CUST2434,Electronics,Headphones,Coimbatore,4,44634.85,15,Credit Card,Delivered
TXN009544,CUST2809,Electronics,Laptop,Kochi,5,40982.3,15,Credit Card,Delivered
TXN009545,CUST1681,Books,Novel,Coimbatore,10,12721.66,25,Credit Card,Delivered
TXN009546,CUST1309,Electronics,Smartphone,Pune,7,45505.8,5,Debit Card,Delivered
TXN009547,CUST1850,Sports,Yoga Mat,Kochi,2,24037.82,0,Credit Card,Delivered
TXN009548,CUST1960,Home & Kitchen,Mixer,Pune,10,2545.05,25,Debit Card,Delivered
TXN009549,CUST0547,Clothing,T-Shirt,Bengaluru,9,1493.44,25,Cash on Delivery,Delivered
TXN009550,CUST1068,Electronics,Smartwatch,Chennai,4,24307.18,15,Credit Card,Delivered
TXN009551,CUST0711,Clothing,T-Shirt,Coimbatore,10,27361.51,5,Credit Card,Delivered
TXN009552,CUST2816,Electronics,Smartwatch,Bengaluru,10,4087.65,5,Cash on Delivery,Delivered
TXN009553,CUST2430,Home & Kitchen,Mixer,Mumbai,1,46119.81,10,Cash on Delivery,Delivered
TXN009554,CUST1342,Sports,Football,Coimbatore,8,35939.02,0,Cash on Delivery,Delivered
TXN009555,CUST1155,Home & Kitchen,Table Lamp,Bengaluru,4,40083.99,5,UPI,Delivered
TXN009556,CUST0814,Clothing,Jeans,Pune,7,29242.76,5,UPI,Delivered
TXN009557,CUST0346,Electronics,Smartwatch,Kochi,3,33210.85,5,UPI,Delivered
TXN009558,CUST1698,Clothing,Jacket,Delhi,9,19454.23,0,Cash on Delivery,Delivered
TXN009559,CUST1506,Sports,Football,Coimbatore,5,33996.92,10,Debit Card,Delivered
TXN009560,CUST0746,Home & Kitchen,Table Lamp,Delhi,5,48911.33,20,Credit Card,Delivered
TXN009561,CUST1612,Clothing,Jeans,Coimbatore,3,32421.02,15,UPI,Delivered
TXN009562,CUST1546,Clothing,T-Shirt,Coimbatore,9,17147.52,25,Cash on Delivery,Delivered
TXN009563,CUST2337,Sports,Yoga Mat,Kochi,3,14333.43,25,Credit Card,Delivered
TXN009564,CUST0920,Electronics,Headphones,Pune,2,48170.96,0,UPI,Delivered
TXN009565,CUST0085,Clothing,Jacket,Hyderabad,9,9331.61,0,Cash on Delivery,Cancelled
TXN009566,CUST0095,Sports,Cricket Bat,Hyderabad,9,40329.21,25,Credit Card,Pending
TXN009567,CUST2288,Electronics,Smartwatch,Delhi,10,23316.59,0,UPI,Cancelled
TXN009568,CUST2651,Electronics,Smartwatch,Chennai,4,22243.61,20,UPI,Delivered
TXN009569,CUST2507,Home & Kitchen,Mixer,Bengaluru,4,37402.14,15,UPI,Delivered
TXN009570,CUST2567,Sports,Cricket Bat,Chennai,10,7487.12,15,UPI,Delivered
TXN009571,CUST0937,Electronics,Smartphone,Chennai,6,23368.17,5,UPI,Delivered
TXN009572,CUST0365,Home & Kitchen,Vacuum Cleaner,Hyderabad,9,1888.1,25,Cash on Delivery,Delivered
TXN009573,CUST1895,Books,Data Science Guide,Bengaluru,8,33553.3,25,Credit Card,Cancelled
TXN009574,CUST0813,Sports,Yoga Mat,Hyderabad,10,3013.03,25,UPI,Delivered
TXN009575,CUST1073,Books,Machine Learning Basics,Kochi,3,4455.71,5,Credit Card,Pending
TXN009576,CUST2873,Electronics,Laptop,Kochi,6,42256.84,25,UPI,Delivered
TXN009577,CUST0692,Sports,Cricket Bat,Hyderabad,7,22203.46,10,Cash on Delivery,Delivered
TXN009578,CUST0204,Home & Kitchen,Vacuum Cleaner,Pune,6,10128.69,0,Cash on Delivery,Delivered
TXN009579,CUST1643,Electronics,Smartwatch,Hyderabad,3,29669.97,10,Credit Card,Delivered
TXN009580,CUST2532,Sports,Dumbbells,Mumbai,9,26012.23,0,UPI,Delivered
TXN009581,CUST1757,Sports,Yoga Mat,Chennai,4,20604.33,15,Cash on Delivery,Delivered
TXN009582,CUST2460,Books,Novel,Pune,2,45280.31,25,UPI,Delivered
TXN009583,CUST1066,Electronics,Smartwatch,Pune,9,37497.95,10,UPI,Shipped
TXN009584,CUST0612,Home & Kitchen,Table Lamp,Chennai,3,7664.48,15,Debit Card,Shipped
TXN009585,CUST0365,Home & Kitchen,Table Lamp,Pune,6,28581.66,5,Cash on Delivery,Cancelled
TXN009586,CUST1508,Electronics,Smartphone,Chennai,5,4528.32,25,Credit Card,Shipped
TXN009587,CUST0697,Electronics,Headphones,Mumbai,2,12308.23,15,Credit Card,Delivered
TXN009588,CUST2324,Clothing,Shoes,Coimbatore,1,45502.03,20,UPI,Shipped
TXN009589,CUST0481,Books,Machine Learning Basics,Pune,9,23157.79,10,UPI,Delivered
TXN009590,CUST0058,Electronics,Laptop,Delhi,3,44616.09,25,UPI,Delivered
TXN009591,CUST2944,Electronics,Smartphone,Delhi,7,8383.35,25,Debit Card,Delivered
TXN009592,CUST2154,Clothing,Jacket,Mumbai,9,10346.55,0,UPI,Delivered
TXN009593,CUST1783,Clothing,Jacket,Chennai,9,17705.95,15,UPI,Cancelled
TXN009594,CUST1859,Sports,Dumbbells,Delhi,10,18379.65,25,Credit Card,Delivered
TXN009595,CUST2760,Home & Kitchen,Vacuum Cleaner,Mumbai,6,37289.34,25,Debit Card,Pending
TXN009596,CUST2025,Books,Novel,Hyderabad,8,30010.59,10,Credit Card,Shipped
TXN009597,CUST0486,Sports,Dumbbells,Bengaluru,9,27707.15,0,Debit Card,Delivered
TXN009598,CUST0920,Electronics,Headphones,Delhi,3,30158.54,25,Debit Card,Delivered
TXN009599,CUST2923,Clothing,T-Shirt,Kochi,6,36636.35,25,Cash on Delivery,Delivered
TXN009600,CUST0833,Home & Kitchen,Table Lamp,Bengaluru,5,44651.55,10,Cash on Delivery,Delivered
TXN009601,CUST0781,Sports,Yoga Mat,Kochi,7,20795.52,10,Cash on Delivery,Delivered
TXN009602,CUST1091,Home & Kitchen,Vacuum Cleaner,Chennai,7,40166.0,20,Credit Card,Pending
TXN009603,CUST1180,Clothing,Jeans,Delhi,9,24805.33,15,Cash on Delivery,Delivered
TXN009604,CUST2025,Sports,Football,Mumbai,1,36131.7,20,Cash on Delivery,Delivered
TXN009605,CUST1565,Sports,Cricket Bat,Coimbatore,6,43753.71,5,Credit Card,Delivered
TXN009606,CUST0534,Home & Kitchen,Table Lamp,Delhi,5,1707.52,25,Debit Card,Cancelled
TXN009607,CUST1767,Clothing,Jeans,Delhi,4,27376.82,10,Debit Card,Delivered
TXN009608,CUST0847,Electronics,Laptop,Delhi,10,49470.09,15,UPI,Cancelled
TXN009609,CUST2458,Sports,Yoga Mat,Delhi,1,24861.6,5,UPI,Delivered
TXN009610,CUST0883,Electronics,Headphones,Kochi,4,43228.75,25,Cash on Delivery,Delivered
TXN009611,CUST1160,Clothing,Shoes,Mumbai,10,9376.4,5,Credit Card,Delivered
TXN009612,CUST2977,Sports,Dumbbells,Mumbai,7,30253.93,20,Debit Card,Delivered
TXN009613,CUST2774,Sports,Football,Kochi,4,43528.27,5,Credit Card,Delivered
TXN009614,CUST0776,Electronics,Laptop,Coimbatore,1,21633.5,0,UPI,Shipped
TXN009615,CUST1714,Books,Novel,Mumbai,10,24387.43,0,Cash on Delivery,Pending
TXN009616,CUST0739,Electronics,Headphones,Mumbai,1,4192.69,0,UPI,Delivered
TXN009617,CUST1674,Electronics,Headphones,Chennai,1,2204.39,25,UPI,Delivered
TXN009618,CUST0598,Books,Python Programming,Pune,10,23488.54,5,Debit Card,Pending
TXN009619,CUST0118,Clothing,T-Shirt,Chennai,5,42189.42,25,Credit Card,Shipped
TXN009620,CUST1189,Clothing,Shoes,Pune,7,46573.08,25,Debit Card,Delivered
TXN009621,CUST1073,Sports,Yoga Mat,Bengaluru,9,32966.78,10,Debit Card,Delivered
TXN009622,CUST0965,Home & Kitchen,Vacuum Cleaner,Coimbatore,8,41337.29,15,UPI,Delivered
TXN009623,CUST2531,Home & Kitchen,Cookware Set,Pune,2,36769.22,0,Cash on Delivery,Delivered
TXN009624,CUST1848,Sports,Cricket Bat,Chennai,9,35104.14,0,UPI,Delivered
TXN009625,CUST1018,Home & Kitchen,Mixer,Coimbatore,4,38474.75,0,Credit Card,Pending
TXN009626,CUST1515,Electronics,Smartwatch,Coimbatore,10,25314.62,20,Cash on Delivery,Delivered
TXN009627,CUST2388,Electronics,Laptop,Delhi,5,22951.11,20,Debit Card,Delivered
TXN009628,CUST2803,Books,Data Science Guide,Hyderabad,5,8041.26,0,Credit Card,Delivered
TXN009629,CUST2652,Books,Python Programming,Hyderabad,4,42206.38,0,Credit Card,Shipped
TXN009630,CUST1877,Sports,Football,Hyderabad,6,2326.23,25,Credit Card,Shipped
TXN009631,CUST0352,Sports,Football,Coimbatore,1,13445.46,20,Credit Card,Pending
TXN009632,CUST0043,Sports,Yoga Mat,Delhi,2,26043.82,15,UPI,Cancelled
TXN009633,CUST1921,Electronics,Laptop,Bengaluru,4,48582.75,10,Credit Card,Pending
TXN009634,CUST0546,Home & Kitchen,Table Lamp,Bengaluru,4,39320.05,15,UPI,Pending
TXN009635,CUST1325,Sports,Dumbbells,Hyderabad,8,18496.69,25,Cash on Delivery,Delivered
TXN009636,CUST2839,Sports,Dumbbells,Bengaluru,9,35726.02,10,Credit Card,Delivered
TXN009637,CUST1629,Electronics,Smartwatch,Delhi,4,46575.33,5,UPI,Shipped
TXN009638,CUST2814,Electronics,Headphones,Hyderabad,6,26990.28,5,Credit Card,Pending
TXN009639,CUST0870,Electronics,Smartwatch,Pune,4,23150.82,15,Cash on Delivery,Delivered
TXN009640,CUST2922,Home & Kitchen,Cookware Set,Pune,4,27694.36,20,Debit Card,Delivered
TXN009641,CUST1571,Sports,Yoga Mat,Delhi,9,15645.35,0,Cash on Delivery,Delivered
TXN009642,CUST2902,Clothing,T-Shirt,Kochi,4,45376.71,5,Debit Card,Delivered
TXN009643,CUST1734,Clothing,Shoes,Bengaluru,6,39884.36,25,UPI,Delivered
TXN009644,CUST2447,Sports,Cricket Bat,Hyderabad,9,35303.66,20,Cash on Delivery,Delivered
TXN009645,CUST1050,Sports,Cricket Bat,Pune,3,29495.69,20,UPI,Delivered
TXN009646,CUST0300,Sports,Cricket Bat,Delhi,7,48476.79,10,Cash on Delivery,Shipped
TXN009647,CUST0391,Sports,Football,Mumbai,7,14955.52,5,Credit Card,Pending
TXN009648,CUST2282,Home & Kitchen,Vacuum Cleaner,Pune,1,14228.44,15,Debit Card,Delivered
TXN009649,CUST0241,Clothing,T-Shirt,Mumbai,2,12182.7,25,Credit Card,Pending
TXN009650,CUST0214,Books,Python Programming,Delhi,5,37114.62,20,UPI,Delivered
TXN009651,CUST1364,Clothing,Jacket,Delhi,8,39884.55,15,Credit Card,Delivered
TXN009652,CUST0962,Clothing,Jacket,Chennai,6,29896.0,15,Debit Card,Pending
TXN009653,CUST1929,Electronics,Smartwatch,Pune,7,32633.99,25,Debit Card,Pending
TXN009654,CUST1452,Sports,Cricket Bat,Chennai,3,17513.14,5,Debit Card,Delivered
TXN009655,CUST2484,Sports,Cricket Bat,Coimbatore,6,2083.9,25,Debit Card,Cancelled
TXN009656,CUST2748,Sports,Cricket Bat,Pune,9,12756.43,15,Debit Card,Shipped
TXN009657,CUST2451,Electronics,Smartphone,Hyderabad,3,29256.73,15,UPI,Delivered
TXN009658,CUST2907,Home & Kitchen,Table Lamp,Coimbatore,6,40665.34,0,Credit Card,Delivered
TXN009659,CUST0187,Home & Kitchen,Table Lamp,Coimbatore,7,38882.03,25,Cash on Delivery,Shipped
TXN009660,CUST0022,Books,Novel,Bengaluru,5,9056.42,15,Credit Card,Shipped
TXN009661,CUST1039,Home & Kitchen,Table Lamp,Mumbai,10,2667.17,0,Credit Card,Delivered
TXN009662,CUST2067,Home & Kitchen,Cookware Set,Bengaluru,8,42542.95,5,UPI,Delivered
TXN009663,CUST2539,Sports,Football,Hyderabad,8,3871.9,15,UPI,Shipped
TXN009664,CUST1561,Clothing,T-Shirt,Delhi,6,19726.23,20,UPI,Delivered
TXN009665,CUST1240,Home & Kitchen,Cookware Set,Chennai,7,4801.86,25,UPI,Delivered
TXN009666,CUST1617,Home & Kitchen,Vacuum Cleaner,Hyderabad,3,28246.03,15,Credit Card,Delivered
TXN009667,CUST2750,Electronics,Smartwatch,Delhi,7,18230.49,0,Debit Card,Delivered
TXN009668,CUST1520,Books,Python Programming,Hyderabad,7,10204.43,20,Debit Card,Delivered
TXN009669,CUST0542,Electronics,Headphones,Delhi,4,29798.87,5,UPI,Delivered
TXN009670,CUST2292,Sports,Dumbbells,Pune,10,18233.25,25,Cash on Delivery,Delivered
TXN009671,CUST0169,Clothing,Jeans,Chennai,4,8422.73,10,Credit Card,Delivered
TXN009672,CUST2378,Books,Novel,Delhi,3,35034.31,10,Credit Card,Delivered
TXN009673,CUST0735,Electronics,Headphones,Coimbatore,10,41856.73,0,Cash on Delivery,Delivered
TXN009674,CUST1067,Home & Kitchen,Cookware Set,Hyderabad,7,13759.75,5,UPI,Delivered
TXN009675,CUST0696,Home & Kitchen,Table Lamp,Chennai,5,9402.61,5,Credit Card,Shipped
TXN009676,CUST2064,Books,Python Programming,Delhi,3,3855.07,15,Cash on Delivery,Delivered
TXN009677,CUST2019,Home & Kitchen,Cookware Set,Coimbatore,6,26442.32,10,Debit Card,Shipped
TXN009678,CUST1390,Electronics,Smartphone,Coimbatore,6,41581.56,15,Cash on Delivery,Delivered
TXN009679,CUST1918,Electronics,Laptop,Pune,6,12614.42,5,Cash on Delivery,Shipped
TXN009680,CUST0541,Home & Kitchen,Mixer,Mumbai,2,23085.82,0,UPI,Cancelled
TXN009681,CUST0368,Home & Kitchen,Cookware Set,Coimbatore,10,8124.09,0,Credit Card,Shipped
TXN009682,CUST1300,Sports,Yoga Mat,Bengaluru,7,20269.62,20,Cash on Delivery,Delivered
TXN009683,CUST2910,Clothing,Jeans,Chennai,7,870.71,0,Credit Card,Delivered
TXN009684,CUST2173,Books,Novel,Chennai,10,45545.38,10,Credit Card,Delivered
TXN009685,CUST1774,Electronics,Headphones,Kochi,4,33860.94,20,UPI,Shipped
TXN009686,CUST0581,Books,Data Science Guide,Chennai,6,16707.4,10,Debit Card,Delivered
TXN009687,CUST1067,Sports,Dumbbells,Delhi,4,44071.79,15,Credit Card,Shipped
TXN009688,CUST0479,Electronics,Headphones,Hyderabad,4,9228.19,15,UPI,Delivered
TXN009689,CUST1284,Sports,Dumbbells,Delhi,6,4028.81,0,UPI,Delivered
TXN009690,CUST0181,Sports,Cricket Bat,Bengaluru,9,47136.82,20,Cash on Delivery,Delivered
TXN009691,CUST0524,Home & Kitchen,Table Lamp,Kochi,7,15519.95,10,Credit Card,Delivered
TXN009692,CUST2045,Books,Machine Learning Basics,Hyderabad,2,46805.07,10,UPI,Delivered
TXN009693,CUST1151,Books,Data Science Guide,Pune,6,31916.88,5,Debit Card,Delivered
TXN009694,CUST1477,Home & Kitchen,Vacuum Cleaner,Coimbatore,5,49004.14,0,Cash on Delivery,Delivered
TXN009695,CUST1762,Books,Machine Learning Basics,Kochi,6,37696.12,25,Debit Card,Cancelled
TXN009696,CUST1159,Home & Kitchen,Cookware Set,Delhi,8,5363.64,15,UPI,Delivered
TXN009697,CUST1079,Electronics,Headphones,Hyderabad,8,42626.21,25,Cash on Delivery,Delivered
TXN009698,CUST2511,Sports,Football,Coimbatore,3,7479.14,5,Credit Card,Delivered
TXN009699,CUST1081,Sports,Cricket Bat,Hyderabad,9,34640.66,15,Cash on Delivery,Shipped
TXN009700,CUST2118,Books,Data Science Guide,Coimbatore,6,25070.33,15,Cash on Delivery,Delivered
TXN009701,CUST1283,Clothing,Jacket,Hyderabad,7,35415.48,10,Debit Card,Delivered
TXN009702,CUST1785,Sports,Yoga Mat,Delhi,9,38272.98,15,Credit Card,Delivered
TXN009703,CUST0676,Home & Kitchen,Vacuum Cleaner,Kochi,7,40202.89,20,UPI,Delivered
TXN009704,CUST1293,Clothing,Jacket,Delhi,10,41765.51,15,Debit Card,Pending
TXN009705,CUST2013,Clothing,T-Shirt,Bengaluru,9,42376.5,20,Credit Card,Shipped
TXN009706,CUST0620,Sports,Cricket Bat,Pune,1,20687.46,15,UPI,Delivered
TXN009707,CUST2277,Sports,Dumbbells,Pune,1,44472.48,5,Cash on Delivery,Delivered
TXN009708,CUST2693,Sports,Yoga Mat,Mumbai,3,36007.05,10,Credit Card,Delivered
TXN009709,CUST2608,Home & Kitchen,Vacuum Cleaner,Chennai,9,41964.65,5,Debit Card,Shipped
TXN009710,CUST1803,Clothing,Jacket,Delhi,1,49460.65,10,UPI,Delivered
TXN009711,CUST0218,Books,Machine Learning Basics,Delhi,1,5909.1,5,UPI,Delivered
TXN009712,CUST0774,Home & Kitchen,Table Lamp,Coimbatore,5,18591.93,0,Credit Card,Delivered
TXN009713,CUST0609,Electronics,Headphones,Mumbai,8,40346.7,15,Credit Card,Delivered
TXN009714,CUST0224,Sports,Football,Pune,2,4406.54,15,Cash on Delivery,Delivered
TXN009715,CUST0942,Clothing,Jeans,Delhi,4,27084.98,0,UPI,Cancelled
TXN009716,CUST0751,Home & Kitchen,Mixer,Hyderabad,6,42934.06,0,Cash on Delivery,Delivered
TXN009717,CUST0147,Electronics,Smartphone,Pune,1,1047.66,20,Cash on Delivery,Delivered
TXN009718,CUST1927,Home & Kitchen,Cookware Set,Mumbai,4,46981.99,5,Debit Card,Shipped
TXN009719,CUST1066,Home & Kitchen,Cookware Set,Chennai,4,48909.43,15,Debit Card,Delivered
TXN009720,CUST0670,Books,Data Science Guide,Hyderabad,9,16181.82,20,Credit Card,Delivered
TXN009721,CUST2892,Books,Novel,Coimbatore,9,38362.88,25,Credit Card,Delivered
TXN009722,CUST1914,Home & Kitchen,Vacuum Cleaner,Bengaluru,6,6446.09,15,Credit Card,Pending
TXN009723,CUST1788,Electronics,Smartwatch,Hyderabad,8,38665.93,0,Debit Card,Delivered
TXN009724,CUST0476,Clothing,T-Shirt,Kochi,10,24127.93,20,Cash on Delivery,Shipped
TXN009725,CUST2028,Clothing,Shoes,Pune,4,43027.63,25,Cash on Delivery,Shipped
TXN009726,CUST0168,Sports,Dumbbells,Kochi,10,10709.06,20,Debit Card,Delivered
TXN009727,CUST1809,Sports,Dumbbells,Chennai,8,33665.63,20,Credit Card,Shipped
TXN009728,CUST1461,Clothing,Jeans,Hyderabad,3,39327.35,5,Credit Card,Delivered
TXN009729,CUST2905,Home & Kitchen,Cookware Set,Mumbai,2,10204.36,25,Cash on Delivery,Delivered
TXN009730,CUST2298,Home & Kitchen,Vacuum Cleaner,Mumbai,6,40932.54,20,UPI,Delivered
TXN009731,CUST1988,Books,Data Science Guide,Chennai,5,47903.48,15,UPI,Delivered
TXN009732,CUST1875,Books,Novel,Pune,8,30842.32,5,UPI,Delivered
TXN009733,CUST2020,Sports,Football,Mumbai,1,39264.04,15,UPI,Delivered
TXN009734,CUST0461,Clothing,T-Shirt,Hyderabad,10,26675.93,25,Credit Card,Delivered
TXN009735,CUST2949,Home & Kitchen,Cookware Set,Bengaluru,3,29945.36,20,Debit Card,Delivered
TXN009736,CUST0607,Clothing,Shoes,Hyderabad,7,766.29,20,Debit Card,Delivered
TXN009737,CUST0507,Electronics,Laptop,Bengaluru,10,26261.93,25,UPI,Cancelled
TXN009738,CUST1432,Clothing,T-Shirt,Mumbai,4,28820.63,15,Debit Card,Shipped
TXN009739,CUST0384,Electronics,Smartwatch,Hyderabad,10,33535.37,10,Cash on Delivery,Pending
TXN009740,CUST0835,Books,Machine Learning Basics,Mumbai,5,8552.59,20,UPI,Delivered
TXN009741,CUST1164,Books,Python Programming,Pune,8,12144.58,20,Credit Card,Delivered
TXN009742,CUST0740,Sports,Cricket Bat,Bengaluru,1,37824.63,5,UPI,Delivered
TXN009743,CUST0690,Clothing,T-Shirt,Pune,1,8465.18,15,Cash on Delivery,Delivered
TXN009744,CUST2084,Clothing,Shoes,Mumbai,7,20859.7,20,Debit Card,Delivered
TXN009745,CUST1118,Electronics,Laptop,Delhi,9,12599.46,15,Debit Card,Shipped
TXN009746,CUST2308,Books,Python Programming,Coimbatore,4,27304.69,5,Debit Card,Delivered
TXN009747,CUST2717,Electronics,Headphones,Hyderabad,8,49344.86,15,Credit Card,Shipped
TXN009748,CUST2399,Books,Machine Learning Basics,Delhi,10,42616.69,15,UPI,Delivered
TXN009749,CUST0870,Electronics,Laptop,Pune,7,13546.77,5,Credit Card,Pending
TXN009750,CUST2391,Books,Python Programming,Kochi,2,18493.73,20,Cash on Delivery,Shipped
TXN009751,CUST0017,Electronics,Smartwatch,Mumbai,5,45939.82,15,Credit Card,Delivered
TXN009752,CUST2155,Books,Data Science Guide,Mumbai,9,44924.92,10,UPI,Shipped
TXN009753,CUST2338,Electronics,Headphones,Coimbatore,9,8110.35,20,Debit Card,Delivered
TXN009754,CUST0740,Clothing,Jeans,Mumbai,3,41480.63,5,Debit Card,Shipped
TXN009755,CUST1706,Sports,Yoga Mat,Coimbatore,3,14950.63,0,Debit Card,Pending
TXN009756,CUST0315,Electronics,Laptop,Hyderabad,2,27235.78,25,Debit Card,Delivered
TXN009757,CUST1009,Sports,Yoga Mat,Bengaluru,7,354.41,10,Credit Card,Delivered
TXN009758,CUST2041,Clothing,Jeans,Coimbatore,6,49929.65,20,UPI,Delivered
TXN009759,CUST2773,Clothing,Jacket,Coimbatore,5,38078.71,25,UPI,Delivered
TXN009760,CUST0387,Books,Python Programming,Delhi,7,12162.48,5,UPI,Delivered
TXN009761,CUST1347,Sports,Cricket Bat,Mumbai,4,34221.37,10,Credit Card,Delivered
TXN009762,CUST0107,Home & Kitchen,Mixer,Hyderabad,5,14736.04,20,Debit Card,Delivered
TXN009763,CUST1165,Books,Python Programming,Bengaluru,9,4563.85,25,Debit Card,Delivered
TXN009764,CUST2791,Sports,Dumbbells,Chennai,9,21322.97,0,UPI,Shipped
TXN009765,CUST2788,Electronics,Smartwatch,Pune,4,30724.57,20,Debit Card,Pending
TXN009766,CUST0500,Electronics,Smartwatch,Coimbatore,6,4579.9,0,Credit Card,Delivered
TXN009767,CUST1615,Clothing,Jacket,Chennai,2,25968.47,0,Cash on Delivery,Delivered
TXN009768,CUST1531,Home & Kitchen,Mixer,Mumbai,3,25791.73,15,Debit Card,Pending
TXN009769,CUST2419,Electronics,Smartwatch,Pune,9,31469.4,5,Cash on Delivery,Delivered
TXN009770,CUST0435,Sports,Yoga Mat,Coimbatore,6,12307.82,15,Cash on Delivery,Delivered
TXN009771,CUST1326,Sports,Football,Kochi,8,1130.01,0,Cash on Delivery,Delivered
TXN009772,CUST0630,Electronics,Headphones,Kochi,5,16310.39,5,Debit Card,Delivered
TXN009773,CUST0119,Sports,Yoga Mat,Chennai,2,19989.2,5,Cash on Delivery,Delivered
TXN009774,CUST0333,Sports,Yoga Mat,Delhi,7,31823.48,5,Debit Card,Delivered
TXN009775,CUST1886,Clothing,Jacket,Chennai,6,46515.58,10,UPI,Shipped
TXN009776,CUST2899,Home & Kitchen,Vacuum Cleaner,Pune,2,10248.94,20,Credit Card,Delivered
TXN009777,CUST2702,Clothing,Jacket,Delhi,6,34397.95,0,Cash on Delivery,Delivered
TXN009778,CUST1966,Home & Kitchen,Table Lamp,Pune,8,4960.31,5,Cash on Delivery,Delivered
TXN009779,CUST1860,Sports,Cricket Bat,Bengaluru,1,9612.03,25,UPI,Delivered
TXN009780,CUST2574,Home & Kitchen,Cookware Set,Mumbai,4,25505.81,10,Credit Card,Pending
TXN009781,CUST1104,Sports,Yoga Mat,Kochi,1,35448.04,10,UPI,Delivered
TXN009782,CUST2434,Sports,Cricket Bat,Hyderabad,2,42942.57,25,Credit Card,Delivered
TXN009783,CUST2696,Clothing,Shoes,Chennai,1,37220.78,0,Cash on Delivery,Shipped
TXN009784,CUST0024,Clothing,Jeans,Coimbatore,6,866.1,15,Credit Card,Delivered
TXN009785,CUST1350,Books,Novel,Pune,6,34228.17,10,UPI,Delivered
TXN009786,CUST0180,Electronics,Smartphone,Pune,1,41250.42,0,Cash on Delivery,Delivered
TXN009787,CUST2688,Books,Python Programming,Mumbai,4,26324.12,10,UPI,Delivered
TXN009788,CUST2550,Books,Machine Learning Basics,Chennai,4,48283.37,0,Cash on Delivery,Delivered
TXN009789,CUST1856,Home & Kitchen,Cookware Set,Coimbatore,8,315.19,5,Debit Card,Delivered
TXN009790,CUST1331,Sports,Cricket Bat,Coimbatore,6,40951.03,15,Cash on Delivery,Pending
TXN009791,CUST2997,Sports,Football,Pune,2,16807.5,25,Credit Card,Delivered
TXN009792,CUST2332,Sports,Dumbbells,Hyderabad,5,32557.44,10,Credit Card,Shipped
TXN009793,CUST0530,Electronics,Headphones,Pune,4,34704.75,25,Credit Card,Shipped
TXN009794,CUST0866,Home & Kitchen,Table Lamp,Hyderabad,10,15381.83,10,Credit Card,Cancelled
TXN009795,CUST0200,Home & Kitchen,Table Lamp,Pune,4,49771.68,10,Credit Card,Delivered
TXN009796,CUST2637,Sports,Football,Pune,8,5252.18,20,Debit Card,Delivered
TXN009797,CUST1159,Books,Python Programming,Coimbatore,5,7935.75,20,Cash on Delivery,Delivered
TXN009798,CUST1324,Electronics,Headphones,Hyderabad,3,44620.37,25,Cash on Delivery,Delivered
TXN009799,CUST0228,Books,Machine Learning Basics,Coimbatore,10,6047.08,5,Debit Card,Pending
TXN009800,CUST0290,Clothing,Shoes,Chennai,4,19126.18,10,Debit Card,Shipped
TXN009801,CUST2242,Home & Kitchen,Cookware Set,Pune,1,36683.8,15,Credit Card,Pending
TXN009802,CUST2467,Home & Kitchen,Table Lamp,Bengaluru,6,39595.44,20,UPI,Delivered
TXN009803,CUST1563,Books,Python Programming,Hyderabad,10,47737.99,0,UPI,Delivered
TXN009804,CUST0380,Electronics,Headphones,Delhi,4,39499.73,0,Credit Card,Delivered
TXN009805,CUST1634,Home & Kitchen,Table Lamp,Kochi,6,42242.17,0,Debit Card,Pending
TXN009806,CUST1046,Books,Data Science Guide,Delhi,2,47473.86,5,Cash on Delivery,Shipped
TXN009807,CUST0730,Electronics,Headphones,Delhi,5,27729.02,10,UPI,Delivered
TXN009808,CUST0984,Books,Novel,Bengaluru,9,17237.33,10,UPI,Delivered
TXN009809,CUST1634,Electronics,Laptop,Coimbatore,8,38104.5,25,Debit Card,Pending
TXN009810,CUST0366,Sports,Cricket Bat,Coimbatore,3,8260.73,20,Credit Card,Delivered
TXN009811,CUST0085,Electronics,Smartphone,Kochi,1,3504.76,0,Cash on Delivery,Shipped
TXN009812,CUST0853,Clothing,Shoes,Kochi,10,39288.01,5,Credit Card,Pending
TXN009813,CUST0668,Sports,Yoga Mat,Mumbai,3,47538.5,25,Credit Card,Delivered
TXN009814,CUST1592,Books,Data Science Guide,Kochi,8,22178.1,15,Credit Card,Pending
TXN009815,CUST1649,Sports,Yoga Mat,Delhi,3,8140.56,10,Credit Card,Cancelled
TXN009816,CUST1168,Sports,Football,Delhi,5,24901.35,10,UPI,Delivered
TXN009817,CUST2651,Books,Data Science Guide,Coimbatore,2,19726.56,5,Debit Card,Delivered
TXN009818,CUST2680,Books,Data Science Guide,Delhi,1,18686.45,25,Cash on Delivery,Cancelled
TXN009819,CUST0632,Clothing,Shoes,Coimbatore,10,31441.23,25,UPI,Cancelled
TXN009820,CUST0494,Books,Data Science Guide,Pune,5,8819.31,20,Cash on Delivery,Delivered
TXN009821,CUST1223,Home & Kitchen,Cookware Set,Pune,5,19086.03,5,Cash on Delivery,Shipped
TXN009822,CUST2011,Home & Kitchen,Cookware Set,Coimbatore,6,43446.97,25,UPI,Delivered
TXN009823,CUST1771,Clothing,T-Shirt,Hyderabad,2,36510.29,20,UPI,Delivered
TXN009824,CUST1271,Electronics,Laptop,Coimbatore,9,2873.86,25,Cash on Delivery,Pending
TXN009825,CUST2806,Electronics,Smartphone,Chennai,2,25743.8,10,Cash on Delivery,Delivered
TXN009826,CUST2472,Home & Kitchen,Table Lamp,Chennai,2,4655.64,20,Debit Card,Delivered
TXN009827,CUST0538,Books,Python Programming,Chennai,5,47879.07,25,UPI,Pending
TXN009828,CUST1471,Clothing,Shoes,Chennai,9,12307.57,20,UPI,Delivered
TXN009829,CUST2726,Electronics,Laptop,Bengaluru,4,46637.79,20,Cash on Delivery,Cancelled
TXN009830,CUST0394,Electronics,Laptop,Mumbai,6,41717.02,25,Cash on Delivery,Delivered
TXN009831,CUST1506,Sports,Football,Mumbai,2,27613.09,20,Credit Card,Delivered
TXN009832,CUST2100,Home & Kitchen,Mixer,Coimbatore,4,16881.6,0,Cash on Delivery,Delivered
TXN009833,CUST0819,Books,Data Science Guide,Pune,9,42911.54,0,Cash on Delivery,Delivered
TXN009834,CUST2006,Clothing,Jeans,Delhi,2,7723.91,25,Debit Card,Shipped
TXN009835,CUST1825,Electronics,Laptop,Chennai,1,9080.71,0,Cash on Delivery,Delivered
TXN009836,CUST1590,Sports,Cricket Bat,Mumbai,4,11313.66,0,Credit Card,Delivered
TXN009837,CUST1952,Home & Kitchen,Mixer,Mumbai,4,29925.08,5,Credit Card,Pending
TXN009838,CUST1100,Home & Kitchen,Mixer,Chennai,1,15784.83,15,UPI,Delivered
TXN009839,CUST2307,Clothing,T-Shirt,Pune,4,49460.15,25,Credit Card,Shipped
TXN009840,CUST2459,Electronics,Laptop,Bengaluru,3,9836.14,20,UPI,Delivered
TXN009841,CUST1733,Clothing,Jeans,Bengaluru,2,40299.94,5,Cash on Delivery,Delivered
TXN009842,CUST0370,Clothing,Jeans,Kochi,10,4882.23,25,Credit Card,Delivered
TXN009843,CUST1731,Sports,Cricket Bat,Mumbai,4,17736.98,0,Debit Card,Delivered
TXN009844,CUST1509,Home & Kitchen,Mixer,Kochi,8,12263.75,20,Debit Card,Pending
TXN009845,CUST2515,Books,Python Programming,Bengaluru,7,48844.11,15,Credit Card,Shipped
TXN009846,CUST0764,Home & Kitchen,Table Lamp,Hyderabad,9,1383.96,25,UPI,Shipped
TXN009847,CUST1779,Home & Kitchen,Table Lamp,Chennai,8,36111.31,20,UPI,Delivered
TXN009848,CUST2584,Sports,Dumbbells,Pune,1,12461.33,10,UPI,Delivered
TXN009849,CUST1745,Books,Novel,Mumbai,2,40581.31,10,Credit Card,Delivered
TXN009850,CUST0381,Electronics,Smartphone,Chennai,2,15630.1,25,Cash on Delivery,Shipped
TXN009851,CUST0166,Books,Python Programming,Bengaluru,8,9445.48,5,Cash on Delivery,Cancelled
TXN009852,CUST2103,Electronics,Smartphone,Chennai,4,34682.69,15,Cash on Delivery,Delivered
TXN009853,CUST1400,Books,Novel,Bengaluru,9,12953.07,5,UPI,Delivered
TXN009854,CUST1899,Clothing,Shoes,Pune,2,24328.79,20,Credit Card,Cancelled
TXN009855,CUST2771,Books,Python Programming,Bengaluru,4,6663.52,15,Debit Card,Delivered
TXN009856,CUST0919,Sports,Cricket Bat,Chennai,1,36257.44,25,Cash on Delivery,Delivered
TXN009857,CUST2653,Electronics,Smartphone,Pune,3,20401.13,5,Cash on Delivery,Delivered
TXN009858,CUST2811,Home & Kitchen,Vacuum Cleaner,Bengaluru,6,7114.93,20,UPI,Delivered
TXN009859,CUST2924,Sports,Football,Kochi,9,37105.59,0,Cash on Delivery,Delivered
TXN009860,CUST0636,Electronics,Headphones,Hyderabad,1,5257.77,20,Credit Card,Delivered
TXN009861,CUST2029,Electronics,Smartwatch,Coimbatore,5,28783.54,5,Cash on Delivery,Delivered
TXN009862,CUST2160,Home & Kitchen,Mixer,Chennai,2,30413.51,25,UPI,Delivered
TXN009863,CUST2579,Clothing,Jacket,Coimbatore,7,46524.49,25,Credit Card,Shipped
TXN009864,CUST2652,Sports,Cricket Bat,Chennai,4,7633.93,15,UPI,Delivered
TXN009865,CUST2150,Home & Kitchen,Cookware Set,Bengaluru,5,32701.98,15,Debit Card,Pending
TXN009866,CUST0344,Home & Kitchen,Vacuum Cleaner,Bengaluru,8,19100.35,0,Cash on Delivery,Delivered
TXN009867,CUST1191,Clothing,Jacket,Pune,2,20100.64,5,Credit Card,Delivered
TXN009868,CUST1918,Sports,Football,Mumbai,3,25141.08,25,Credit Card,Cancelled
TXN009869,CUST1792,Home & Kitchen,Mixer,Hyderabad,5,11765.85,25,Cash on Delivery,Cancelled
TXN009870,CUST0325,Clothing,T-Shirt,Kochi,10,23113.04,0,Debit Card,Delivered
TXN009871,CUST1957,Sports,Dumbbells,Mumbai,4,34373.62,10,Debit Card,Delivered
TXN009872,CUST1231,Books,Machine Learning Basics,Coimbatore,5,22909.94,25,Cash on Delivery,Delivered
TXN009873,CUST0609,Electronics,Smartwatch,Bengaluru,3,2221.17,20,Cash on Delivery,Shipped
TXN009874,CUST0524,Clothing,Jeans,Mumbai,9,12965.53,10,Cash on Delivery,Pending
TXN009875,CUST2803,Electronics,Laptop,Bengaluru,8,17637.86,10,UPI,Delivered
TXN009876,CUST1231,Books,Machine Learning Basics,Chennai,6,17800.58,0,Credit Card,Delivered
TXN009877,CUST1019,Home & Kitchen,Vacuum Cleaner,Mumbai,1,4142.24,0,Credit Card,Shipped
TXN009878,CUST2143,Home & Kitchen,Table Lamp,Coimbatore,4,22533.57,20,Cash on Delivery,Delivered
TXN009879,CUST1752,Sports,Yoga Mat,Pune,7,34628.26,0,UPI,Delivered
TXN009880,CUST1211,Clothing,T-Shirt,Mumbai,10,2528.73,0,UPI,Delivered
TXN009881,CUST2329,Clothing,T-Shirt,Bengaluru,5,37571.12,0,Credit Card,Delivered
TXN009882,CUST0196,Sports,Cricket Bat,Delhi,4,47759.75,25,Debit Card,Delivered
TXN009883,CUST2257,Electronics,Laptop,Delhi,9,565.97,0,Cash on Delivery,Delivered
TXN009884,CUST0314,Home & Kitchen,Mixer,Pune,8,9765.25,0,Cash on Delivery,Shipped
TXN009885,CUST0185,Home & Kitchen,Table Lamp,Pune,3,27220.04,10,UPI,Delivered
TXN009886,CUST2103,Clothing,Shoes,Hyderabad,6,10980.67,10,Credit Card,Pending
TXN009887,CUST0441,Clothing,Jeans,Pune,4,38254.84,20,UPI,Pending
TXN009888,CUST2092,Sports,Cricket Bat,Bengaluru,7,15675.5,15,Debit Card,Cancelled
TXN009889,CUST1741,Books,Machine Learning Basics,Kochi,1,14751.9,20,Credit Card,Delivered
TXN009890,CUST1692,Electronics,Headphones,Chennai,1,146.1,25,Cash on Delivery,Delivered
TXN009891,CUST0388,Books,Machine Learning Basics,Mumbai,6,13579.3,25,Credit Card,Delivered
TXN009892,CUST1904,Books,Novel,Pune,10,10961.76,25,Credit Card,Delivered
TXN009893,CUST2707,Clothing,Shoes,Delhi,7,17227.72,5,Cash on Delivery,Delivered
TXN009894,CUST2951,Clothing,T-Shirt,Chennai,9,7468.07,20,Debit Card,Delivered
TXN009895,CUST2329,Clothing,Jacket,Kochi,7,29772.97,20,UPI,Delivered
TXN009896,CUST1038,Books,Python Programming,Bengaluru,9,12013.2,0,Debit Card,Delivered
TXN009897,CUST1456,Electronics,Smartphone,Chennai,10,41604.37,0,Debit Card,Delivered
TXN009898,CUST1044,Clothing,Shoes,Bengaluru,9,14299.44,0,Debit Card,Pending
TXN009899,CUST2399,Home & Kitchen,Table Lamp,Kochi,8,10622.39,15,Credit Card,Cancelled
TXN009900,CUST0335,Electronics,Smartwatch,Kochi,7,2931.89,25,Debit Card,Delivered
TXN009901,CUST2063,Home & Kitchen,Table Lamp,Hyderabad,3,37021.34,0,Credit Card,Delivered
TXN009902,CUST0067,Electronics,Headphones,Mumbai,3,25459.59,5,Credit Card,Pending
TXN009903,CUST0467,Clothing,T-Shirt,Chennai,5,5777.77,10,UPI,Delivered
TXN009904,CUST2710,Sports,Cricket Bat,Kochi,7,11144.61,5,UPI,Delivered
TXN009905,CUST1896,Clothing,T-Shirt,Mumbai,10,49936.08,15,Debit Card,Cancelled
TXN009906,CUST0736,Books,Novel,Chennai,7,40320.83,0,Credit Card,Shipped
TXN009907,CUST0747,Books,Machine Learning Basics,Bengaluru,1,17558.49,20,Cash on Delivery,Delivered
TXN009908,CUST1610,Electronics,Headphones,Kochi,8,27173.49,10,Credit Card,Delivered
TXN009909,CUST0186,Books,Python Programming,Bengaluru,1,20859.26,25,UPI,Delivered
TXN009910,CUST0342,Clothing,T-Shirt,Chennai,4,1915.84,15,Cash on Delivery,Delivered
TXN009911,CUST1705,Home & Kitchen,Cookware Set,Hyderabad,2,38955.98,5,Credit Card,Delivered
TXN009912,CUST2886,Clothing,Jacket,Bengaluru,5,35877.61,0,Debit Card,Delivered
TXN009913,CUST1220,Electronics,Smartphone,Coimbatore,6,20499.24,15,Credit Card,Delivered
TXN009914,CUST1286,Books,Novel,Coimbatore,4,42310.27,15,Cash on Delivery,Delivered
TXN009915,CUST2406,Home & Kitchen,Vacuum Cleaner,Mumbai,4,26783.48,20,Debit Card,Delivered
TXN009916,CUST2966,Sports,Cricket Bat,Pune,7,3353.9,25,Cash on Delivery,Delivered
TXN009917,CUST1864,Home & Kitchen,Table Lamp,Coimbatore,4,13044.37,20,UPI,Delivered
TXN009918,CUST2746,Home & Kitchen,Vacuum Cleaner,Coimbatore,2,23142.46,20,UPI,Shipped
TXN009919,CUST1843,Clothing,Shoes,Hyderabad,4,5262.12,25,Credit Card,Delivered
TXN009920,CUST2556,Sports,Cricket Bat,Hyderabad,7,28596.95,5,Credit Card,Pending
TXN009921,CUST1086,Electronics,Smartphone,Pune,1,6116.35,20,UPI,Delivered
TXN009922,CUST1399,Electronics,Headphones,Delhi,4,10105.36,25,Cash on Delivery,Shipped
TXN009923,CUST0767,Home & Kitchen,Cookware Set,Pune,6,44709.78,15,Cash on Delivery,Delivered
TXN009924,CUST0865,Home & Kitchen,Table Lamp,Delhi,8,49990.64,15,Debit Card,Delivered
TXN009925,CUST0759,Books,Novel,Hyderabad,8,27557.64,25,Debit Card,Shipped
TXN009926,CUST0321,Sports,Football,Delhi,9,31020.47,15,Debit Card,Cancelled
TXN009927,CUST2475,Home & Kitchen,Vacuum Cleaner,Hyderabad,5,39891.81,10,UPI,Shipped
TXN009928,CUST1063,Books,Data Science Guide,Delhi,2,34837.36,10,UPI,Delivered
TXN009929,CUST2759,Sports,Dumbbells,Bengaluru,3,9205.08,25,UPI,Delivered
TXN009930,CUST0436,Electronics,Smartwatch,Hyderabad,2,20642.41,25,Credit Card,Delivered
TXN009931,CUST1777,Books,Data Science Guide,Pune,9,26802.31,5,Cash on Delivery,Shipped
TXN009932,CUST2189,Sports,Dumbbells,Mumbai,6,18049.63,25,UPI,Delivered
TXN009933,CUST0074,Books,Novel,Mumbai,1,8887.7,20,Debit Card,Delivered
TXN009934,CUST0024,Home & Kitchen,Mixer,Hyderabad,3,36832.06,15,Debit Card,Delivered
TXN009935,CUST1618,Clothing,Jeans,Coimbatore,7,10022.44,20,UPI,Delivered
TXN009936,CUST0478,Electronics,Smartwatch,Kochi,7,13098.25,25,UPI,Delivered
TXN009937,CUST0055,Home & Kitchen,Mixer,Mumbai,5,14397.33,15,Cash on Delivery,Delivered
TXN009938,CUST0704,Home & Kitchen,Table Lamp,Pune,3,8172.78,10,Debit Card,Delivered
TXN009939,CUST2687,Sports,Dumbbells,Coimbatore,7,42492.63,15,Cash on Delivery,Delivered
TXN009940,CUST1955,Books,Python Programming,Mumbai,5,30569.75,5,UPI,Delivered
TXN009941,CUST1885,Electronics,Headphones,Kochi,6,41753.93,0,Cash on Delivery,Cancelled
TXN009942,CUST2834,Home & Kitchen,Mixer,Chennai,3,24737.09,15,Credit Card,Delivered
TXN009943,CUST1660,Sports,Yoga Mat,Chennai,6,26026.2,25,UPI,Delivered
TXN009944,CUST2695,Electronics,Smartwatch,Hyderabad,7,30845.62,5,Debit Card,Delivered
TXN009945,CUST2466,Books,Data Science Guide,Kochi,8,18608.89,10,Debit Card,Pending
TXN009946,CUST2974,Home & Kitchen,Vacuum Cleaner,Pune,2,24879.55,10,Cash on Delivery,Delivered
TXN009947,CUST1994,Home & Kitchen,Table Lamp,Pune,2,27391.06,0,UPI,Delivered
TXN009948,CUST1241,Home & Kitchen,Mixer,Mumbai,6,47681.77,25,Debit Card,Delivered
TXN009949,CUST2534,Electronics,Smartwatch,Bengaluru,8,44157.12,20,Cash on Delivery,Delivered
TXN009950,CUST2527,Electronics,Smartwatch,Coimbatore,5,6549.37,20,Cash on Delivery,Delivered
TXN009951,CUST1478,Electronics,Smartphone,Kochi,1,2160.0,15,UPI,Delivered
TXN009952,CUST2829,Electronics,Laptop,Mumbai,1,34048.66,10,Debit Card,Cancelled
TXN009953,CUST2760,Sports,Football,Hyderabad,10,2555.01,5,Debit Card,Delivered
TXN009954,CUST2828,Clothing,T-Shirt,Kochi,9,3111.52,0,Debit Card,Delivered
TXN009955,CUST2766,Sports,Cricket Bat,Coimbatore,4,8047.24,20,UPI,Cancelled
TXN009956,CUST1618,Home & Kitchen,Cookware Set,Delhi,10,17650.18,15,UPI,Shipped
TXN009957,CUST1240,Sports,Dumbbells,Hyderabad,1,21806.31,15,UPI,Delivered
TXN009958,CUST0359,Books,Machine Learning Basics,Mumbai,8,26016.96,10,Credit Card,Delivered
TXN009959,CUST0513,Electronics,Smartwatch,Bengaluru,2,49615.18,5,Cash on Delivery,Shipped
TXN009960,CUST0554,Books,Data Science Guide,Kochi,2,19323.11,5,Credit Card,Delivered
TXN009961,CUST0057,Books,Novel,Delhi,1,12213.38,20,Credit Card,Shipped
TXN009962,CUST0782,Home & Kitchen,Mixer,Hyderabad,1,28805.1,15,Debit Card,Delivered
TXN009963,CUST0459,Electronics,Headphones,Mumbai,9,10836.03,10,Debit Card,Delivered
TXN009964,CUST0066,Books,Python Programming,Chennai,1,47033.12,5,Cash on Delivery,Delivered
TXN009965,CUST2851,Home & Kitchen,Mixer,Pune,6,13036.79,15,Cash on Delivery,Shipped
TXN009966,CUST0771,Electronics,Headphones,Mumbai,7,49497.71,5,UPI,Cancelled
TXN009967,CUST0110,Clothing,Jeans,Chennai,4,20991.54,0,Debit Card,Delivered
TXN009968,CUST0858,Home & Kitchen,Mixer,Chennai,5,40653.03,5,Credit Card,Delivered
TXN009969,CUST1971,Sports,Dumbbells,Hyderabad,4,32449.19,5,Cash on Delivery,Delivered
TXN009970,CUST2657,Electronics,Headphones,Mumbai,4,46681.36,15,Cash on Delivery,Shipped
TXN009971,CUST0595,Books,Machine Learning Basics,Pune,10,31308.8,5,Credit Card,Delivered
TXN009972,CUST2662,Books,Machine Learning Basics,Mumbai,1,29102.78,5,UPI,Delivered
TXN009973,CUST0991,Sports,Cricket Bat,Chennai,6,32677.34,0,Debit Card,Shipped
TXN009974,CUST1785,Sports,Dumbbells,Coimbatore,10,39344.63,5,Debit Card,Delivered
TXN009975,CUST2565,Books,Novel,Delhi,10,44952.2,5,Credit Card,Delivered
TXN009976,CUST2207,Electronics,Smartwatch,Bengaluru,7,13414.06,15,UPI,Delivered
TXN009977,CUST0782,Home & Kitchen,Vacuum Cleaner,Mumbai,7,10124.27,10,Credit Card,Delivered
TXN009978,CUST0353,Sports,Cricket Bat,Delhi,8,1814.05,0,Debit Card,Delivered
TXN009979,CUST1233,Sports,Football,Delhi,7,18566.95,5,Credit Card,Delivered
TXN009980,CUST1899,Sports,Dumbbells,Kochi,6,42324.63,10,Credit Card,Delivered
TXN009981,CUST0607,Clothing,Jacket,Coimbatore,8,3585.89,15,Debit Card,Delivered
TXN009982,CUST1942,Electronics,Smartwatch,Delhi,3,26972.15,0,Debit Card,Pending
TXN009983,CUST1729,Electronics,Laptop,Mumbai,9,34769.95,25,Debit Card,Pending
TXN009984,CUST0090,Electronics,Smartphone,Hyderabad,3,41858.97,15,Credit Card,Delivered
TXN009985,CUST0478,Electronics,Smartphone,Hyderabad,4,29213.17,10,Credit Card,Delivered
TXN009986,CUST0681,Electronics,Laptop,Kochi,10,9397.37,0,Credit Card,Cancelled
TXN009987,CUST0625,Books,Machine Learning Basics,Delhi,6,48230.36,5,UPI,Delivered
TXN009988,CUST2878,Sports,Cricket Bat,Mumbai,8,4823.11,10,Cash on Delivery,Pending
TXN009989,CUST1824,Books,Novel,Mumbai,3,38473.08,15,UPI,Delivered
TXN009990,CUST1987,Clothing,Jeans,Chennai,10,4419.31,0,Cash on Delivery,Delivered
TXN009991,CUST1932,Home & Kitchen,Table Lamp,Coimbatore,6,7256.61,10,Debit Card,Delivered
TXN009992,CUST0081,Sports,Yoga Mat,Pune,5,44920.96,25,Cash on Delivery,Delivered
TXN009993,CUST1842,Clothing,Jeans,Bengaluru,5,37678.43,10,UPI,Delivered
TXN009994,CUST2398,Books,Data Science Guide,Pune,5,18338.86,15,Debit Card,Delivered
TXN009995,CUST0994,Home & Kitchen,Cookware Set,Kochi,9,31972.35,15,Cash on Delivery,Shipped
TXN009996,CUST0825,Clothing,Shoes,Chennai,7,22916.64,5,Cash on Delivery,Pending
TXN009997,CUST1208,Home & Kitchen,Vacuum Cleaner,Bengaluru,9,3420.23,5,Cash on Delivery,Cancelled
TXN009998,CUST2333,Clothing,T-Shirt,Pune,9,36084.27,10,Credit Card,Delivered
TXN009999,CUST1605,Books,Novel,Mumbai,6,38186.46,15,Debit Card,Delivered
TXN010000,CUST0209,Home & Kitchen,Mixer,Hyderabad,6,44128.84,10,Credit Card,Pending
